productId,name,card_number,rarity,card_type,hp,stage,retreat_cost,weakness,resistance,set_name,release_date,printing_type,market_price_usd
106996,Alakazam,001/102,Holo Rare,Psychic,80,Stage 2,3,P,,Base Set (Shadowless),1999-01-09,1st Edition Holofoil,328.13
106996,Alakazam,001/102,Holo Rare,Psychic,80,Stage 2,3,P,,Base Set (Shadowless),1999-01-09,Unlimited Holofoil,305.49
106997,Blastoise,002/102,Holo Rare,Water,100,Stage 2,3,L,,Base Set (Shadowless),1999-01-09,1st Edition Holofoil,1300.0
106997,Blastoise,002/102,Holo Rare,Water,100,Stage 2,3,L,,Base Set (Shadowless),1999-01-09,Unlimited Holofoil,894.04
106998,Chansey,003/102,Holo Rare,Psychic,120,Basic,1,F,P-30,Base Set (Shadowless),1999-01-09,1st Edition Holofoil,400.0
106998,Chansey,003/102,Holo Rare,Psychic,120,Basic,1,F,P-30,Base Set (Shadowless),1999-01-09,Unlimited Holofoil,96.25
106999,Charizard,004/102,Holo Rare,Fire,120,Stage 2,3,W,F-30,Base Set (Shadowless),1999-01-09,Unlimited Holofoil,1163.6
107000,Gyarados,006/102,Holo Rare,Water,100,Stage 1,3,G,F-30,Base Set (Shadowless),1999-01-09,1st Edition Holofoil,600.0
107000,Gyarados,006/102,Holo Rare,Water,100,Stage 1,3,G,F-30,Base Set (Shadowless),1999-01-09,Unlimited Holofoil,120.41
107001,Clefairy,005/102,Holo Rare,Colorless,40,Basic,1,F,P-30,Base Set (Shadowless),1999-01-09,1st Edition Holofoil,335.47
107001,Clefairy,005/102,Holo Rare,Colorless,40,Basic,1,F,P-30,Base Set (Shadowless),1999-01-09,Unlimited Holofoil,199.0
107002,Hitmonchan,007/102,Holo Rare,Fighting,70,Basic,2,P,,Base Set (Shadowless),1999-01-09,1st Edition Holofoil,292.5
107002,Hitmonchan,007/102,Holo Rare,Fighting,70,Basic,2,P,,Base Set (Shadowless),1999-01-09,Unlimited Holofoil,97.09
107003,Magneton,009/102,Holo Rare,Lightning,60,Stage 1,1,F,,Base Set (Shadowless),1999-01-09,1st Edition Holofoil,407.5
107003,Magneton,009/102,Holo Rare,Lightning,60,Stage 1,1,F,,Base Set (Shadowless),1999-01-09,Unlimited Holofoil,73.99
107005,Mewtwo,010/102,Holo Rare,Psychic,60,Basic,3,P,,Base Set (Shadowless),1999-01-09,Unlimited Holofoil,316.74
107006,Nidoking,011/102,Holo Rare,Grass,90,Stage 2,3,P,,Base Set (Shadowless),1999-01-09,1st Edition Holofoil,329.99
107006,Nidoking,011/102,Holo Rare,Grass,90,Stage 2,3,P,,Base Set (Shadowless),1999-01-09,Unlimited Holofoil,162.74
107007,Poliwrath,013/102,Holo Rare,Water,90,Stage 2,3,G,,Base Set (Shadowless),1999-01-09,1st Edition Holofoil,499.0
107007,Poliwrath,013/102,Holo Rare,Water,90,Stage 2,3,G,,Base Set (Shadowless),1999-01-09,Unlimited Holofoil,158.64
107008,Ninetales,012/102,Holo Rare,Fire,80,Stage 1,1,W,,Base Set (Shadowless),1999-01-09,1st Edition Holofoil,800.0
107008,Ninetales,012/102,Holo Rare,Fire,80,Stage 1,1,W,,Base Set (Shadowless),1999-01-09,Unlimited Holofoil,132.73
107009,Raichu,014/102,Holo Rare,Lightning,80,Stage 1,1,F,,Base Set (Shadowless),1999-01-09,1st Edition Holofoil,550.0
107009,Raichu,014/102,Holo Rare,Lightning,80,Stage 1,1,F,,Base Set (Shadowless),1999-01-09,Unlimited Holofoil,253.5
107010,Venusaur,015/102,Holo Rare,Grass,100,Stage 2,2,R,,Base Set (Shadowless),1999-01-09,1st Edition Holofoil,945.83
107010,Venusaur,015/102,Holo Rare,Grass,100,Stage 2,2,R,,Base Set (Shadowless),1999-01-09,Unlimited Holofoil,501.29
107011,Zapdos,016/102,Holo Rare,Lightning,90,Basic,3,,F-30,Base Set (Shadowless),1999-01-09,1st Edition Holofoil,360.0
107011,Zapdos,016/102,Holo Rare,Lightning,90,Basic,3,,F-30,Base Set (Shadowless),1999-01-09,Unlimited Holofoil,185.0
107012,Beedrill,017/102,Rare,Grass,80,Stage 2,0,R,F-30,Base Set (Shadowless),1999-01-09,1st Edition,153.97
107012,Beedrill,017/102,Rare,Grass,80,Stage 2,0,R,F-30,Base Set (Shadowless),1999-01-09,Unlimited,24.91
107013,Dragonair,018/102,Rare,Colorless,80,Stage 1,2,,P-30,Base Set (Shadowless),1999-01-09,1st Edition,183.33
107013,Dragonair,018/102,Rare,Colorless,80,Stage 1,2,,P-30,Base Set (Shadowless),1999-01-09,Unlimited,54.5
107014,Dugtrio,019/102,Rare,Fighting,70,Stage 1,2,G,L-30,Base Set (Shadowless),1999-01-09,1st Edition,138.74
107014,Dugtrio,019/102,Rare,Fighting,70,Stage 1,2,G,L-30,Base Set (Shadowless),1999-01-09,Unlimited,32.73
107015,Electabuzz,020/102,Rare,Lightning,70,Basic,2,F,,Base Set (Shadowless),1999-01-09,1st Edition,145.42
107015,Electabuzz,020/102,Rare,Lightning,70,Basic,2,F,,Base Set (Shadowless),1999-01-09,Unlimited,27.12
107016,Electrode,021/102,Rare,Lightning,80,Stage 1,1,F,,Base Set (Shadowless),1999-01-09,1st Edition,75.23
107016,Electrode,021/102,Rare,Lightning,80,Stage 1,1,F,,Base Set (Shadowless),1999-01-09,Unlimited,26.3
107017,Pidgeotto,022/102,Rare,Colorless,60,Stage 1,1,L,F-30,Base Set (Shadowless),1999-01-09,1st Edition,81.78
107017,Pidgeotto,022/102,Rare,Colorless,60,Stage 1,1,L,F-30,Base Set (Shadowless),1999-01-09,Unlimited,27.21
107018,Arcanine,023/102,Uncommon,Fire,100,Stage 1,3,W,,Base Set (Shadowless),1999-01-09,1st Edition,91.29
107018,Arcanine,023/102,Uncommon,Fire,100,Stage 1,3,W,,Base Set (Shadowless),1999-01-09,Unlimited,44.74
107021,Charmeleon,024/102,Uncommon,Fire,80,Stage 1,1,W,,Base Set (Shadowless),1999-01-09,1st Edition,128.12
107021,Charmeleon,024/102,Uncommon,Fire,80,Stage 1,1,W,,Base Set (Shadowless),1999-01-09,Unlimited,20.17
107022,Dewgong,025/102,Uncommon,Water,80,Stage 1,3,L,,Base Set (Shadowless),1999-01-09,1st Edition,31.65
107022,Dewgong,025/102,Uncommon,Water,80,Stage 1,3,L,,Base Set (Shadowless),1999-01-09,Unlimited,7.95
107023,Dratini,026/102,Uncommon,Colorless,40,Basic,1,,P-30,Base Set (Shadowless),1999-01-09,1st Edition,78.54
107023,Dratini,026/102,Uncommon,Colorless,40,Basic,1,,P-30,Base Set (Shadowless),1999-01-09,Unlimited,13.46
107024,Farfetch'd,027/102,Uncommon,Colorless,50,Basic,1,L,F-30,Base Set (Shadowless),1999-01-09,1st Edition,48.45
107024,Farfetch'd,027/102,Uncommon,Colorless,50,Basic,1,L,F-30,Base Set (Shadowless),1999-01-09,Unlimited,5.91
107025,Growlithe,028/102,Uncommon,Fire,60,Basic,1,W,,Base Set (Shadowless),1999-01-09,1st Edition,67.02
107025,Growlithe,028/102,Uncommon,Fire,60,Basic,1,W,,Base Set (Shadowless),1999-01-09,Unlimited,12.85
107026,Haunter,029/102,Uncommon,Psychic,60,Stage 1,1,,F-30,Base Set (Shadowless),1999-01-09,1st Edition,68.84
107026,Haunter,029/102,Uncommon,Psychic,60,Stage 1,1,,F-30,Base Set (Shadowless),1999-01-09,Unlimited,21.2
107027,Ivysaur,030/102,Uncommon,Grass,60,Stage 1,1,R,,Base Set (Shadowless),1999-01-09,1st Edition,86.67
107027,Ivysaur,030/102,Uncommon,Grass,60,Stage 1,1,R,,Base Set (Shadowless),1999-01-09,Unlimited,18.15
107028,Jynx,031/102,Uncommon,Psychic,70,Basic,2,P,,Base Set (Shadowless),1999-01-09,1st Edition,41.21
107028,Jynx,031/102,Uncommon,Psychic,70,Basic,2,P,,Base Set (Shadowless),1999-01-09,Unlimited,11.81
107029,Kadabra,032/102,Uncommon,Psychic,60,Stage 1,3,P,,Base Set (Shadowless),1999-01-09,1st Edition,86.75
107029,Kadabra,032/102,Uncommon,Psychic,60,Stage 1,3,P,,Base Set (Shadowless),1999-01-09,Unlimited,12.58
107030,Kakuna,033/102,Uncommon,Grass,80,Stage 1,2,R,,Base Set (Shadowless),1999-01-09,1st Edition,20.88
107030,Kakuna,033/102,Uncommon,Grass,80,Stage 1,2,R,,Base Set (Shadowless),1999-01-09,Unlimited,3.07
107031,Machoke,034/102,Uncommon,Fighting,80,Stage 1,3,P,,Base Set (Shadowless),1999-01-09,1st Edition,52.64
107031,Machoke,034/102,Uncommon,Fighting,80,Stage 1,3,P,,Base Set (Shadowless),1999-01-09,Unlimited,4.58
107032,Magikarp,035/102,Uncommon,Water,30,Basic,1,L,,Base Set (Shadowless),1999-01-09,1st Edition,194.75
107032,Magikarp,035/102,Uncommon,Water,30,Basic,1,L,,Base Set (Shadowless),1999-01-09,Unlimited,24.78
107033,Magmar,036/102,Uncommon,Fire,50,Basic,2,W,,Base Set (Shadowless),1999-01-09,1st Edition,34.25
107033,Magmar,036/102,Uncommon,Fire,50,Basic,2,W,,Base Set (Shadowless),1999-01-09,Unlimited,6.73
107034,Nidorino,037/102,Uncommon,Grass,60,Stage 1,1,P,,Base Set (Shadowless),1999-01-09,1st Edition,30.85
107034,Nidorino,037/102,Uncommon,Grass,60,Stage 1,1,P,,Base Set (Shadowless),1999-01-09,Unlimited,8.22
107035,Poliwhirl,038/102,Uncommon,Water,60,Stage 1,1,G,,Base Set (Shadowless),1999-01-09,1st Edition,35.72
107035,Poliwhirl,038/102,Uncommon,Water,60,Stage 1,1,G,,Base Set (Shadowless),1999-01-09,Unlimited,8.89
107036,Porygon,039/102,Uncommon,Colorless,30,Basic,1,F,P-30,Base Set (Shadowless),1999-01-09,1st Edition,32.8
107036,Porygon,039/102,Uncommon,Colorless,30,Basic,1,F,P-30,Base Set (Shadowless),1999-01-09,Unlimited,8.17
107037,Raticate,040/102,Uncommon,Colorless,60,Stage 1,1,F,P-30,Base Set (Shadowless),1999-01-09,1st Edition,24.29
107037,Raticate,040/102,Uncommon,Colorless,60,Stage 1,1,F,P-30,Base Set (Shadowless),1999-01-09,Unlimited,7.34
107038,Seel,041/102,Uncommon,Water,60,Basic,1,L,,Base Set (Shadowless),1999-01-09,1st Edition,24.04
107038,Seel,041/102,Uncommon,Water,60,Basic,1,L,,Base Set (Shadowless),1999-01-09,Unlimited,4.49
107039,Wartortle,042/102,Uncommon,Water,70,Stage 1,1,L,,Base Set (Shadowless),1999-01-09,1st Edition,99.49
107039,Wartortle,042/102,Uncommon,Water,70,Stage 1,1,L,,Base Set (Shadowless),1999-01-09,Unlimited,37.56
107040,Abra,043/102,Common,Psychic,30,Basic,0,P,,Base Set (Shadowless),1999-01-09,1st Edition,43.91
107040,Abra,043/102,Common,Psychic,30,Basic,0,P,,Base Set (Shadowless),1999-01-09,Unlimited,10.76
107041,Bulbasaur,044/102,Common,Grass,40,Basic,1,R,,Base Set (Shadowless),1999-01-09,1st Edition,322.47
107041,Bulbasaur,044/102,Common,Grass,40,Basic,1,R,,Base Set (Shadowless),1999-01-09,Unlimited,20.06
107042,Caterpie,045/102,Common,Grass,40,Basic,1,R,,Base Set (Shadowless),1999-01-09,1st Edition,60.9
107042,Caterpie,045/102,Common,Grass,40,Basic,1,R,,Base Set (Shadowless),1999-01-09,Unlimited,4.39
107043,Charmander,046/102,Common,Fire,50,Basic,1,W,,Base Set (Shadowless),1999-01-09,1st Edition,174.54
107043,Charmander,046/102,Common,Fire,50,Basic,1,W,,Base Set (Shadowless),1999-01-09,Unlimited,11.36
107044,Diglett,047/102,Common,Fighting,30,Basic,,G,L-30,Base Set (Shadowless),1999-01-09,1st Edition,29.63
107044,Diglett,047/102,Common,Fighting,30,Basic,,G,L-30,Base Set (Shadowless),1999-01-09,Unlimited,1.65
107045,Doduo,048/102,Common,Colorless,50,Basic,,L,F-30,Base Set (Shadowless),1999-01-09,1st Edition,22.25
107045,Doduo,048/102,Common,Colorless,50,Basic,,L,F-30,Base Set (Shadowless),1999-01-09,Unlimited,2.35
107046,Drowzee,049/102,Common,Psychic,50,Basic,1,P,,Base Set (Shadowless),1999-01-09,1st Edition,30.7
107046,Drowzee,049/102,Common,Psychic,50,Basic,1,P,,Base Set (Shadowless),1999-01-09,Unlimited,3.31
107047,Gastly,050/102,Common,Psychic,30,Basic,,,F-30,Base Set (Shadowless),1999-01-09,1st Edition,46.59
107047,Gastly,050/102,Common,Psychic,30,Basic,,,F-30,Base Set (Shadowless),1999-01-09,Unlimited,7.14
107048,Koffing,051/102,Common,Grass,50,Basic,1,P,,Base Set (Shadowless),1999-01-09,1st Edition,33.46
107048,Koffing,051/102,Common,Grass,50,Basic,1,P,,Base Set (Shadowless),1999-01-09,Unlimited,7.96
107049,Machop,052/102,Common,Fighting,50,Basic,1,P,,Base Set (Shadowless),1999-01-09,1st Edition,21.12
107049,Machop,052/102,Common,Fighting,50,Basic,1,P,,Base Set (Shadowless),1999-01-09,Unlimited,1.84
107050,Magnemite,053/102,Common,Lightning,40,Basic,1,F,,Base Set (Shadowless),1999-01-09,1st Edition,21.64
107050,Magnemite,053/102,Common,Lightning,40,Basic,1,F,,Base Set (Shadowless),1999-01-09,Unlimited,3.11
107051,Metapod,054/102,Common,Grass,70,Stage 1,2,R,,Base Set (Shadowless),1999-01-09,1st Edition,27.51
107051,Metapod,054/102,Common,Grass,70,Stage 1,2,R,,Base Set (Shadowless),1999-01-09,Unlimited,4.89
107052,Nidoran M,055/102,Common,Grass,40,Basic,1,P,,Base Set (Shadowless),1999-01-09,1st Edition,27.06
107052,Nidoran M,055/102,Common,Grass,40,Basic,1,P,,Base Set (Shadowless),1999-01-09,Unlimited,2.83
107053,Onix,056/102,Common,Fighting,90,Basic,3,G,,Base Set (Shadowless),1999-01-09,1st Edition,27.19
107053,Onix,056/102,Common,Fighting,90,Basic,3,G,,Base Set (Shadowless),1999-01-09,Unlimited,4.44
107054,Pidgey,057/102,Common,Colorless,40,Basic,1,L,F-30,Base Set (Shadowless),1999-01-09,1st Edition,39.87
107054,Pidgey,057/102,Common,Colorless,40,Basic,1,L,F-30,Base Set (Shadowless),1999-01-09,Unlimited,4.92
107055,Pikachu,058/102,Common,Lightning,40,Basic,1,F,,Base Set (Shadowless),1999-01-09,1st Edition,182.04
107055,Pikachu,058/102,Common,Lightning,40,Basic,1,F,,Base Set (Shadowless),1999-01-09,Unlimited,47.73
107056,Poliwag,059/102,Common,Water,40,Basic,1,G,,Base Set (Shadowless),1999-01-09,1st Edition,28.81
107056,Poliwag,059/102,Common,Water,40,Basic,1,G,,Base Set (Shadowless),1999-01-09,Unlimited,3.56
107057,Ponyta,060/102,Common,Fire,40,Basic,1,W,,Base Set (Shadowless),1999-01-09,1st Edition,29.57
107057,Ponyta,060/102,Common,Fire,40,Basic,1,W,,Base Set (Shadowless),1999-01-09,Unlimited,2.23
107058,Rattata,061/102,Common,Colorless,30,Basic,,F,P-30,Base Set (Shadowless),1999-01-09,1st Edition,29.12
107058,Rattata,061/102,Common,Colorless,30,Basic,,F,P-30,Base Set (Shadowless),1999-01-09,Unlimited,3.48
107059,Sandshrew,062/102,Common,Fighting,40,Basic,1,G,L-30,Base Set (Shadowless),1999-01-09,1st Edition,34.08
107059,Sandshrew,062/102,Common,Fighting,40,Basic,1,G,L-30,Base Set (Shadowless),1999-01-09,Unlimited,3.34
107060,Squirtle,063/102,Common,Water,40,Basic,1,L,,Base Set (Shadowless),1999-01-09,1st Edition,124.46
107060,Squirtle,063/102,Common,Water,40,Basic,1,L,,Base Set (Shadowless),1999-01-09,Unlimited,35.69
107061,Starmie,064/102,Common,Water,60,Stage 1,1,L,,Base Set (Shadowless),1999-01-09,1st Edition,47.27
107061,Starmie,064/102,Common,Water,60,Stage 1,1,L,,Base Set (Shadowless),1999-01-09,Unlimited,4.91
107062,Staryu,065/102,Common,Water,40,Basic,1,L,,Base Set (Shadowless),1999-01-09,1st Edition,20.51
107062,Staryu,065/102,Common,Water,40,Basic,1,L,,Base Set (Shadowless),1999-01-09,Unlimited,1.62
107063,Tangela,066/102,Common,Grass,50,Basic,2,R,,Base Set (Shadowless),1999-01-09,1st Edition,27.77
107063,Tangela,066/102,Common,Grass,50,Basic,2,R,,Base Set (Shadowless),1999-01-09,Unlimited,3.6
107064,Voltorb,067/102,Common,Lightning,40,Basic,1,F,,Base Set (Shadowless),1999-01-09,1st Edition,28.46
107064,Voltorb,067/102,Common,Lightning,40,Basic,1,F,,Base Set (Shadowless),1999-01-09,Unlimited,11.75
107065,Vulpix,068/102,Common,Fire,50,Basic,1,W,,Base Set (Shadowless),1999-01-09,1st Edition,37.81
107065,Vulpix,068/102,Common,Fire,50,Basic,1,W,,Base Set (Shadowless),1999-01-09,Unlimited,6.0
107066,Weedle,069/102,Common,Grass,40,Basic,1,R,,Base Set (Shadowless),1999-01-09,1st Edition,55.21
107066,Weedle,069/102,Common,Grass,40,Basic,1,R,,Base Set (Shadowless),1999-01-09,Unlimited,3.35
107067,Clefairy Doll,070/102,Rare,Trainer,10,,,,,Base Set (Shadowless),1999-01-09,1st Edition,76.59
107067,Clefairy Doll,070/102,Rare,Trainer,10,,,,,Base Set (Shadowless),1999-01-09,Unlimited,12.13
147229,Pikachu (Red Cheeks),058/102,Common,Lightning,40,Basic,1,F,,Base Set (Shadowless),1999-01-09,1st Edition,429.98
147229,Pikachu (Red Cheeks),058/102,Common,Lightning,40,Basic,1,F,,Base Set (Shadowless),1999-01-09,Unlimited,103.01
704758,Tropius,001/084,Common,Grass,110,Basic,1,Rx2,,ME05: Pitch Black,2026-07-17,Normal,0.04
704758,Tropius,001/084,Common,Grass,110,Basic,1,Rx2,,ME05: Pitch Black,2026-07-17,Reverse Holofoil,0.2
704759,Grubbin,002/084,Common,Grass,70,Basic,2,Rx2,,ME05: Pitch Black,2026-07-17,Normal,0.09
704759,Grubbin,002/084,Common,Grass,70,Basic,2,Rx2,,ME05: Pitch Black,2026-07-17,Reverse Holofoil,0.15
704760,Fomantis - 003/084,003/084,Common,Grass,70,Basic,1,Rx2,,ME05: Pitch Black,2026-07-17,Normal,0.13
704760,Fomantis - 003/084,003/084,Common,Grass,70,Basic,1,Rx2,,ME05: Pitch Black,2026-07-17,Reverse Holofoil,0.19
704761,Lurantis ex - 004/084,004/084,Double Rare,Grass,260,Stage 1,1,Rx2,,ME05: Pitch Black,2026-07-17,Holofoil,0.52
704762,Poltchageist,005/084,Common,Grass,30,Basic,0,Rx2,,ME05: Pitch Black,2026-07-17,Reverse Holofoil,0.21
704762,Poltchageist,005/084,Common,Grass,30,Basic,0,Rx2,,ME05: Pitch Black,2026-07-17,Normal,0.15
704763,Sinistcha,006/084,Uncommon,Grass,60,Stage 1,1,Rx2,,ME05: Pitch Black,2026-07-17,Reverse Holofoil,0.24
704763,Sinistcha,006/084,Uncommon,Grass,60,Stage 1,1,Rx2,,ME05: Pitch Black,2026-07-17,Normal,0.15
704764,Heatran,007/084,Uncommon,Fire,140,Basic,4,Wx2,,ME05: Pitch Black,2026-07-17,Normal,0.09
704764,Heatran,007/084,Uncommon,Fire,140,Basic,4,Wx2,,ME05: Pitch Black,2026-07-17,Reverse Holofoil,0.18
704765,Mega Delphox ex,008/084,Double Rare,Fire,350,Stage 2,2,Wx2,,ME05: Pitch Black,2026-07-17,Holofoil,0.62
704766,Sizzlipede,009/084,Common,Fire,80,Basic,2,Wx2,,ME05: Pitch Black,2026-07-17,Reverse Holofoil,0.16
704766,Sizzlipede,009/084,Common,Fire,80,Basic,2,Wx2,,ME05: Pitch Black,2026-07-17,Normal,0.07
704767,Centiskorch,010/084,Common,Fire,140,Stage 1,3,Wx2,,ME05: Pitch Black,2026-07-17,Normal,0.07
704767,Centiskorch,010/084,Common,Fire,140,Stage 1,3,Wx2,,ME05: Pitch Black,2026-07-17,Reverse Holofoil,0.19
704768,Charcadet,011/084,Common,Fire,80,Basic,2,Wx2,,ME05: Pitch Black,2026-07-17,Reverse Holofoil,0.21
704768,Charcadet,011/084,Common,Fire,80,Basic,2,Wx2,,ME05: Pitch Black,2026-07-17,Normal,0.06
704769,Armarouge - 012/084,012/084,Rare,Fire,140,Stage 1,2,Wx2,,ME05: Pitch Black,2026-07-17,Holofoil,0.16
704769,Armarouge - 012/084,012/084,Rare,Fire,140,Stage 1,2,Wx2,,ME05: Pitch Black,2026-07-17,Reverse Holofoil,0.2
704770,Goldeen - 013/084,013/084,Common,Water,70,Basic,1,Lx2,,ME05: Pitch Black,2026-07-17,Normal,0.08
704770,Goldeen - 013/084,013/084,Common,Water,70,Basic,1,Lx2,,ME05: Pitch Black,2026-07-17,Reverse Holofoil,0.15
704771,Seaking,014/084,Uncommon,Water,110,Stage 1,1,Lx2,,ME05: Pitch Black,2026-07-17,Normal,0.08
704771,Seaking,014/084,Uncommon,Water,110,Stage 1,1,Lx2,,ME05: Pitch Black,2026-07-17,Reverse Holofoil,0.18
704772,Wailmer,015/084,Common,Water,130,Basic,4,Lx2,,ME05: Pitch Black,2026-07-17,Normal,0.19
704772,Wailmer,015/084,Common,Water,130,Basic,4,Lx2,,ME05: Pitch Black,2026-07-17,Reverse Holofoil,0.21
704773,Wailord ex - 016/084,016/084,Double Rare,Water,380,Stage 1,4,Lx2,,ME05: Pitch Black,2026-07-17,Holofoil,0.57
704774,Relicanth,017/084,Uncommon,Water,100,Basic,1,Lx2,,ME05: Pitch Black,2026-07-17,Normal,0.05
704774,Relicanth,017/084,Uncommon,Water,100,Basic,1,Lx2,,ME05: Pitch Black,2026-07-17,Reverse Holofoil,0.13
704775,Popplio,018/084,Common,Water,70,Basic,1,Lx2,,ME05: Pitch Black,2026-07-17,Reverse Holofoil,0.2
704775,Popplio,018/084,Common,Water,70,Basic,1,Lx2,,ME05: Pitch Black,2026-07-17,Normal,0.13
704776,Brionne,019/084,Common,Water,90,Stage 1,2,Lx2,,ME05: Pitch Black,2026-07-17,Reverse Holofoil,0.21
704776,Brionne,019/084,Common,Water,90,Stage 1,2,Lx2,,ME05: Pitch Black,2026-07-17,Normal,0.1
704777,Primarina - 020/084,020/084,Rare,Water,150,Stage 2,2,Lx2,,ME05: Pitch Black,2026-07-17,Reverse Holofoil,0.28
704777,Primarina - 020/084,020/084,Rare,Water,150,Stage 2,2,Lx2,,ME05: Pitch Black,2026-07-17,Holofoil,0.21
704778,Finizen,021/084,Common,Water,80,Basic,2,Lx2,,ME05: Pitch Black,2026-07-17,Reverse Holofoil,0.24
704778,Finizen,021/084,Common,Water,80,Basic,2,Lx2,,ME05: Pitch Black,2026-07-17,Normal,0.05
704779,Palafin,022/084,Uncommon,Water,150,Stage 1,2,Lx2,,ME05: Pitch Black,2026-07-17,Normal,0.06
704779,Palafin,022/084,Uncommon,Water,150,Stage 1,2,Lx2,,ME05: Pitch Black,2026-07-17,Reverse Holofoil,0.19
704780,Electrike,023/084,Common,Lightning,70,Basic,1,Fx2,,ME05: Pitch Black,2026-07-17,Normal,0.07
704780,Electrike,023/084,Common,Lightning,70,Basic,1,Fx2,,ME05: Pitch Black,2026-07-17,Reverse Holofoil,0.14
704781,Manectric - 024/084,024/084,Uncommon,Lightning,120,Stage 1,1,Fx2,,ME05: Pitch Black,2026-07-17,Reverse Holofoil,0.18
704781,Manectric - 024/084,024/084,Uncommon,Lightning,120,Stage 1,1,Fx2,,ME05: Pitch Black,2026-07-17,Normal,0.05
704782,Charjabug,025/084,Common,Lightning,100,Stage 1,2,Fx2,,ME05: Pitch Black,2026-07-17,Normal,0.04
704782,Charjabug,025/084,Common,Lightning,100,Stage 1,2,Fx2,,ME05: Pitch Black,2026-07-17,Reverse Holofoil,0.15
704783,Vikavolt,026/084,Uncommon,Lightning,160,Stage 2,2,Fx2,,ME05: Pitch Black,2026-07-17,Normal,0.15
704783,Vikavolt,026/084,Uncommon,Lightning,160,Stage 2,2,Fx2,,ME05: Pitch Black,2026-07-17,Reverse Holofoil,0.2
704784,Mega Zeraora ex - 027/084,027/084,Double Rare,Lightning,270,Basic,1,Fx2,,ME05: Pitch Black,2026-07-17,Holofoil,0.78
704785,Miraidon,028/084,Rare,Lightning,120,Basic,1,Fx2,,ME05: Pitch Black,2026-07-17,Holofoil,0.21
704785,Miraidon,028/084,Rare,Lightning,120,Basic,1,Fx2,,ME05: Pitch Black,2026-07-17,Reverse Holofoil,0.26
704786,Slowpoke,029/084,Common,Psychic,70,Basic,2,Dx2,F-30,ME05: Pitch Black,2026-07-17,Normal,0.16
704786,Slowpoke,029/084,Common,Psychic,70,Basic,2,Dx2,F-30,ME05: Pitch Black,2026-07-17,Reverse Holofoil,0.26
704787,Slowbro - 030/084,030/084,Uncommon,Psychic,130,Stage 1,3,Dx2,F-30,ME05: Pitch Black,2026-07-17,Reverse Holofoil,0.23
704787,Slowbro - 030/084,030/084,Uncommon,Psychic,130,Stage 1,3,Dx2,F-30,ME05: Pitch Black,2026-07-17,Normal,0.17
704788,Mega Slowbro ex,031/084,Double Rare,Psychic,330,Stage 1,3,Dx2,F-30,ME05: Pitch Black,2026-07-17,Holofoil,0.84
704789,Jynx,032/084,Common,Psychic,100,Basic,1,Dx2,F-30,ME05: Pitch Black,2026-07-17,Reverse Holofoil,0.18
704789,Jynx,032/084,Common,Psychic,100,Basic,1,Dx2,F-30,ME05: Pitch Black,2026-07-17,Normal,0.12
704790,Shuppet,033/084,Common,Psychic,50,Basic,1,Dx2,F-30,ME05: Pitch Black,2026-07-17,Normal,0.1
704790,Shuppet,033/084,Common,Psychic,50,Basic,1,Dx2,F-30,ME05: Pitch Black,2026-07-17,Reverse Holofoil,0.39
704791,Banette,034/084,Uncommon,Psychic,80,Stage 1,1,Dx2,F-30,ME05: Pitch Black,2026-07-17,Reverse Holofoil,0.25
704791,Banette,034/084,Uncommon,Psychic,80,Stage 1,1,Dx2,F-30,ME05: Pitch Black,2026-07-17,Normal,0.11
704792,Spiritomb,035/084,Rare,Psychic,60,Basic,1,Dx2,F-30,ME05: Pitch Black,2026-07-17,Holofoil,0.18
704792,Spiritomb,035/084,Rare,Psychic,60,Basic,1,Dx2,F-30,ME05: Pitch Black,2026-07-17,Reverse Holofoil,0.29
704793,Litwick,036/084,Common,Psychic,70,Basic,1,Dx2,F-30,ME05: Pitch Black,2026-07-17,Normal,0.2
704793,Litwick,036/084,Common,Psychic,70,Basic,1,Dx2,F-30,ME05: Pitch Black,2026-07-17,Reverse Holofoil,0.21
704794,Lampent,037/084,Uncommon,Psychic,90,Stage 1,1,Dx2,F-30,ME05: Pitch Black,2026-07-17,Normal,0.21
704794,Lampent,037/084,Uncommon,Psychic,90,Stage 1,1,Dx2,F-30,ME05: Pitch Black,2026-07-17,Reverse Holofoil,0.25
704795,Mega Chandelure ex - 038/084,038/084,Double Rare,Psychic,350,Stage 2,2,Dx2,F-30,ME05: Pitch Black,2026-07-17,Holofoil,0.74
704796,Dhelmise - 039/084,039/084,Uncommon,Psychic,140,Basic,3,Dx2,F-30,ME05: Pitch Black,2026-07-17,Reverse Holofoil,0.23
704796,Dhelmise - 039/084,039/084,Uncommon,Psychic,140,Basic,3,Dx2,F-30,ME05: Pitch Black,2026-07-17,Normal,0.14
704797,Marshadow,040/084,Uncommon,Psychic,90,Basic,1,Dx2,F-30,ME05: Pitch Black,2026-07-17,Normal,0.08
704797,Marshadow,040/084,Uncommon,Psychic,90,Basic,1,Dx2,F-30,ME05: Pitch Black,2026-07-17,Reverse Holofoil,0.19
704798,Annihilape,041/084,Uncommon,Psychic,150,Stage 2,2,Dx2,F-30,ME05: Pitch Black,2026-07-17,Normal,0.14
704798,Annihilape,041/084,Uncommon,Psychic,150,Stage 2,2,Dx2,F-30,ME05: Pitch Black,2026-07-17,Reverse Holofoil,0.2
704799,Mankey,042/084,Common,Fighting,50,Basic,1,Px2,,ME05: Pitch Black,2026-07-17,Reverse Holofoil,0.19
704799,Mankey,042/084,Common,Fighting,50,Basic,1,Px2,,ME05: Pitch Black,2026-07-17,Normal,0.13
704800,Primeape,043/084,Common,Fighting,110,Stage 1,2,Px2,,ME05: Pitch Black,2026-07-17,Normal,0.05
704800,Primeape,043/084,Common,Fighting,110,Stage 1,2,Px2,,ME05: Pitch Black,2026-07-17,Reverse Holofoil,0.17
704801,Cranidos,044/084,Common,Fighting,100,Stage 1,2,Gx2,,ME05: Pitch Black,2026-07-17,Reverse Holofoil,0.2
704801,Cranidos,044/084,Common,Fighting,100,Stage 1,2,Gx2,,ME05: Pitch Black,2026-07-17,Normal,0.12
704802,Rampardos ex - 045/084,045/084,Double Rare,Fighting,330,Stage 2,2,Gx2,,ME05: Pitch Black,2026-07-17,Holofoil,0.74
704803,Drilbur,046/084,Common,Fighting,70,Basic,2,Gx2,,ME05: Pitch Black,2026-07-17,Normal,0.14
704803,Drilbur,046/084,Common,Fighting,70,Basic,2,Gx2,,ME05: Pitch Black,2026-07-17,Reverse Holofoil,0.22
704804,Koraidon,047/084,Rare,Fighting,130,Basic,2,Px2,,ME05: Pitch Black,2026-07-17,Holofoil,0.17
704804,Koraidon,047/084,Rare,Fighting,130,Basic,2,Px2,,ME05: Pitch Black,2026-07-17,Reverse Holofoil,0.25
704805,Mega Darkrai ex - 048/084,048/084,Double Rare,Darkness,280,Basic,2,Gx2,,ME05: Pitch Black,2026-07-17,Holofoil,0.88
704806,Vullaby,049/084,Common,Darkness,70,Basic,1,Lx2,F-30,ME05: Pitch Black,2026-07-17,Normal,0.08
704806,Vullaby,049/084,Common,Darkness,70,Basic,1,Lx2,F-30,ME05: Pitch Black,2026-07-17,Reverse Holofoil,0.19
704807,Mandibuzz,050/084,Common,Darkness,120,Stage 1,2,Lx2,F-30,ME05: Pitch Black,2026-07-17,Reverse Holofoil,0.28
704807,Mandibuzz,050/084,Common,Darkness,120,Stage 1,2,Lx2,F-30,ME05: Pitch Black,2026-07-17,Normal,0.11
704808,Inkay,051/084,Common,Darkness,60,Basic,1,Gx2,,ME05: Pitch Black,2026-07-17,Reverse Holofoil,0.22
704808,Inkay,051/084,Common,Darkness,60,Basic,1,Gx2,,ME05: Pitch Black,2026-07-17,Normal,0.07
704809,Malamar,052/084,Uncommon,Darkness,120,Stage 1,2,Gx2,,ME05: Pitch Black,2026-07-17,Normal,0.05
704809,Malamar,052/084,Uncommon,Darkness,120,Stage 1,2,Gx2,,ME05: Pitch Black,2026-07-17,Reverse Holofoil,0.25
704810,Nickit,053/084,Common,Darkness,70,Basic,1,Gx2,,ME05: Pitch Black,2026-07-17,Normal,0.15
704810,Nickit,053/084,Common,Darkness,70,Basic,1,Gx2,,ME05: Pitch Black,2026-07-17,Reverse Holofoil,0.23
704811,Thievul - 054/084,054/084,Uncommon,Darkness,100,Stage 1,1,Gx2,,ME05: Pitch Black,2026-07-17,Normal,0.11
704811,Thievul - 054/084,054/084,Uncommon,Darkness,100,Stage 1,1,Gx2,,ME05: Pitch Black,2026-07-17,Reverse Holofoil,0.23
704812,Morpeko ex - 055/084,055/084,Double Rare,Darkness,180,Basic,1,Gx2,,ME05: Pitch Black,2026-07-17,Holofoil,0.63
704813,Zarude,056/084,Rare,Darkness,130,Basic,2,Gx2,,ME05: Pitch Black,2026-07-17,Reverse Holofoil,0.25
704813,Zarude,056/084,Rare,Darkness,130,Basic,2,Gx2,,ME05: Pitch Black,2026-07-17,Holofoil,0.2
704814,Maschiff,057/084,Common,Darkness,70,Basic,2,Gx2,,ME05: Pitch Black,2026-07-17,Normal,0.05
704814,Maschiff,057/084,Common,Darkness,70,Basic,2,Gx2,,ME05: Pitch Black,2026-07-17,Reverse Holofoil,0.22
704815,Mabosstiff,058/084,Common,Darkness,140,Stage 1,3,Gx2,,ME05: Pitch Black,2026-07-17,Reverse Holofoil,0.25
704815,Mabosstiff,058/084,Common,Darkness,140,Stage 1,3,Gx2,,ME05: Pitch Black,2026-07-17,Normal,0.06
704816,Chi-Yu,059/084,Rare,Darkness,90,Basic,1,Gx2,,ME05: Pitch Black,2026-07-17,Reverse Holofoil,0.22
704816,Chi-Yu,059/084,Rare,Darkness,90,Basic,1,Gx2,,ME05: Pitch Black,2026-07-17,Holofoil,0.16
704817,Skarmory,060/084,Common,Metal,120,Basic,1,Lx2,F-30,ME05: Pitch Black,2026-07-17,Normal,0.03
704817,Skarmory,060/084,Common,Metal,120,Basic,1,Lx2,F-30,ME05: Pitch Black,2026-07-17,Reverse Holofoil,0.19
704818,Shieldon,061/084,Common,Metal,100,Stage 1,3,Rx2,G-30,ME05: Pitch Black,2026-07-17,Normal,0.13
704818,Shieldon,061/084,Common,Metal,100,Stage 1,3,Rx2,G-30,ME05: Pitch Black,2026-07-17,Reverse Holofoil,0.21
704819,Bastiodon - 062/084,062/084,Rare,Metal,160,Stage 2,4,Rx2,G-30,ME05: Pitch Black,2026-07-17,Reverse Holofoil,0.59
704819,Bastiodon - 062/084,062/084,Rare,Metal,160,Stage 2,4,Rx2,G-30,ME05: Pitch Black,2026-07-17,Holofoil,0.22
704820,Bronzor,063/084,Common,Metal,80,Basic,3,Rx2,G-30,ME05: Pitch Black,2026-07-17,Reverse Holofoil,0.19
704820,Bronzor,063/084,Common,Metal,80,Basic,3,Rx2,G-30,ME05: Pitch Black,2026-07-17,Normal,0.06
704821,Bronzong,064/084,Uncommon,Metal,130,Stage 1,3,Rx2,G-30,ME05: Pitch Black,2026-07-17,Normal,0.04
704821,Bronzong,064/084,Uncommon,Metal,130,Stage 1,3,Rx2,G-30,ME05: Pitch Black,2026-07-17,Reverse Holofoil,0.2
704822,Mega Excadrill ex - 065/084,065/084,Double Rare,Metal,340,Stage 1,4,Rx2,G-30,ME05: Pitch Black,2026-07-17,Holofoil,0.86
704823,Pikipek,066/084,Common,Colorless,70,Basic,1,Lx2,F-30,ME05: Pitch Black,2026-07-17,Normal,0.13
704823,Pikipek,066/084,Common,Colorless,70,Basic,1,Lx2,F-30,ME05: Pitch Black,2026-07-17,Reverse Holofoil,0.18
704824,Trumbeak,067/084,Common,Colorless,90,Stage 1,1,Lx2,F-30,ME05: Pitch Black,2026-07-17,Normal,0.13
704824,Trumbeak,067/084,Common,Colorless,90,Stage 1,1,Lx2,F-30,ME05: Pitch Black,2026-07-17,Reverse Holofoil,0.19
704825,Toucannon - 068/084,068/084,Uncommon,Colorless,150,Stage 2,2,Lx2,F-30,ME05: Pitch Black,2026-07-17,Reverse Holofoil,0.16
704825,Toucannon - 068/084,068/084,Uncommon,Colorless,150,Stage 2,2,Lx2,F-30,ME05: Pitch Black,2026-07-17,Normal,0.14
704826,Type: Null,069/084,Common,Colorless,110,Basic,2,Fx2,,ME05: Pitch Black,2026-07-17,Normal,0.18
704826,Type: Null,069/084,Common,Colorless,110,Basic,2,Fx2,,ME05: Pitch Black,2026-07-17,Reverse Holofoil,0.23
704827,Silvally - 070/084,070/084,Rare,Colorless,140,Stage 1,2,Fx2,,ME05: Pitch Black,2026-07-17,Holofoil,0.24
704827,Silvally - 070/084,070/084,Rare,Colorless,140,Stage 1,2,Fx2,,ME05: Pitch Black,2026-07-17,Reverse Holofoil,0.22
704828,Bombirdier,071/084,Common,Colorless,100,Basic,1,Lx2,F-30,ME05: Pitch Black,2026-07-17,Reverse Holofoil,0.16
704828,Bombirdier,071/084,Common,Colorless,100,Basic,1,Lx2,F-30,ME05: Pitch Black,2026-07-17,Normal,0.04
704829,Antique Armor Fossil,072/084,Common,Trainer - Item,60,,,,,ME05: Pitch Black,2026-07-17,Reverse Holofoil,0.22
704829,Antique Armor Fossil,072/084,Common,Trainer - Item,60,,,,,ME05: Pitch Black,2026-07-17,Normal,0.15
704830,Antique Skull Fossil,073/084,Common,Trainer - Item,60,,,,,ME05: Pitch Black,2026-07-17,Reverse Holofoil,0.2
704830,Antique Skull Fossil,073/084,Common,Trainer - Item,60,,,,,ME05: Pitch Black,2026-07-17,Normal,0.13
704842,Fomantis - 085/084,085/084,Illustration Rare,Grass,70,Basic,1,Rx2,,ME05: Pitch Black,2026-07-17,Holofoil,2.72
704843,Armarouge - 086/084,086/084,Illustration Rare,Fire,140,Stage 1,2,Wx2,,ME05: Pitch Black,2026-07-17,Holofoil,3.27
704844,Goldeen - 087/084,087/084,Illustration Rare,Water,70,Basic,1,Lx2,,ME05: Pitch Black,2026-07-17,Holofoil,6.9
704845,Primarina - 088/084,088/084,Illustration Rare,Water,150,Stage 2,2,Lx2,,ME05: Pitch Black,2026-07-17,Holofoil,3.42
704846,Manectric - 089/084,089/084,Illustration Rare,Lightning,120,Stage 1,1,Fx2,,ME05: Pitch Black,2026-07-17,Holofoil,2.23
704847,Slowbro - 090/084,090/084,Illustration Rare,Psychic,130,Stage 1,3,Dx2,F-30,ME05: Pitch Black,2026-07-17,Holofoil,8.42
704848,Dhelmise - 091/084,091/084,Illustration Rare,Psychic,140,Basic,3,Dx2,F-30,ME05: Pitch Black,2026-07-17,Holofoil,2.58
704849,Thievul - 092/084,092/084,Illustration Rare,Darkness,100,Stage 1,1,Gx2,,ME05: Pitch Black,2026-07-17,Holofoil,1.52
704850,Bastiodon - 093/084,093/084,Illustration Rare,Metal,160,Stage 2,4,Rx2,G-30,ME05: Pitch Black,2026-07-17,Holofoil,1.81
704851,Toucannon - 094/084,094/084,Illustration Rare,Colorless,150,Stage 2,2,Lx2,F-30,ME05: Pitch Black,2026-07-17,Holofoil,2.57
704852,Silvally - 095/084,095/084,Illustration Rare,Colorless,140,Stage 1,2,Fx2,,ME05: Pitch Black,2026-07-17,Holofoil,1.98
704853,Lurantis ex - 096/084,096/084,Ultra Rare,Grass,260,Stage 1,1,Rx2,,ME05: Pitch Black,2026-07-17,Holofoil,2.63
704854,Wailord ex - 097/084,097/084,Ultra Rare,Water,380,Stage 1,4,Lx2,,ME05: Pitch Black,2026-07-17,Holofoil,4.43
704855,Mega Zeraora ex - 098/084,098/084,Ultra Rare,Lightning,270,Basic,1,Fx2,,ME05: Pitch Black,2026-07-17,Holofoil,6.54
704856,Mega Chandelure ex - 099/084,099/084,Ultra Rare,Psychic,350,Stage 2,2,Dx2,F-30,ME05: Pitch Black,2026-07-17,Holofoil,8.08
704857,Rampardos ex - 100/084,100/084,Ultra Rare,Fighting,330,Stage 2,2,Gx2,,ME05: Pitch Black,2026-07-17,Holofoil,3.59
704858,Mega Darkrai ex - 101/084,101/084,Ultra Rare,Darkness,280,Basic,2,Gx2,,ME05: Pitch Black,2026-07-17,Holofoil,9.5
704859,Morpeko ex - 102/084,102/084,Ultra Rare,Darkness,180,Basic,1,Gx2,,ME05: Pitch Black,2026-07-17,Holofoil,5.53
704860,Mega Excadrill ex - 103/084,103/084,Ultra Rare,Metal,340,Stage 1,4,Rx2,G-30,ME05: Pitch Black,2026-07-17,Holofoil,7.09
704871,Mega Zeraora ex - 114/084,114/084,Special Illustration Rare,Lightning,270,Basic,1,Fx2,,ME05: Pitch Black,2026-07-17,Holofoil,56.42
704872,Mega Chandelure ex - 115/084,115/084,Special Illustration Rare,Psychic,350,Stage 2,2,Dx2,F-30,ME05: Pitch Black,2026-07-17,Holofoil,41.46
704873,Mega Darkrai ex - 116/084,116/084,Special Illustration Rare,Darkness,280,Basic,2,Gx2,,ME05: Pitch Black,2026-07-17,Holofoil,195.02
704874,Morpeko ex - 117/084,117/084,Special Illustration Rare,Darkness,180,Basic,1,Gx2,,ME05: Pitch Black,2026-07-17,Holofoil,83.17
704877,Mega Darkrai ex - 120/084,120/084,Mega Hyper Rare,Darkness,280,Basic,2,Gx2,,ME05: Pitch Black,2026-07-17,Holofoil,156.89
42346,Alakazam,001/102,Holo Rare,Psychic,80,Stage 2,3,P,,Base Set,1999-01-09,Holofoil,69.36
42347,Mewtwo,010/102,Holo Rare,Psychic,60,Basic,3,P,,Base Set,1999-01-09,Holofoil,85.9
42351,Nidoking,011/102,Holo Rare,Grass,90,Stage 2,3,P,,Base Set,1999-01-09,Holofoil,39.64
42352,Ninetales,012/102,Holo Rare,Fire,80,Stage 1,1,W,,Base Set,1999-01-09,Holofoil,33.9
42353,Poliwrath,013/102,Holo Rare,Water,90,Stage 2,3,G,,Base Set,1999-01-09,Holofoil,35.0
42354,Raichu,014/102,Holo Rare,Lightning,80,Stage 1,1,F,,Base Set,1999-01-09,Holofoil,75.66
42355,Venusaur,015/102,Holo Rare,Grass,100,Stage 2,2,R,,Base Set,1999-01-09,Holofoil,181.26
42356,Zapdos,016/102,Holo Rare,Lightning,90,Basic,3,,F-30,Base Set,1999-01-09,Holofoil,53.21
42357,Beedrill,017/102,Rare,Grass,80,Stage 2,,R,F-30,Base Set,1999-01-09,Normal,5.91
42358,Dragonair,018/102,Rare,Colorless,80,Stage 1,2,,P-30,Base Set,1999-01-09,Normal,19.41
42359,Dugtrio,019/102,Rare,Fighting,70,Stage 1,2,G,L-30,Base Set,1999-01-09,Normal,10.91
42360,Blastoise,002/102,Holo Rare,Water,100,Stage 2,3,L,,Base Set,1999-01-09,Holofoil,228.47
42361,Electabuzz,020/102,Rare,Lightning,70,Basic,2,F,,Base Set,1999-01-09,Normal,10.24
42362,Electrode,021/102,Rare,Lightning,80,Stage 1,1,F,,Base Set,1999-01-09,Normal,8.82
42363,Pidgeotto,022/102,Rare,Colorless,60,Stage 1,1,L,F-30,Base Set,1999-01-09,Normal,10.76
42364,Arcanine,023/102,Uncommon,Fire,100,Stage 2,3,W,,Base Set,1999-01-09,Normal,4.11
42365,Charmeleon,024/102,Uncommon,Fire,80,Stage 1,1,W,,Base Set,1999-01-09,Normal,3.63
42366,Dewgong,025/102,Uncommon,Water,80,Stage 1,3,L,,Base Set,1999-01-09,Normal,3.68
42367,Dratini,026/102,Uncommon,Colorless,40,Basic,1,,P-30,Base Set,1999-01-09,Normal,2.97
42368,Farfetch'd,027/102,Uncommon,Colorless,50,Basic,1,L,F-30,Base Set,1999-01-09,Normal,1.63
42369,Growlithe,028/102,Uncommon,Fire,60,Basic,1,W,,Base Set,1999-01-09,Normal,1.62
42370,Haunter,029/102,Uncommon,Psychic,60,Stage 1,1,,F-30,Base Set,1999-01-09,Normal,2.77
42371,Chansey,003/102,Holo Rare,Colorless,120,Basic,1,F,P-30,Base Set,1999-01-09,Holofoil,62.3
42372,Ivysaur,030/102,Uncommon,Grass,60,Stage 1,1,R,,Base Set,1999-01-09,Normal,7.99
42373,Jynx,031/102,Uncommon,Psychic,70,Basic,2,P,,Base Set,1999-01-09,Normal,1.22
42374,Kadabra,032/102,Uncommon,Psychic,60,Stage 1,3,P,,Base Set,1999-01-09,Normal,2.72
42375,Kakuna,033/102,Uncommon,Grass,80,Stage 1,2,R,,Base Set,1999-01-09,Normal,1.8
42376,Machoke,034/102,Uncommon,Fighting,80,Stage 1,3,P,,Base Set,1999-01-09,Normal,0.93
42377,Magikarp,035/102,Uncommon,Water,30,Basic,1,L,,Base Set,1999-01-09,Normal,3.12
42378,Magmar,036/102,Uncommon,Fire,50,Basic,2,W,,Base Set,1999-01-09,Normal,3.52
42379,Nidorino,037/102,Uncommon,Grass,60,Stage 1,1,P,,Base Set,1999-01-09,Normal,4.32
42380,Poliwhirl,038/102,Uncommon,Water,60,Stage 1,1,G,,Base Set,1999-01-09,Normal,1.73
42381,Porygon,039/102,Uncommon,Colorless,30,Basic,1,F,P-30,Base Set,1999-01-09,Normal,3.11
42382,Charizard,004/102,Holo Rare,Fire,120,Stage 2,3,W,F-30,Base Set,1999-01-09,Holofoil,897.19
42383,Raticate,040/102,Uncommon,Colorless,60,Stage 1,1,F,P-30,Base Set,1999-01-09,Normal,2.7
42384,Seel,041/102,Uncommon,Water,60,Basic,1,L,,Base Set,1999-01-09,Normal,1.43
42385,Wartortle,042/102,Uncommon,Water,70,Stage 1,1,L,,Base Set,1999-01-09,Normal,5.12
42386,Abra,043/102,Common,Psychic,30,Basic,,P,,Base Set,1999-01-09,Normal,1.61
42387,Bulbasaur,044/102,Common,Grass,40,Basic,1,R,,Base Set,1999-01-09,Normal,3.91
42388,Caterpie,045/102,Common,Grass,40,Basic,1,R,,Base Set,1999-01-09,Normal,1.39
42389,Charmander,046/102,Common,Fire,50,Basic,1,W,,Base Set,1999-01-09,Normal,3.92
42390,Diglett,047/102,Common,Fighting,30,Basic,,G,L-30,Base Set,1999-01-09,Normal,1.33
42391,Doduo,048/102,Common,Colorless,50,Basic,,L,F-30,Base Set,1999-01-09,Normal,1.32
42392,Drowzee,049/102,Common,Psychic,50,Basic,1,P,,Base Set,1999-01-09,Normal,1.07
42393,Clefairy,005/102,Holo Rare,Colorless,40,Basic,1,F,P-30,Base Set,1999-01-09,Holofoil,50.91
42394,Gastly,050/102,Common,Psychic,30,Basic,,,F-30,Base Set,1999-01-09,Normal,1.59
42395,Koffing,051/102,Common,Grass,50,Basic,1,P,,Base Set,1999-01-09,Normal,1.32
42396,Machop,052/102,Common,Fighting,50,Basic,1,P,,Base Set,1999-01-09,Normal,0.64
42397,Magnemite,053/102,Common,Lightning,40,Basic,1,F,,Base Set,1999-01-09,Normal,0.8
42398,Metapod,054/102,Common,Grass,70,Stage 1,2,R,,Base Set,1999-01-09,Normal,1.35
42399,Nidoran M,055/102,Common,Grass,40,Basic,1,P,,Base Set,1999-01-09,Normal,0.83
42400,Onix,056/102,Common,Fighting,90,Basic,3,G,,Base Set,1999-01-09,Normal,1.0
42401,Pidgey,057/102,Common,Colorless,40,Basic,1,L,F-30,Base Set,1999-01-09,Normal,1.51
42402,Pikachu,058/102,Common,Lightning,40,Basic,1,F,,Base Set,1999-01-09,Normal,14.95
42403,Poliwag,059/102,Common,Water,40,Basic,1,G,,Base Set,1999-01-09,Normal,1.11
42404,Gyarados,006/102,Holo Rare,Water,100,Stage 1,3,G,F-30,Base Set,1999-01-09,Holofoil,46.45
42405,Ponyta,060/102,Common,Fire,40,Basic,1,W,,Base Set,1999-01-09,Normal,0.84
42406,Rattata,061/102,Common,Colorless,30,Basic,,F,P-30,Base Set,1999-01-09,Normal,0.91
42407,Sandshrew,062/102,Common,Fighting,40,Basic,1,G,L-30,Base Set,1999-01-09,Normal,1.03
42408,Squirtle,063/102,Common,Water,40,Basic,1,L,,Base Set,1999-01-09,Normal,6.79
42409,Starmie,064/102,Common,Water,60,Stage 1,1,L,,Base Set,1999-01-09,Normal,0.83
42410,Staryu,065/102,Common,Water,40,Basic,1,L,,Base Set,1999-01-09,Normal,0.79
42411,Tangela,066/102,Common,Grass,50,Basic,2,R,,Base Set,1999-01-09,Normal,0.93
42412,Voltorb,067/102,Common,Lightning,40,Basic,1,F,,Base Set,1999-01-09,Normal,4.15
42413,Vulpix,068/102,Common,Fire,50,Basic,1,W,,Base Set,1999-01-09,Normal,0.89
42414,Weedle,069/102,Common,Grass,40,Basic,1,R,,Base Set,1999-01-09,Normal,0.74
42415,Hitmonchan,007/102,Holo Rare,Fighting,70,Basic,2,P,,Base Set,1999-01-09,Holofoil,20.78
42416,Clefairy Doll,070/102,Rare,Trainer,10,,,,,Base Set,1999-01-09,Normal,9.37
42433,Magneton,009/102,Holo Rare,Lightning,60,Stage 1,1,F,,Base Set,1999-01-09,Holofoil,36.36
693445,Ampharos - 029/086,029/086,Rare,Lightning,160,Stage 2,2,Fx2,,ME04: Chaos Rising,2026-05-22,Holofoil,0.18
693445,Ampharos - 029/086,029/086,Rare,Lightning,160,Stage 2,2,Fx2,,ME04: Chaos Rising,2026-05-22,Reverse Holofoil,0.24
693446,Ampharos - 090/086,090/086,Illustration Rare,Lightning,160,Stage 2,2,Fx2,,ME04: Chaos Rising,2026-05-22,Holofoil,5.81
693448,Avalugg,024/086,Uncommon,Water,160,Stage 1,4,Mx2,,ME04: Chaos Rising,2026-05-22,Normal,0.05
693448,Avalugg,024/086,Uncommon,Water,160,Stage 1,4,Mx2,,ME04: Chaos Rising,2026-05-22,Reverse Holofoil,0.23
693452,Baltoy,046/086,Common,Fighting,70,Basic,2,Gx2,,ME04: Chaos Rising,2026-05-22,Reverse Holofoil,0.18
693452,Baltoy,046/086,Common,Fighting,70,Basic,2,Gx2,,ME04: Chaos Rising,2026-05-22,Normal,0.06
693453,Beedrill ex - 003/086,003/086,Double Rare,Grass,310,Stage 2,1,Rx2,,ME04: Chaos Rising,2026-05-22,Holofoil,0.69
693454,Beedrill ex - 098/086,098/086,Ultra Rare,Grass,310,Stage 2,1,Rx2,,ME04: Chaos Rising,2026-05-22,Holofoil,2.61
693455,Beldum,059/086,Common,Metal,70,Basic,1,Rx2,G-30,ME04: Chaos Rising,2026-05-22,Normal,0.17
693455,Beldum,059/086,Common,Metal,70,Basic,1,Rx2,G-30,ME04: Chaos Rising,2026-05-22,Reverse Holofoil,0.26
693456,Bergmite,023/086,Common,Water,80,Basic,2,Mx2,,ME04: Chaos Rising,2026-05-22,Normal,0.07
693456,Bergmite,023/086,Common,Water,80,Basic,2,Mx2,,ME04: Chaos Rising,2026-05-22,Reverse Holofoil,0.17
693457,Braixen,012/086,Common,Fire,100,Stage 1,1,Wx2,,ME04: Chaos Rising,2026-05-22,Normal,0.17
693457,Braixen,012/086,Common,Fire,100,Stage 1,1,Wx2,,ME04: Chaos Rising,2026-05-22,Reverse Holofoil,0.21
693459,Carnivine,004/086,Common,Grass,110,Basic,2,Rx2,,ME04: Chaos Rising,2026-05-22,Normal,0.04
693459,Carnivine,004/086,Common,Grass,110,Basic,2,Rx2,,ME04: Chaos Rising,2026-05-22,Reverse Holofoil,0.22
693460,Chesnaught,007/086,Rare,Grass,180,Stage 2,4,Rx2,,ME04: Chaos Rising,2026-05-22,Holofoil,0.16
693460,Chesnaught,007/086,Rare,Grass,180,Stage 2,4,Rx2,,ME04: Chaos Rising,2026-05-22,Reverse Holofoil,0.24
693461,Chespin - 005/086,005/086,Common,Grass,70,Basic,2,Rx2,,ME04: Chaos Rising,2026-05-22,Normal,0.06
693461,Chespin - 005/086,005/086,Common,Grass,70,Basic,2,Rx2,,ME04: Chaos Rising,2026-05-22,Reverse Holofoil,0.16
693462,Chespin - 087/086,087/086,Illustration Rare,Grass,70,Basic,2,Rx2,,ME04: Chaos Rising,2026-05-22,Holofoil,4.09
693463,Cinccino ex - 073/086,073/086,Double Rare,Colorless,240,Stage 1,1,Fx2,,ME04: Chaos Rising,2026-05-22,Holofoil,0.83
693464,Cinccino ex - 105/086,105/086,Ultra Rare,Colorless,240,Stage 1,1,Fx2,,ME04: Chaos Rising,2026-05-22,Holofoil,4.67
693465,Cinccino ex - 119/086,119/086,Special Illustration Rare,Colorless,240,Stage 1,1,Fx2,,ME04: Chaos Rising,2026-05-22,Holofoil,53.33
693466,Claydol - 047/086,047/086,Uncommon,Fighting,120,Stage 1,2,Gx2,,ME04: Chaos Rising,2026-05-22,Normal,0.03
693466,Claydol - 047/086,047/086,Uncommon,Fighting,120,Stage 1,2,Gx2,,ME04: Chaos Rising,2026-05-22,Reverse Holofoil,0.23
693467,Claydol - 092/086,092/086,Illustration Rare,Fighting,120,Stage 1,2,Gx2,,ME04: Chaos Rising,2026-05-22,Holofoil,2.15
693468,Cobalion ex - 064/086,064/086,Double Rare,Metal,210,Basic,2,Rx2,G-30,ME04: Chaos Rising,2026-05-22,Holofoil,0.63
693469,Cobalion ex - 103/086,103/086,Ultra Rare,Metal,210,Basic,2,Rx2,G-30,ME04: Chaos Rising,2026-05-22,Holofoil,1.68
693470,Crobat - 051/086,051/086,Rare,Darkness,130,Stage 2,1,Lx2,F-30,ME04: Chaos Rising,2026-05-22,Holofoil,0.13
693470,Crobat - 051/086,051/086,Rare,Darkness,130,Stage 2,1,Lx2,F-30,ME04: Chaos Rising,2026-05-22,Reverse Holofoil,0.21
693471,Crobat - 093/086,093/086,Illustration Rare,Darkness,130,Stage 2,1,Lx2,F-30,ME04: Chaos Rising,2026-05-22,Holofoil,2.66
693472,Delibird,018/086,Uncommon,Water,90,Basic,1,Mx2,,ME04: Chaos Rising,2026-05-22,Reverse Holofoil,0.25
693472,Delibird,018/086,Uncommon,Water,90,Basic,1,Mx2,,ME04: Chaos Rising,2026-05-22,Normal,0.06
693473,Delphox,013/086,Rare,Fire,160,Stage 2,2,Wx2,,ME04: Chaos Rising,2026-05-22,Reverse Holofoil,0.24
693473,Delphox,013/086,Rare,Fire,160,Stage 2,2,Wx2,,ME04: Chaos Rising,2026-05-22,Holofoil,0.13
693474,Deoxys - 031/086,031/086,Uncommon,Psychic,110,Basic,1,Dx2,F-30,ME04: Chaos Rising,2026-05-22,Reverse Holofoil,0.25
693474,Deoxys - 031/086,031/086,Uncommon,Psychic,110,Basic,1,Dx2,F-30,ME04: Chaos Rising,2026-05-22,Normal,0.07
693475,Deoxys - 032/086,032/086,Uncommon,Psychic,120,Basic,2,Dx2,F-30,ME04: Chaos Rising,2026-05-22,Normal,0.06
693475,Deoxys - 032/086,032/086,Uncommon,Psychic,120,Basic,2,Dx2,F-30,ME04: Chaos Rising,2026-05-22,Reverse Holofoil,0.25
693476,Deoxys - 033/086,033/086,Uncommon,Psychic,130,Basic,3,Dx2,F-30,ME04: Chaos Rising,2026-05-22,Reverse Holofoil,0.28
693476,Deoxys - 033/086,033/086,Uncommon,Psychic,130,Basic,3,Dx2,F-30,ME04: Chaos Rising,2026-05-22,Normal,0.05
693477,Deoxys - 034/086,034/086,Uncommon,Psychic,100,Basic,0,Dx2,F-30,ME04: Chaos Rising,2026-05-22,Normal,0.04
693477,Deoxys - 034/086,034/086,Uncommon,Psychic,100,Basic,0,Dx2,F-30,ME04: Chaos Rising,2026-05-22,Reverse Holofoil,0.23
693478,Donphan,045/086,Common,Fighting,150,Stage 1,3,Gx2,,ME04: Chaos Rising,2026-05-22,Normal,0.07
693478,Donphan,045/086,Common,Fighting,150,Stage 1,3,Gx2,,ME04: Chaos Rising,2026-05-22,Reverse Holofoil,0.26
693481,Emolga,030/086,Common,Lightning,70,Basic,1,Fx2,,ME04: Chaos Rising,2026-05-22,Normal,0.1
693481,Emolga,030/086,Common,Lightning,70,Basic,1,Fx2,,ME04: Chaos Rising,2026-05-22,Reverse Holofoil,0.24
693483,Espurr,036/086,Common,Psychic,60,Basic,1,Dx2,F-30,ME04: Chaos Rising,2026-05-22,Reverse Holofoil,0.23
693483,Espurr,036/086,Common,Psychic,60,Basic,1,Dx2,F-30,ME04: Chaos Rising,2026-05-22,Normal,0.09
693484,Fennekin,011/086,Common,Fire,70,Basic,1,Wx2,,ME04: Chaos Rising,2026-05-22,Reverse Holofoil,0.24
693484,Fennekin,011/086,Common,Fire,70,Basic,1,Wx2,,ME04: Chaos Rising,2026-05-22,Normal,0.15
693485,Ferroseed,062/086,Common,Metal,70,Basic,2,Rx2,G-30,ME04: Chaos Rising,2026-05-22,Normal,0.04
693485,Ferroseed,062/086,Common,Metal,70,Basic,2,Rx2,G-30,ME04: Chaos Rising,2026-05-22,Reverse Holofoil,0.18
693486,Ferrothorn,063/086,Uncommon,Metal,130,Stage 1,3,Rx2,G-30,ME04: Chaos Rising,2026-05-22,Reverse Holofoil,0.25
693486,Ferrothorn,063/086,Uncommon,Metal,130,Stage 1,3,Rx2,G-30,ME04: Chaos Rising,2026-05-22,Normal,0.09
693487,Flaaffy,028/086,Common,Lightning,90,Stage 1,2,Fx2,,ME04: Chaos Rising,2026-05-22,Normal,0.06
693487,Flaaffy,028/086,Common,Lightning,90,Stage 1,2,Fx2,,ME04: Chaos Rising,2026-05-22,Reverse Holofoil,0.26
693488,Froakie - 020/086,020/086,Common,Water,70,Basic,1,Lx2,,ME04: Chaos Rising,2026-05-22,Normal,0.2
693488,Froakie - 020/086,020/086,Common,Water,70,Basic,1,Lx2,,ME04: Chaos Rising,2026-05-22,Reverse Holofoil,0.23
693489,Froakie - 088/086,088/086,Illustration Rare,Water,70,Basic,1,Lx2,,ME04: Chaos Rising,2026-05-22,Holofoil,6.19
693490,Frogadier - 021/086,021/086,Common,Water,100,Stage 1,1,Lx2,,ME04: Chaos Rising,2026-05-22,Normal,0.22
693490,Frogadier - 021/086,021/086,Common,Water,100,Stage 1,1,Lx2,,ME04: Chaos Rising,2026-05-22,Reverse Holofoil,0.24
693491,Frogadier - 089/086,089/086,Illustration Rare,Water,100,Stage 1,1,Lx2,,ME04: Chaos Rising,2026-05-22,Holofoil,5.1
693492,Garbodor,057/086,Uncommon,Darkness,140,Stage 1,3,Fx2,,ME04: Chaos Rising,2026-05-22,Normal,0.07
693492,Garbodor,057/086,Uncommon,Darkness,140,Stage 1,3,Fx2,,ME04: Chaos Rising,2026-05-22,Reverse Holofoil,0.29
693493,Golbat,050/086,Common,Darkness,80,Stage 1,1,Lx2,F-30,ME04: Chaos Rising,2026-05-22,Normal,0.09
693493,Golbat,050/086,Common,Darkness,80,Stage 1,1,Lx2,F-30,ME04: Chaos Rising,2026-05-22,Reverse Holofoil,0.21
693494,Golisopod,026/086,Uncommon,Water,140,Stage 1,2,Lx2,,ME04: Chaos Rising,2026-05-22,Reverse Holofoil,0.26
693494,Golisopod,026/086,Uncommon,Water,140,Stage 1,2,Lx2,,ME04: Chaos Rising,2026-05-22,Normal,0.07
693495,Goodra,068/086,Rare,Dragon,160,Stage 2,3,,,ME04: Chaos Rising,2026-05-22,Reverse Holofoil,0.19
693495,Goodra,068/086,Rare,Dragon,160,Stage 2,3,,,ME04: Chaos Rising,2026-05-22,Holofoil,0.15
693496,Goomy,066/086,Common,Dragon,60,Basic,2,,,ME04: Chaos Rising,2026-05-22,Normal,0.08
693496,Goomy,066/086,Common,Dragon,60,Basic,2,,,ME04: Chaos Rising,2026-05-22,Reverse Holofoil,0.16
693497,Gourgeist ex - 041/086,041/086,Double Rare,Psychic,270,Stage 1,2,Dx2,F-30,ME04: Chaos Rising,2026-05-22,Holofoil,0.7
693498,Gourgeist ex - 102/086,102/086,Ultra Rare,Psychic,270,Stage 1,2,Dx2,F-30,ME04: Chaos Rising,2026-05-22,Holofoil,1.3
693500,Ho-Oh,010/086,Rare,Fire,130,Basic,2,Wx2,,ME04: Chaos Rising,2026-05-22,Reverse Holofoil,0.19
693500,Ho-Oh,010/086,Rare,Fire,130,Basic,2,Wx2,,ME04: Chaos Rising,2026-05-22,Holofoil,0.2
693502,Kakuna,002/086,Common,Grass,80,Stage 1,3,Rx2,,ME04: Chaos Rising,2026-05-22,Reverse Holofoil,0.22
693502,Kakuna,002/086,Common,Grass,80,Stage 1,3,Rx2,,ME04: Chaos Rising,2026-05-22,Normal,0.16
693503,Keldeo,019/086,Rare,Water,110,Basic,1,Lx2,,ME04: Chaos Rising,2026-05-22,Holofoil,0.2
693503,Keldeo,019/086,Rare,Water,110,Basic,1,Lx2,,ME04: Chaos Rising,2026-05-22,Reverse Holofoil,0.22
693504,Krookodile ex,055/086,Double Rare,Darkness,320,Stage 2,3,Gx2,,ME04: Chaos Rising,2026-05-22,Holofoil,0.73
693505,Litleo,014/086,Common,Fire,70,Basic,1,Wx2,,ME04: Chaos Rising,2026-05-22,Normal,0.1
693505,Litleo,014/086,Common,Fire,70,Basic,1,Wx2,,ME04: Chaos Rising,2026-05-22,Reverse Holofoil,0.2
693507,Mareep,027/086,Common,Lightning,70,Basic,2,Fx2,,ME04: Chaos Rising,2026-05-22,Reverse Holofoil,0.21
693507,Mareep,027/086,Common,Lightning,70,Basic,2,Fx2,,ME04: Chaos Rising,2026-05-22,Normal,0.06
693508,Mega Dragalge ex - 065/086,065/086,Double Rare,Dragon,330,Stage 1,2,,,ME04: Chaos Rising,2026-05-22,Holofoil,0.76
693509,Mega Dragalge ex - 104/086,104/086,Ultra Rare,Dragon,330,Stage 1,2,,,ME04: Chaos Rising,2026-05-22,Holofoil,2.48
693510,Mega Dragalge ex - 118/086,118/086,Special Illustration Rare,Dragon,330,Stage 1,2,,,ME04: Chaos Rising,2026-05-22,Holofoil,34.86
693511,Mega Floette ex - 035/086,035/086,Double Rare,Psychic,250,Basic,1,Mx2,,ME04: Chaos Rising,2026-05-22,Holofoil,0.81
693512,Mega Floette ex - 101/086,101/086,Ultra Rare,Psychic,250,Basic,1,Mx2,,ME04: Chaos Rising,2026-05-22,Holofoil,3.58
693513,Mega Floette ex - 117/086,117/086,Special Illustration Rare,Psychic,250,Basic,1,Mx2,,ME04: Chaos Rising,2026-05-22,Holofoil,27.44
693514,Mega Gallade ex,048/086,Double Rare,Fighting,350,Stage 2,2,Px2,,ME04: Chaos Rising,2026-05-22,Holofoil,0.78
693515,Mega Greninja ex - 022/086,022/086,Double Rare,Water,350,Stage 2,1,Lx2,,ME04: Chaos Rising,2026-05-22,Holofoil,1.0
693516,Mega Greninja ex - 100/086,100/086,Ultra Rare,Water,350,Stage 2,1,Lx2,,ME04: Chaos Rising,2026-05-22,Holofoil,9.78
693517,Mega Greninja ex - 116/086,116/086,Special Illustration Rare,Water,350,Stage 2,1,Lx2,,ME04: Chaos Rising,2026-05-22,Holofoil,173.93
693518,Mega Greninja ex - 122/086,122/086,Mega Hyper Rare,Water,350,Stage 2,1,Lx2,,ME04: Chaos Rising,2026-05-22,Holofoil,157.95
693519,Mega Pyroar ex - 015/086,015/086,Double Rare,Fire,340,Stage 1,2,Wx2,,ME04: Chaos Rising,2026-05-22,Holofoil,0.56
693520,Mega Pyroar ex - 099/086,099/086,Ultra Rare,Fire,340,Stage 1,2,Wx2,,ME04: Chaos Rising,2026-05-22,Holofoil,2.69
693521,Meowstic,037/086,Uncommon,Psychic,100,Stage 1,1,Dx2,F-30,ME04: Chaos Rising,2026-05-22,Reverse Holofoil,0.22
693521,Meowstic,037/086,Uncommon,Psychic,100,Stage 1,1,Dx2,F-30,ME04: Chaos Rising,2026-05-22,Normal,0.05
693522,Metagross,061/086,Uncommon,Metal,180,Stage 2,3,Rx2,G-30,ME04: Chaos Rising,2026-05-22,Reverse Holofoil,0.28
693522,Metagross,061/086,Uncommon,Metal,180,Stage 2,3,Rx2,G-30,ME04: Chaos Rising,2026-05-22,Normal,0.14
693523,Metang - 060/086,060/086,Common,Metal,100,Stage 1,2,Rx2,G-30,ME04: Chaos Rising,2026-05-22,Normal,0.07
693523,Metang - 060/086,060/086,Common,Metal,100,Stage 1,2,Rx2,G-30,ME04: Chaos Rising,2026-05-22,Reverse Holofoil,0.28
693524,Metang - 094/086,094/086,Illustration Rare,Metal,100,Stage 1,2,Rx2,G-30,ME04: Chaos Rising,2026-05-22,Holofoil,1.85
693525,Minccino,072/086,Common,Colorless,70,Basic,1,Fx2,,ME04: Chaos Rising,2026-05-22,Normal,0.07
693525,Minccino,072/086,Common,Colorless,70,Basic,1,Fx2,,ME04: Chaos Rising,2026-05-22,Reverse Holofoil,0.25
693526,Ninetales,009/086,Uncommon,Fire,120,Stage 1,1,Wx2,,ME04: Chaos Rising,2026-05-22,Reverse Holofoil,0.25
693526,Ninetales,009/086,Uncommon,Fire,120,Stage 1,1,Wx2,,ME04: Chaos Rising,2026-05-22,Normal,0.12
693528,Octillery,017/086,Common,Water,110,Stage 1,2,Lx2,,ME04: Chaos Rising,2026-05-22,Reverse Holofoil,0.2
693528,Octillery,017/086,Common,Water,110,Stage 1,2,Lx2,,ME04: Chaos Rising,2026-05-22,Normal,0.13
693529,Patrat,070/086,Common,Colorless,70,Basic,1,Fx2,,ME04: Chaos Rising,2026-05-22,Reverse Holofoil,0.25
693529,Patrat,070/086,Common,Colorless,70,Basic,1,Fx2,,ME04: Chaos Rising,2026-05-22,Normal,0.13
693530,Phanpy,044/086,Common,Fighting,80,Basic,2,Gx2,,ME04: Chaos Rising,2026-05-22,Reverse Holofoil,0.24
693530,Phanpy,044/086,Common,Fighting,80,Basic,2,Gx2,,ME04: Chaos Rising,2026-05-22,Normal,0.13
693531,Phantump,038/086,Common,Psychic,70,Basic,2,Dx2,F-30,ME04: Chaos Rising,2026-05-22,Reverse Holofoil,0.2
693531,Phantump,038/086,Common,Psychic,70,Basic,2,Dx2,F-30,ME04: Chaos Rising,2026-05-22,Normal,0.06
693536,Pumpkaboo,040/086,Common,Psychic,60,Basic,2,Dx2,F-30,ME04: Chaos Rising,2026-05-22,Normal,0.08
693536,Pumpkaboo,040/086,Common,Psychic,60,Basic,2,Dx2,F-30,ME04: Chaos Rising,2026-05-22,Reverse Holofoil,0.25
693537,Quilladin,006/086,Common,Grass,100,Stage 1,3,Rx2,,ME04: Chaos Rising,2026-05-22,Reverse Holofoil,0.26
693537,Quilladin,006/086,Common,Grass,100,Stage 1,3,Rx2,,ME04: Chaos Rising,2026-05-22,Normal,0.07
693538,Qwilfish,052/086,Common,Darkness,90,Basic,1,Fx2,,ME04: Chaos Rising,2026-05-22,Normal,0.07
693538,Qwilfish,052/086,Common,Darkness,90,Basic,1,Fx2,,ME04: Chaos Rising,2026-05-22,Reverse Holofoil,0.25
693539,Remoraid,016/086,Common,Water,70,Basic,1,Lx2,,ME04: Chaos Rising,2026-05-22,Reverse Holofoil,0.17
693539,Remoraid,016/086,Common,Water,70,Basic,1,Lx2,,ME04: Chaos Rising,2026-05-22,Normal,0.11
693543,Skrelp,058/086,Common,Darkness,70,Basic,1,Fx2,,ME04: Chaos Rising,2026-05-22,Normal,0.19
693543,Skrelp,058/086,Common,Darkness,70,Basic,1,Fx2,,ME04: Chaos Rising,2026-05-22,Reverse Holofoil,0.24
693544,Skuntank,054/086,Uncommon,Darkness,110,Stage 1,2,Fx2,,ME04: Chaos Rising,2026-05-22,Normal,0.05
693544,Skuntank,054/086,Uncommon,Darkness,110,Stage 1,2,Fx2,,ME04: Chaos Rising,2026-05-22,Reverse Holofoil,0.21
693545,Sliggoo - 067/086,067/086,Common,Dragon,90,Stage 1,3,,,ME04: Chaos Rising,2026-05-22,Reverse Holofoil,0.24
693545,Sliggoo - 067/086,067/086,Common,Dragon,90,Stage 1,3,,,ME04: Chaos Rising,2026-05-22,Normal,0.22
693546,Sliggoo - 095/086,095/086,Illustration Rare,Dragon,90,Stage 1,3,,,ME04: Chaos Rising,2026-05-22,Holofoil,2.02
693549,Stunky,053/086,Common,Darkness,70,Basic,2,Fx2,,ME04: Chaos Rising,2026-05-22,Reverse Holofoil,0.26
693549,Stunky,053/086,Common,Darkness,70,Basic,2,Fx2,,ME04: Chaos Rising,2026-05-22,Normal,0.09
693550,Sudowoodo,043/086,Uncommon,Fighting,110,Basic,1,Gx2,,ME04: Chaos Rising,2026-05-22,Normal,0.06
693550,Sudowoodo,043/086,Uncommon,Fighting,110,Basic,1,Gx2,,ME04: Chaos Rising,2026-05-22,Reverse Holofoil,0.28
693552,Tauros - 069/086,069/086,Uncommon,Colorless,130,Basic,2,Fx2,,ME04: Chaos Rising,2026-05-22,Reverse Holofoil,0.19
693552,Tauros - 069/086,069/086,Uncommon,Colorless,130,Basic,2,Fx2,,ME04: Chaos Rising,2026-05-22,Normal,0.06
693553,Tauros - 096/086,096/086,Illustration Rare,Colorless,130,Basic,2,Fx2,,ME04: Chaos Rising,2026-05-22,Holofoil,3.13
693556,Trevenant,039/086,Rare,Psychic,130,Stage 1,3,Dx2,F-30,ME04: Chaos Rising,2026-05-22,Reverse Holofoil,0.2
693556,Trevenant,039/086,Rare,Psychic,130,Stage 1,3,Dx2,F-30,ME04: Chaos Rising,2026-05-22,Holofoil,0.17
693557,Trubbish,056/086,Common,Darkness,70,Basic,2,Fx2,,ME04: Chaos Rising,2026-05-22,Normal,0.1
693557,Trubbish,056/086,Common,Darkness,70,Basic,2,Fx2,,ME04: Chaos Rising,2026-05-22,Reverse Holofoil,0.21
693558,Vulpix,008/086,Common,Fire,70,Basic,1,Wx2,,ME04: Chaos Rising,2026-05-22,Normal,0.11
693558,Vulpix,008/086,Common,Fire,70,Basic,1,Wx2,,ME04: Chaos Rising,2026-05-22,Reverse Holofoil,0.27
693559,Watchog - 071/086,071/086,Common,Colorless,100,Stage 1,1,Fx2,,ME04: Chaos Rising,2026-05-22,Reverse Holofoil,0.18
693559,Watchog - 071/086,071/086,Common,Colorless,100,Stage 1,1,Fx2,,ME04: Chaos Rising,2026-05-22,Normal,0.05
693560,Watchog - 097/086,097/086,Illustration Rare,Colorless,100,Stage 1,1,Fx2,,ME04: Chaos Rising,2026-05-22,Holofoil,1.4
693561,Weedle,001/086,Common,Grass,50,Basic,1,Rx2,,ME04: Chaos Rising,2026-05-22,Reverse Holofoil,0.25
693561,Weedle,001/086,Common,Grass,50,Basic,1,Rx2,,ME04: Chaos Rising,2026-05-22,Normal,0.06
693562,Wimpod,025/086,Common,Water,70,Basic,2,Lx2,,ME04: Chaos Rising,2026-05-22,Normal,0.08
693562,Wimpod,025/086,Common,Water,70,Basic,2,Lx2,,ME04: Chaos Rising,2026-05-22,Reverse Holofoil,0.18
693563,Xerneas - 042/086,042/086,Rare,Psychic,130,Basic,2,Mx2,,ME04: Chaos Rising,2026-05-22,Holofoil,0.19
693563,Xerneas - 042/086,042/086,Rare,Psychic,130,Basic,2,Mx2,,ME04: Chaos Rising,2026-05-22,Reverse Holofoil,0.21
693564,Xerneas - 091/086,091/086,Illustration Rare,Psychic,130,Basic,2,Mx2,,ME04: Chaos Rising,2026-05-22,Holofoil,6.24
693565,Zubat,049/086,Common,Darkness,40,Basic,0,Lx2,F-30,ME04: Chaos Rising,2026-05-22,Reverse Holofoil,0.26
693565,Zubat,049/086,Common,Darkness,40,Basic,0,Lx2,F-30,ME04: Chaos Rising,2026-05-22,Normal,0.08
45120,Clefable (1),01/64,Holo Rare,Colorless,70,Stage 1,2,F,P-30,Jungle,1999-06-16,1st Edition Holofoil,121.14
45120,Clefable (1),01/64,Holo Rare,Colorless,70,Stage 1,2,F,P-30,Jungle,1999-06-16,Unlimited Holofoil,38.26
45121,Scyther (10),10/64,Holo Rare,Grass,70,Basic,,R,F-30,Jungle,1999-06-16,1st Edition Holofoil,158.49
45121,Scyther (10),10/64,Holo Rare,Grass,70,Basic,,R,F-30,Jungle,1999-06-16,Unlimited Holofoil,61.71
45122,Snorlax (11),11/64,Holo Rare,Colorless,90,Basic,4,F,P-30,Jungle,1999-06-16,1st Edition Holofoil,342.03
45122,Snorlax (11),11/64,Holo Rare,Colorless,90,Basic,4,F,P-30,Jungle,1999-06-16,Unlimited Holofoil,151.06
45123,Vaporeon (12),12/64,Holo Rare,Water,80,Stage 1,1,L,,Jungle,1999-06-16,1st Edition Holofoil,105.5
45123,Vaporeon (12),12/64,Holo Rare,Water,80,Stage 1,1,L,,Jungle,1999-06-16,Unlimited Holofoil,49.96
45124,Venomoth (13),13/64,Holo Rare,Grass,70,Stage 1,,R,F-30,Jungle,1999-06-16,1st Edition Holofoil,85.14
45124,Venomoth (13),13/64,Holo Rare,Grass,70,Stage 1,,R,F-30,Jungle,1999-06-16,Unlimited Holofoil,37.38
45125,Victreebel (14),14/64,Holo Rare,Grass,80,Stage 2,2,R,,Jungle,1999-06-16,1st Edition Holofoil,119.99
45125,Victreebel (14),14/64,Holo Rare,Grass,80,Stage 2,2,R,,Jungle,1999-06-16,Unlimited Holofoil,46.71
45126,Vileplume (15),15/64,Holo Rare,Grass,80,Stage 2,2,R,,Jungle,1999-06-16,1st Edition Holofoil,90.56
45126,Vileplume (15),15/64,Holo Rare,Grass,80,Stage 2,2,R,,Jungle,1999-06-16,Unlimited Holofoil,37.9
45127,Wigglytuff (16),16/64,Holo Rare,Colorless,80,Stage 1,2,F,P-30,Jungle,1999-06-16,1st Edition Holofoil,78.38
45127,Wigglytuff (16),16/64,Holo Rare,Colorless,80,Stage 1,2,F,P-30,Jungle,1999-06-16,Unlimited Holofoil,42.65
45128,Electrode (2),02/64,Holo Rare,Lightning,90,Stage 1,1,F,,Jungle,1999-06-16,1st Edition Holofoil,64.13
45128,Electrode (2),02/64,Holo Rare,Lightning,90,Stage 1,1,F,,Jungle,1999-06-16,Unlimited Holofoil,25.48
45129,Flareon (3),03/64,Holo Rare,Fire,70,Stage 1,1,W,,Jungle,1999-06-16,1st Edition Holofoil,159.62
45129,Flareon (3),03/64,Holo Rare,Fire,70,Stage 1,1,W,,Jungle,1999-06-16,Unlimited Holofoil,96.04
45130,Jolteon (4),04/64,Holo Rare,Lightning,70,Stage 1,1,F,,Jungle,1999-06-16,1st Edition Holofoil,258.06
45130,Jolteon (4),04/64,Holo Rare,Lightning,70,Stage 1,1,F,,Jungle,1999-06-16,Unlimited Holofoil,99.06
45131,Kangaskhan (5),05/64,Holo Rare,Colorless,90,Basic,3,F,P-30,Jungle,1999-06-16,1st Edition Holofoil,81.52
45131,Kangaskhan (5),05/64,Holo Rare,Colorless,90,Basic,3,F,P-30,Jungle,1999-06-16,Unlimited Holofoil,18.73
45132,Mr. Mime (6),06/64,Holo Rare,Psychic,40,Basic,,P,,Jungle,1999-06-16,1st Edition Holofoil,128.45
45132,Mr. Mime (6),06/64,Holo Rare,Psychic,40,Basic,,P,,Jungle,1999-06-16,Unlimited Holofoil,38.28
45133,Nidoqueen (7),07/64,Holo Rare,Grass,90,Stage 2,3,P,,Jungle,1999-06-16,1st Edition Holofoil,113.81
45133,Nidoqueen (7),07/64,Holo Rare,Grass,90,Stage 2,3,P,,Jungle,1999-06-16,Unlimited Holofoil,44.7
45134,Pidgeot (8),08/64,Holo Rare,Colorless,80,Stage 2,,L,F-30,Jungle,1999-06-16,1st Edition Holofoil,160.46
45134,Pidgeot (8),08/64,Holo Rare,Colorless,80,Stage 2,,L,F-30,Jungle,1999-06-16,Unlimited Holofoil,54.77
45135,Pinsir (9),09/64,Holo Rare,Grass,60,Basic,1,R,,Jungle,1999-06-16,1st Edition Holofoil,88.13
45135,Pinsir (9),09/64,Holo Rare,Grass,60,Basic,1,R,,Jungle,1999-06-16,Unlimited Holofoil,32.28
45136,Butterfree,33/64,Uncommon,Grass,70,Stage 2,,R,F-30,Jungle,1999-06-16,1st Edition,14.83
45136,Butterfree,33/64,Uncommon,Grass,70,Stage 2,,R,F-30,Jungle,1999-06-16,Unlimited,1.89
45137,Dodrio,34/64,Uncommon,Colorless,70,Stage 1,,L,F-30,Jungle,1999-06-16,1st Edition,4.39
45137,Dodrio,34/64,Uncommon,Colorless,70,Stage 1,,L,F-30,Jungle,1999-06-16,Unlimited,1.52
45138,Exeggutor,35/64,Uncommon,Grass,80,Stage 1,3,R,,Jungle,1999-06-16,1st Edition,6.71
45138,Exeggutor,35/64,Uncommon,Grass,80,Stage 1,3,R,,Jungle,1999-06-16,Unlimited,1.65
45139,Fearow,36/64,Uncommon,Colorless,70,Stage 1,,L,F-30,Jungle,1999-06-16,1st Edition,4.29
45139,Fearow,36/64,Uncommon,Colorless,70,Stage 1,,L,F-30,Jungle,1999-06-16,Unlimited,1.05
45140,Gloom,37/64,Uncommon,Grass,60,Stage 1,1,R,,Jungle,1999-06-16,1st Edition,4.47
45140,Gloom,37/64,Uncommon,Grass,60,Stage 1,1,R,,Jungle,1999-06-16,Unlimited,0.79
45141,Lickitung,38/64,Uncommon,Colorless,90,Basic,3,F,P-30,Jungle,1999-06-16,1st Edition,8.7
45141,Lickitung,38/64,Uncommon,Colorless,90,Basic,3,F,P-30,Jungle,1999-06-16,Unlimited,1.57
45142,Marowak,39/64,Uncommon,Fighting,60,Stage 1,1,G,L-30,Jungle,1999-06-16,1st Edition,11.56
45142,Marowak,39/64,Uncommon,Fighting,60,Stage 1,1,G,L-30,Jungle,1999-06-16,Unlimited,2.38
45143,Nidorina,40/64,Uncommon,Grass,70,Stage 1,1,P,,Jungle,1999-06-16,1st Edition,3.9
45143,Nidorina,40/64,Uncommon,Grass,70,Stage 1,1,P,,Jungle,1999-06-16,Unlimited,0.58
45144,Parasect,41/64,Uncommon,Grass,60,Stage 1,,R,,Jungle,1999-06-16,1st Edition,3.05
45144,Parasect,41/64,Uncommon,Grass,60,Stage 1,,R,,Jungle,1999-06-16,Unlimited,1.17
45145,Persian,42/64,Uncommon,Colorless,70,Stage 1,,F,P-30,Jungle,1999-06-16,1st Edition,11.39
45145,Persian,42/64,Uncommon,Colorless,70,Stage 1,,F,P-30,Jungle,1999-06-16,Unlimited,0.88
45146,Primeape,43/64,Uncommon,Fighting,70,Stage 1,1,P,,Jungle,1999-06-16,1st Edition,6.25
45146,Primeape,43/64,Uncommon,Fighting,70,Stage 1,1,P,,Jungle,1999-06-16,Unlimited,1.46
45147,Rapidash,44/64,Uncommon,Fire,70,Stage 1,,W,,Jungle,1999-06-16,1st Edition,10.31
45147,Rapidash,44/64,Uncommon,Fire,70,Stage 1,,W,,Jungle,1999-06-16,Unlimited,2.43
45148,Rhydon,45/64,Uncommon,Fighting,100,Stage 1,3,G,L-30,Jungle,1999-06-16,1st Edition,12.25
45148,Rhydon,45/64,Uncommon,Fighting,100,Stage 1,3,G,L-30,Jungle,1999-06-16,Unlimited,1.25
45149,Seaking,46/64,Uncommon,Water,70,Stage 1,1,L,,Jungle,1999-06-16,1st Edition,5.02
45149,Seaking,46/64,Uncommon,Water,70,Stage 1,1,L,,Jungle,1999-06-16,Unlimited,1.6
45150,Tauros,47/64,Uncommon,Colorless,60,Basic,2,F,P-30,Jungle,1999-06-16,1st Edition,5.95
45150,Tauros,47/64,Uncommon,Colorless,60,Basic,2,F,P-30,Jungle,1999-06-16,Unlimited,1.27
45151,Weepinbell,48/64,Uncommon,Grass,70,Stage 1,1,R,,Jungle,1999-06-16,1st Edition,3.8
45151,Weepinbell,48/64,Uncommon,Grass,70,Stage 1,1,R,,Jungle,1999-06-16,Unlimited,0.72
45152,Bellsprout,49/64,Common,Grass,40,Basic,1,R,,Jungle,1999-06-16,1st Edition,3.26
45152,Bellsprout,49/64,Common,Grass,40,Basic,1,R,,Jungle,1999-06-16,Unlimited,0.42
45153,Cubone,50/64,Common,Fighting,40,Basic,1,G,L-30,Jungle,1999-06-16,1st Edition,11.13
45153,Cubone,50/64,Common,Fighting,40,Basic,1,G,L-30,Jungle,1999-06-16,Unlimited,1.94
45154,Eevee,51/64,Common,Colorless,50,Basic,1,F,P-30,Jungle,1999-06-16,1st Edition,14.36
45154,Eevee,51/64,Common,Colorless,50,Basic,1,F,P-30,Jungle,1999-06-16,Unlimited,2.64
45155,Exeggcute,52/64,Common,Grass,50,Basic,1,R,,Jungle,1999-06-16,1st Edition,2.77
45155,Exeggcute,52/64,Common,Grass,50,Basic,1,R,,Jungle,1999-06-16,Unlimited,0.48
45156,Goldeen,53/64,Common,Water,40,Basic,,L,,Jungle,1999-06-16,1st Edition,2.62
45156,Goldeen,53/64,Common,Water,40,Basic,,L,,Jungle,1999-06-16,Unlimited,0.55
45157,Jigglypuff,54/64,Common,Colorless,60,Basic,1,F,P-30,Jungle,1999-06-16,1st Edition,7.14
45157,Jigglypuff,54/64,Common,Colorless,60,Basic,1,F,P-30,Jungle,1999-06-16,Unlimited,1.37
45158,Mankey,55/64,Common,Fighting,30,Basic,,P,,Jungle,1999-06-16,1st Edition,1.99
45158,Mankey,55/64,Common,Fighting,30,Basic,,P,,Jungle,1999-06-16,Unlimited,0.5
45159,Meowth,56/64,Common,Colorless,50,Basic,1,F,P-30,Jungle,1999-06-16,1st Edition,5.08
45159,Meowth,56/64,Common,Colorless,50,Basic,1,F,P-30,Jungle,1999-06-16,Unlimited,0.98
45160,Nidoran F,57/64,Common,Grass,60,Basic,1,P,,Jungle,1999-06-16,1st Edition,2.73
45160,Nidoran F,57/64,Common,Grass,60,Basic,1,P,,Jungle,1999-06-16,Unlimited,0.4
45161,Oddish,58/64,Common,Grass,50,Basic,1,R,,Jungle,1999-06-16,1st Edition,3.29
45161,Oddish,58/64,Common,Grass,50,Basic,1,R,,Jungle,1999-06-16,Unlimited,0.48
45162,Paras,59/64,Common,Grass,40,Basic,1,R,,Jungle,1999-06-16,1st Edition,2.09
45162,Paras,59/64,Common,Grass,40,Basic,1,R,,Jungle,1999-06-16,Unlimited,0.52
45163,Pikachu,60/64,Common,Lightning,50,Basic,1,F,,Jungle,1999-06-16,1st Edition,26.2
45163,Pikachu,60/64,Common,Lightning,50,Basic,1,F,,Jungle,1999-06-16,Unlimited,7.83
45164,Rhyhorn,61/64,Common,Fighting,70,Basic,3,G,L-30,Jungle,1999-06-16,1st Edition,2.83
45164,Rhyhorn,61/64,Common,Fighting,70,Basic,3,G,L-30,Jungle,1999-06-16,Unlimited,0.45
45165,Spearow,62/64,Common,Colorless,50,Basic,,L,F-30,Jungle,1999-06-16,1st Edition,2.16
45165,Spearow,62/64,Common,Colorless,50,Basic,,L,F-30,Jungle,1999-06-16,Unlimited,0.44
45166,Venonat,63/64,Common,Grass,40,Basic,1,R,,Jungle,1999-06-16,1st Edition,2.15
45166,Venonat,63/64,Common,Grass,40,Basic,1,R,,Jungle,1999-06-16,Unlimited,0.46
106979,Clefable (17),17/64,Rare,Colorless,70,Stage 1,2,F,P-30,Jungle,1999-06-16,1st Edition,15.45
106979,Clefable (17),17/64,Rare,Colorless,70,Stage 1,2,F,P-30,Jungle,1999-06-16,Unlimited,8.69
106980,Electrode (18),18/64,Rare,Lightning,90,Stage 1,1,F,,Jungle,1999-06-16,1st Edition,50.54
106980,Electrode (18),18/64,Rare,Lightning,90,Stage 1,1,F,,Jungle,1999-06-16,Unlimited,8.09
106981,Flareon (19),19/64,Rare,Fire,70,Stage 1,1,W,,Jungle,1999-06-16,1st Edition,44.19
106981,Flareon (19),19/64,Rare,Fire,70,Stage 1,1,W,,Jungle,1999-06-16,Unlimited,14.83
106982,Jolteon (20),20/64,Rare,Lightning,70,Stage 1,1,F,,Jungle,1999-06-16,1st Edition,56.56
106982,Jolteon (20),20/64,Rare,Lightning,70,Stage 1,1,F,,Jungle,1999-06-16,Unlimited,23.59
106983,Kangaskhan (21),21/64,Rare,Colorless,90,Basic,3,F,P-30,Jungle,1999-06-16,1st Edition,19.25
106983,Kangaskhan (21),21/64,Rare,Colorless,90,Basic,3,F,P-30,Jungle,1999-06-16,Unlimited,6.02
106984,Mr. Mime (22),22/64,Rare,Psychic,40,Basic,,P,,Jungle,1999-06-16,1st Edition,19.77
106984,Mr. Mime (22),22/64,Rare,Psychic,40,Basic,,P,,Jungle,1999-06-16,Unlimited,9.86
106985,Nidoqueen (23),23/64,Rare,Grass,90,Stage 2,3,P,,Jungle,1999-06-16,1st Edition,21.92
106985,Nidoqueen (23),23/64,Rare,Grass,90,Stage 2,3,P,,Jungle,1999-06-16,Unlimited,9.26
106986,Pidgeot (24),24/64,Rare,Colorless,80,Stage 2,,L,F-30,Jungle,1999-06-16,1st Edition,21.7
106986,Pidgeot (24),24/64,Rare,Colorless,80,Stage 2,,L,F-30,Jungle,1999-06-16,Unlimited,8.21
106987,Pinsir (25),25/64,Rare,Grass,60,Basic,1,R,,Jungle,1999-06-16,1st Edition,19.0
106987,Pinsir (25),25/64,Rare,Grass,60,Basic,1,R,,Jungle,1999-06-16,Unlimited,5.37
106988,Scyther (26),26/64,Rare,Grass,70,Basic,,R,F-30,Jungle,1999-06-16,1st Edition,30.49
106988,Scyther (26),26/64,Rare,Grass,70,Basic,,R,F-30,Jungle,1999-06-16,Unlimited,17.63
106989,Snorlax (27),27/64,Rare,Colorless,90,Basic,4,F,P-30,Jungle,1999-06-16,1st Edition,77.85
106989,Snorlax (27),27/64,Rare,Colorless,90,Basic,4,F,P-30,Jungle,1999-06-16,Unlimited,26.96
106990,Vaporeon (28),28/64,Rare,Water,80,Stage 1,1,L,,Jungle,1999-06-16,1st Edition,38.54
106990,Vaporeon (28),28/64,Rare,Water,80,Stage 1,1,L,,Jungle,1999-06-16,Unlimited,16.08
106991,Venomoth (29),29/64,Rare,Grass,70,Stage 1,,R,F-30,Jungle,1999-06-16,1st Edition,13.29
106991,Venomoth (29),29/64,Rare,Grass,70,Stage 1,,R,F-30,Jungle,1999-06-16,Unlimited,6.15
106992,Victreebel (30),30/64,Rare,Grass,80,Stage 2,2,R,,Jungle,1999-06-16,1st Edition,15.65
106992,Victreebel (30),30/64,Rare,Grass,80,Stage 2,2,R,,Jungle,1999-06-16,Unlimited,7.29
106993,Vileplume (31),31/64,Rare,Grass,80,Stage 2,2,R,None,Jungle,1999-06-16,1st Edition,16.4
106993,Vileplume (31),31/64,Rare,Grass,80,Stage 2,2,R,None,Jungle,1999-06-16,Unlimited,7.44
106994,Wigglytuff (32),32/64,Rare,Colorless,80,Stage 1,2,F,P-30,Jungle,1999-06-16,1st Edition,21.53
106994,Wigglytuff (32),32/64,Rare,Colorless,80,Stage 1,2,F,P-30,Jungle,1999-06-16,Unlimited,8.24
83578,Arcanine,06/53,Promo,Fire,70,Stage 1,1,W,,WoTC Promo,1999-07-01,Normal,34.93
83647,Articuno (22),22/53,Promo,Water,70,Basic,1,,F,WoTC Promo,1999-07-01,Normal,19.93
83648,Articuno (48),48/53,Promo,Water,80,Basic,2,,F,WoTC Promo,1999-07-01,Normal,94.45
84143,Celebi,50/53,Promo,Grass,50,Basic,1,R,,WoTC Promo,1999-07-01,Normal,103.89
84363,Cleffa,31/53,Promo,Colorless,30,Basic,,,,WoTC Promo,1999-07-01,Normal,15.66
84422,Cool Porygon,15/53,Promo,Colorless,50,Basic,1,F,P-30,WoTC Promo,1999-07-01,Holofoil,90.5
84638,Dark Persian,17/53,Promo,Colorless,60,Stage 1,,F,P-30,WoTC Promo,1999-07-01,Holofoil,118.76
84909,Dragonite (Movie Promo),05/53,Promo,Colorless,90,Stage 2,2,,F-30,WoTC Promo,1999-07-01,Normal,55.35
85074,Eevee,11/53,Promo,Colorless,30,Basic,,F,P-30,WoTC Promo,1999-07-01,Holofoil,51.65
85107,Electabuzz (Movie Promo),02/53,Promo,Lightning,60,Basic,2,F,,WoTC Promo,1999-07-01,Normal,11.16
85111,Electabuzz,46/53,Promo,Lightning,60,Basic,1,F,,WoTC Promo,1999-07-01,Normal,44.08
85270,Entei,34/53,Promo,Fire,80,Basic,1,W,,WoTC Promo,1999-07-01,Reverse Holofoil,29.74
85534,Flying Pikachu,25/53,Promo,Lightning,40,Basic,1,,F-30,WoTC Promo,1999-07-01,Normal,75.82
86112,Hitmontop,37/53,Promo,Fighting,60,Basic,1,P,,WoTC Promo,1999-07-01,Normal,9.11
86120,Ho-oh,52/53,Promo,Fire,80,Basic,2,W,F-30,WoTC Promo,1999-07-01,Normal,45.72
86259,Igglybuff,36/53,Promo,Colorless,30,Basic,,,,WoTC Promo,1999-07-01,Normal,13.52
86309,Jigglypuff,07/53,Promo,Colorless,70,Basic,1,F,P-30,WoTC Promo,1999-07-01,Normal,38.6
86961,Machamp,43/53,Promo,Fighting,90,Stage 2,3,P,,WoTC Promo,1999-07-01,Normal,76.26
87043,Magmar,44/53,Promo,Fire,60,Basic,2,W,,WoTC Promo,1999-07-01,Normal,33.55
87211,Marill,29/53,Promo,Water,50,Basic,2,L,,WoTC Promo,1999-07-01,Normal,6.87
87309,Meowth,10/53,Promo,Colorless,50,Basic,1,F,P-30,WoTC Promo,1999-07-01,Holofoil,64.62
87394,Mew (8),08/53,Promo,Psychic,50,Basic,1,P,,WoTC Promo,1999-07-01,Normal,9.66
87395,Mew (9),09/53,Promo,Psychic,50,Basic,1,P,,WoTC Promo,1999-07-01,Holofoil,151.64
87397,Mew (47),47/53,Promo,Psychic,40,Basic,1,P,,WoTC Promo,1999-07-01,Normal,164.07
87414,Mewtwo (Movie Promo),03/53,Promo,Psychic,70,Basic,2,P,,WoTC Promo,1999-07-01,Normal,39.3
87416,Mewtwo (12),12/53,Promo,Psychic,60,Basic,1,P,,WoTC Promo,1999-07-01,Normal,135.07
87417,Mewtwo (14),14/53,Promo,Psychic,70,Basic,2,P,,WoTC Promo,1999-07-01,Normal,29.01
87503,Misdreavus,39/53,Promo,Psychic,50,Basic,1,,F-30,WoTC Promo,1999-07-01,Normal,10.21
87557,Moltres,21/53,Promo,Fire,70,Basic,1,,F-30,WoTC Promo,1999-07-01,Normal,19.88
88014,Pichu,35/53,Promo,Lightning,30,Basic,,,,WoTC Promo,1999-07-01,Reverse Holofoil,90.03
88066,Pikachu (Movie Promo),04/53,Promo,Lightning,50,Basic,1,F,,WoTC Promo,1999-07-01,Normal,41.64
88068,Pikachu (SNAP Promo),26/53,Promo,Lightning,40,Basic,1,F,,WoTC Promo,1999-07-01,Normal,94.9
88069,Pikachu (27),27/53,Promo,Lightning,30,Basic,,F,,WoTC Promo,1999-07-01,Normal,29.42
88429,Psyduck,20/53,Promo,Water,50,Basic,1,L,,WoTC Promo,1999-07-01,Normal,76.7
88575,Rapidash (51),51/53,Promo,Fire,60,Stage 1,,W,,WoTC Promo,1999-07-01,Normal,53.66
88862,Sabrina's Abra,19/53,Promo,Psychic,40,Basic,,P,,WoTC Promo,1999-07-01,Normal,51.9
88960,Scizor,33/53,Promo,Metal,70,Stage 1,2,R,G-30,WoTC Promo,1999-07-01,Normal,16.48
88993,Scyther,45/53,Promo,Grass,60,Basic,1,R,F-30,WoTC Promo,1999-07-01,Normal,51.15
89353,Smeargle,32/53,Promo,Colorless,40,Basic,,F,P-30,WoTC Promo,1999-07-01,Normal,16.59
89385,Snorlax,49/53,Promo,Colorless,90,Basic,4,F,P-30,WoTC Promo,1999-07-01,Normal,416.61
89601,Suicune,53/53,Promo,Water,70,Basic,1,L,,WoTC Promo,1999-07-01,Normal,59.85
89643,Surfing Pikachu,28/53,Promo,Lightning,50,Basic,1,F,,WoTC Promo,1999-07-01,Normal,68.79
89851,Team Rocket's Meowth,18/53,Promo,Colorless,40,Basic,2,F,P-30,WoTC Promo,1999-07-01,Normal,25.8
89928,Togepi,30/53,Promo,Colorless,30,Basic,1,,P-30,WoTC Promo,1999-07-01,Normal,22.2
90215,Unown [J],38/53,Promo,Psychic,40,Basic,1,P,,WoTC Promo,1999-07-01,Normal,25.46
90311,Venusaur,13/53,Promo,Grass,100,Stage 2,1,R,,WoTC Promo,1999-07-01,Holofoil,295.68
90713,Zapdos,23/53,Promo,Lightning,70,Basic,1,,F-30,WoTC Promo,1999-07-01,Normal,22.13
90784,______'s Pikachu,24/53,Promo,Lightning,50,Basic,1,F,,WoTC Promo,1999-07-01,Holofoil,493.99
118775,Dark Gyarados (Prerelease),08/82,Promo,Water,70,Stage 1,2,G,F-30,WoTC Promo,1999-07-01,Holofoil,33.45
121772,Pikachu (1),01/53,Promo,Lightning,60,Basic,1,F,,WoTC Promo,1999-07-01,Normal,46.54
123445,Misty's Seadra (Prerelease),009/132,Promo,Water,70,Stage 1,1,L,,WoTC Promo,1999-07-01,Holofoil,21.91
123631,Kabuto [W Stamped],50/62,Promo,Fighting,30,Stage 1,1,G,,WoTC Promo,1999-07-01,Normal,62.42
123632,Brock's Vulpix [W Stamped],037/132,Promo,Fire,50,Basic,1,W,,WoTC Promo,1999-07-01,Normal,30.9
126208,Dark Arbok [W Stamped],19/82,Promo,Grass,60,Stage 1,2,P,,WoTC Promo,1999-07-01,Normal,53.67
126209,Pikachu [W Stamped],60/64,Promo,Lightning,50,Basic,1,F,,WoTC Promo,1999-07-01,Normal,181.36
127206,Wartortle [W Stamped],063/130,Promo,Water,70,Stage 1,1,L,,WoTC Promo,1999-07-01,Normal,72.98
154997,Clefable (Prerelease),01/64,Promo,Colorless,70,Stage 1,2,F,P-30,WoTC Promo,1999-07-01,Holofoil,999.95
154998,Aerodactyl (Prerelease),01/62,Promo,Fighting,60,Stage 1,2,G,F-30,WoTC Promo,1999-07-01,1st Edition Holofoil,86.97
166296,Misty's Psyduck [W Stamped],054/132,Promo,Water,50,Basic,1,G,,WoTC Promo,1999-07-01,Normal,147.63
244347,Rapidash [Pokemon Center NY],51/53,Promo,Fire,60,1,,W,,WoTC Promo,1999-07-01,Normal,87.22
244348,Ho-oh [Pokemon Center NY],52/53,Promo,Fire,80,Basic,2,W,F-30,WoTC Promo,1999-07-01,Normal,102.66
607818,Mew - 8 (Glossy Finish),8,Promo,Psychic,50,Basic,1,P,,WoTC Promo,1999-07-01,Normal,39.58
696103,Pikachu (Corocoro Grey Star),,Promo,Lightning,60,Basic,1,F,,WoTC Promo,1999-07-01,Normal,39.99
684329,Lapras ex,022/088,Double Rare,Water,210,Basic,2,Lx2,,ME03: Perfect Order,2026-03-27,Holofoil,0.6
684334,Binacle,042/088,Common,Fighting,80,Basic,2,Gx2,,ME03: Perfect Order,2026-03-27,Normal,0.07
684334,Binacle,042/088,Common,Fighting,80,Basic,2,Gx2,,ME03: Perfect Order,2026-03-27,Reverse Holofoil,0.21
684335,Barbaracle,043/088,Uncommon,Fighting,130,Stage 1,2,Gx2,,ME03: Perfect Order,2026-03-27,Reverse Holofoil,0.24
684335,Barbaracle,043/088,Uncommon,Fighting,130,Stage 1,2,Gx2,,ME03: Perfect Order,2026-03-27,Normal,0.07
684336,Mega Zygarde ex - 047/088,047/088,Double Rare,Fighting,310,Basic,2,Gx2,,ME03: Perfect Order,2026-03-27,Holofoil,0.62
684337,Mega Zygarde ex - 104/088,104/088,Ultra Rare,Fighting,310,Basic,2,Gx2,,ME03: Perfect Order,2026-03-27,Holofoil,4.48
684338,Mega Zygarde ex - 120/088,120/088,Special Illustration Rare,Fighting,310,Basic,2,Gx2,,ME03: Perfect Order,2026-03-27,Holofoil,57.3
684339,Mega Zygarde ex - 124/088,124/088,Mega Hyper Rare,Fighting,310,Basic,2,Gx2,,ME03: Perfect Order,2026-03-27,Holofoil,122.68
684340,Meowth ex - 062/088,062/088,Double Rare,Colorless,170,Basic,1,Fx2,,ME03: Perfect Order,2026-03-27,Holofoil,2.3
684341,Meowth ex - 107/088,107/088,Ultra Rare,Colorless,170,Basic,1,Fx2,,ME03: Perfect Order,2026-03-27,Holofoil,11.51
684342,Meowth ex - 121/088,121/088,Special Illustration Rare,Colorless,170,Basic,1,Fx2,,ME03: Perfect Order,2026-03-27,Holofoil,117.02
684351,Mega Skarmory ex - 055/088,055/088,Double Rare,Metal,260,Basic,0,Lx2,F-30,ME03: Perfect Order,2026-03-27,Holofoil,0.64
684352,Mega Skarmory ex - 106/088,106/088,Ultra Rare,Metal,260,Basic,0,Lx2,F-30,ME03: Perfect Order,2026-03-27,Holofoil,3.78
684353,Antique Jaw Fossil,068/088,Common,Trainer - Item,60,,,,,ME03: Perfect Order,2026-03-27,Normal,0.2
684353,Antique Jaw Fossil,068/088,Common,Trainer - Item,60,,,,,ME03: Perfect Order,2026-03-27,Reverse Holofoil,0.25
684354,Antique Sail Fossil,069/088,Common,Trainer - Item,60,,,,,ME03: Perfect Order,2026-03-27,Reverse Holofoil,0.28
684354,Antique Sail Fossil,069/088,Common,Trainer - Item,60,,,,,ME03: Perfect Order,2026-03-27,Normal,0.18
684355,Amaura,023/088,Common,Water,100,,3,Mx2,,ME03: Perfect Order,2026-03-27,Reverse Holofoil,0.29
684355,Amaura,023/088,Common,Water,100,,3,Mx2,,ME03: Perfect Order,2026-03-27,Normal,0.09
684356,Aurorus - 024/088,024/088,Rare,Water,170,Stage 2,3,Mx2,,ME03: Perfect Order,2026-03-27,Reverse Holofoil,0.24
684356,Aurorus - 024/088,024/088,Rare,Water,170,Stage 2,3,Mx2,,ME03: Perfect Order,2026-03-27,Holofoil,0.23
684357,Aurorus - 092/088,092/088,Illustration Rare,Water,170,Stage 2,3,Mx2,,ME03: Perfect Order,2026-03-27,Holofoil,2.13
684358,Tyrunt,044/088,Common,Fighting,100,,3,Gx2,,ME03: Perfect Order,2026-03-27,Reverse Holofoil,0.28
684358,Tyrunt,044/088,Common,Fighting,100,,3,Gx2,,ME03: Perfect Order,2026-03-27,Normal,0.08
684359,Tyrantrum,045/088,Rare,Fighting,180,Stage 2,3,Gx2,,ME03: Perfect Order,2026-03-27,Holofoil,0.23
684359,Tyrantrum,045/088,Rare,Fighting,180,Stage 2,3,Gx2,,ME03: Perfect Order,2026-03-27,Reverse Holofoil,0.31
684360,Mega Starmie ex - 021/088,021/088,Double Rare,Water,330,Stage 1,2,Lx2,,ME03: Perfect Order,2026-03-27,Holofoil,0.75
684361,Mega Starmie ex - 102/088,102/088,Ultra Rare,Water,330,Stage 1,2,Lx2,,ME03: Perfect Order,2026-03-27,Holofoil,5.21
684362,Mega Starmie ex - 118/088,118/088,Special Illustration Rare,Water,330,Stage 1,2,Lx2,,ME03: Perfect Order,2026-03-27,Holofoil,40.9
684363,Scatterbug,007/088,Common,Grass,40,Basic,1,Rx2,,ME03: Perfect Order,2026-03-27,Normal,0.06
684363,Scatterbug,007/088,Common,Grass,40,Basic,1,Rx2,,ME03: Perfect Order,2026-03-27,Reverse Holofoil,0.23
684364,Spewpa - 008/088,008/088,Common,Grass,80,Stage 1,3,Rx2,,ME03: Perfect Order,2026-03-27,Reverse Holofoil,0.24
684364,Spewpa - 008/088,008/088,Common,Grass,80,Stage 1,3,Rx2,,ME03: Perfect Order,2026-03-27,Normal,0.06
684365,Spewpa - 089/088,089/088,Illustration Rare,Grass,80,Stage 1,3,Rx2,,ME03: Perfect Order,2026-03-27,Holofoil,1.65
684366,Vivillon,009/088,Uncommon,Grass,120,Stage 2,1,Rx2,,ME03: Perfect Order,2026-03-27,Reverse Holofoil,0.26
684366,Vivillon,009/088,Uncommon,Grass,120,Stage 2,1,Rx2,,ME03: Perfect Order,2026-03-27,Normal,0.07
684367,Rowlet - 010/088,010/088,Common,Grass,80,Basic,2,Rx2,,ME03: Perfect Order,2026-03-27,Reverse Holofoil,0.28
684367,Rowlet - 010/088,010/088,Common,Grass,80,Basic,2,Rx2,,ME03: Perfect Order,2026-03-27,Normal,0.06
684368,Rowlet - 090/088,090/088,Illustration Rare,Grass,80,Basic,2,Rx2,,ME03: Perfect Order,2026-03-27,Holofoil,4.51
684369,Dartrix,011/088,Common,Grass,100,Stage 1,2,Rx2,,ME03: Perfect Order,2026-03-27,Reverse Holofoil,0.25
684369,Dartrix,011/088,Common,Grass,100,Stage 1,2,Rx2,,ME03: Perfect Order,2026-03-27,Normal,0.07
684370,Decidueye ex - 012/088,012/088,Double Rare,Grass,320,Stage 2,2,Rx2,,ME03: Perfect Order,2026-03-27,Holofoil,0.66
684371,Decidueye ex - 100/088,100/088,Ultra Rare,Grass,320,Stage 2,2,Rx2,,ME03: Perfect Order,2026-03-27,Holofoil,1.37
684372,Seel,018/088,Common,Water,80,Basic,2,Lx2,,ME03: Perfect Order,2026-03-27,Reverse Holofoil,0.28
684372,Seel,018/088,Common,Water,80,Basic,2,Lx2,,ME03: Perfect Order,2026-03-27,Normal,0.06
684373,Dewgong,019/088,Rare,Water,130,Stage 1,2,Lx2,,ME03: Perfect Order,2026-03-27,Holofoil,0.17
684373,Dewgong,019/088,Rare,Water,130,Stage 1,2,Lx2,,ME03: Perfect Order,2026-03-27,Reverse Holofoil,0.28
684374,Staryu,020/088,Common,Water,70,Basic,1,Lx2,,ME03: Perfect Order,2026-03-27,Reverse Holofoil,0.21
684374,Staryu,020/088,Common,Water,70,Basic,1,Lx2,,ME03: Perfect Order,2026-03-27,Normal,0.17
684376,Salazzle ex - 016/088,016/088,Double Rare,Fire,260,Stage 1,1,Wx2,,ME03: Perfect Order,2026-03-27,Holofoil,0.51
684377,Salazzle ex - 101/088,101/088,Ultra Rare,Fire,260,Stage 1,1,Wx2,,ME03: Perfect Order,2026-03-27,Holofoil,1.3
684378,Honedge,056/088,Common,Metal,70,Basic,2,Rx2,G-30,ME03: Perfect Order,2026-03-27,Reverse Holofoil,0.22
684378,Honedge,056/088,Common,Metal,70,Basic,2,Rx2,G-30,ME03: Perfect Order,2026-03-27,Normal,0.05
684379,Doublade - 057/088,057/088,Common,Metal,100,Stage 1,2,Rx2,G-30,ME03: Perfect Order,2026-03-27,Reverse Holofoil,0.23
684379,Doublade - 057/088,057/088,Common,Metal,100,Stage 1,2,Rx2,G-30,ME03: Perfect Order,2026-03-27,Normal,0.16
684380,Doublade - 098/088,098/088,Illustration Rare,Metal,100,Stage 1,2,Rx2,G-30,ME03: Perfect Order,2026-03-27,Holofoil,2.06
684381,Aegislash,058/088,Uncommon,Metal,150,Stage 2,3,Rx2,G-30,ME03: Perfect Order,2026-03-27,Normal,0.06
684381,Aegislash,058/088,Uncommon,Metal,150,Stage 2,3,Rx2,G-30,ME03: Perfect Order,2026-03-27,Reverse Holofoil,0.24
684382,Salandit,015/088,Common,Fire,70,Basic,1,Wx2,,ME03: Perfect Order,2026-03-27,Reverse Holofoil,0.25
684382,Salandit,015/088,Common,Fire,70,Basic,1,Wx2,,ME03: Perfect Order,2026-03-27,Normal,0.07
684383,Mega Clefable ex - 031/088,031/088,Double Rare,Psychic,320,Stage 1,1,Mx2,,ME03: Perfect Order,2026-03-27,Holofoil,0.69
684384,Mega Clefable ex - 103/088,103/088,Ultra Rare,Psychic,320,Stage 1,1,Mx2,,ME03: Perfect Order,2026-03-27,Holofoil,5.04
684385,Mega Clefable ex - 119/088,119/088,Special Illustration Rare,Psychic,320,Stage 1,1,Mx2,,ME03: Perfect Order,2026-03-27,Holofoil,49.18
684386,Yveltal ex - 053/088,053/088,Double Rare,Darkness,210,Basic,1,Lx2,F-30,ME03: Perfect Order,2026-03-27,Holofoil,0.62
684387,Yveltal ex - 105/088,105/088,Ultra Rare,Darkness,210,Basic,1,Lx2,F-30,ME03: Perfect Order,2026-03-27,Holofoil,4.59
684397,Spinarak,001/088,Common,Grass,60,Basic,1,Rx2,,ME03: Perfect Order,2026-03-27,Normal,0.08
684397,Spinarak,001/088,Common,Grass,60,Basic,1,Rx2,,ME03: Perfect Order,2026-03-27,Reverse Holofoil,0.22
684398,Ariados,002/088,Common,Grass,110,Stage 1,1,Rx2,,ME03: Perfect Order,2026-03-27,Reverse Holofoil,0.25
684398,Ariados,002/088,Common,Grass,110,Stage 1,1,Rx2,,ME03: Perfect Order,2026-03-27,Normal,0.04
684399,Shaymin,003/088,Uncommon,Grass,70,Basic,0,Rx2,,ME03: Perfect Order,2026-03-27,Normal,0.04
684399,Shaymin,003/088,Uncommon,Grass,70,Basic,0,Rx2,,ME03: Perfect Order,2026-03-27,Reverse Holofoil,0.26
684400,Snivy,004/088,Common,Grass,70,Basic,1,Rx2,,ME03: Perfect Order,2026-03-27,Reverse Holofoil,0.26
684400,Snivy,004/088,Common,Grass,70,Basic,1,Rx2,,ME03: Perfect Order,2026-03-27,Normal,0.07
684401,Servine,005/088,Common,Grass,100,Stage 1,1,Rx2,,ME03: Perfect Order,2026-03-27,Normal,0.04
684401,Servine,005/088,Common,Grass,100,Stage 1,1,Rx2,,ME03: Perfect Order,2026-03-27,Reverse Holofoil,0.2
684402,Serperior,006/088,Rare,Grass,160,Stage 2,2,Rx2,,ME03: Perfect Order,2026-03-27,Holofoil,0.2
684402,Serperior,006/088,Rare,Grass,160,Stage 2,2,Rx2,,ME03: Perfect Order,2026-03-27,Reverse Holofoil,0.31
684403,Fletchling,066/088,Common,Colorless,60,Basic,1,Lx2,F-30,ME03: Perfect Order,2026-03-27,Normal,0.06
684403,Fletchling,066/088,Common,Colorless,60,Basic,1,Lx2,F-30,ME03: Perfect Order,2026-03-27,Reverse Holofoil,0.22
684404,Fletchinder,013/088,Common,Fire,90,Stage 1,1,Lx2,F-30,ME03: Perfect Order,2026-03-27,Normal,0.03
684404,Fletchinder,013/088,Common,Fire,90,Stage 1,1,Lx2,F-30,ME03: Perfect Order,2026-03-27,Reverse Holofoil,0.22
684405,Talonflame - 014/088,014/088,Uncommon,Fire,150,Stage 2,1,Lx2,F-30,ME03: Perfect Order,2026-03-27,Reverse Holofoil,0.3
684405,Talonflame - 014/088,014/088,Uncommon,Fire,150,Stage 2,1,Lx2,F-30,ME03: Perfect Order,2026-03-27,Normal,0.04
684406,Talonflame - 091/088,091/088,Illustration Rare,Fire,150,Stage 2,1,Lx2,F-30,ME03: Perfect Order,2026-03-27,Holofoil,2.14
684407,Turtonator,017/088,Uncommon,Fire,120,Basic,2,Wx2,,ME03: Perfect Order,2026-03-27,Reverse Holofoil,0.29
684407,Turtonator,017/088,Uncommon,Fire,120,Basic,2,Wx2,,ME03: Perfect Order,2026-03-27,Normal,0.06
684408,Volcanion,025/088,Uncommon,Water,130,Basic,3,Lx2,,ME03: Perfect Order,2026-03-27,Normal,0.06
684408,Volcanion,025/088,Uncommon,Water,130,Basic,3,Lx2,,ME03: Perfect Order,2026-03-27,Reverse Holofoil,0.24
684409,Shinx,026/088,Common,Lightning,70,Basic,1,Fx2,,ME03: Perfect Order,2026-03-27,Normal,0.06
684409,Shinx,026/088,Common,Lightning,70,Basic,1,Fx2,,ME03: Perfect Order,2026-03-27,Reverse Holofoil,0.24
684410,Luxio,027/088,Uncommon,Lightning,90,Stage 1,1,Fx2,,ME03: Perfect Order,2026-03-27,Reverse Holofoil,0.23
684410,Luxio,027/088,Uncommon,Lightning,90,Stage 1,1,Fx2,,ME03: Perfect Order,2026-03-27,Normal,0.06
684411,Luxray,028/088,Rare,Lightning,150,Stage 2,0,Fx2,,ME03: Perfect Order,2026-03-27,Reverse Holofoil,0.31
684411,Luxray,028/088,Rare,Lightning,150,Stage 2,0,Fx2,,ME03: Perfect Order,2026-03-27,Holofoil,0.16
684412,Dedenne - 029/088,029/088,Common,Lightning,70,Basic,1,Fx2,,ME03: Perfect Order,2026-03-27,Normal,0.13
684412,Dedenne - 029/088,029/088,Common,Lightning,70,Basic,1,Fx2,,ME03: Perfect Order,2026-03-27,Reverse Holofoil,0.23
684413,Dedenne - 093/088,093/088,Illustration Rare,Lightning,70,Basic,1,Fx2,,ME03: Perfect Order,2026-03-27,Holofoil,5.33
684414,Clefairy - 030/088,030/088,Common,Psychic,70,Basic,1,Mx2,,ME03: Perfect Order,2026-03-27,Normal,0.11
684414,Clefairy - 030/088,030/088,Common,Psychic,70,Basic,1,Mx2,,ME03: Perfect Order,2026-03-27,Reverse Holofoil,0.25
684415,Clefairy - 094/088,094/088,Illustration Rare,Psychic,70,Basic,1,Mx2,,ME03: Perfect Order,2026-03-27,Holofoil,17.03
684416,Mawile,032/088,Common,Psychic,110,Basic,2,Mx2,,ME03: Perfect Order,2026-03-27,Normal,0.15
684416,Mawile,032/088,Common,Psychic,110,Basic,2,Mx2,,ME03: Perfect Order,2026-03-27,Reverse Holofoil,0.29
684417,Espurr - 033/088,033/088,Common,Psychic,60,Basic,1,Dx2,F-30,ME03: Perfect Order,2026-03-27,Normal,0.07
684417,Espurr - 033/088,033/088,Common,Psychic,60,Basic,1,Dx2,F-30,ME03: Perfect Order,2026-03-27,Reverse Holofoil,0.27
684418,Espurr - 095/088,095/088,Illustration Rare,Psychic,60,Basic,1,Dx2,F-30,ME03: Perfect Order,2026-03-27,Holofoil,4.11
684419,Meowstic,034/088,Uncommon,Psychic,100,Stage 1,1,Dx2,F-30,ME03: Perfect Order,2026-03-27,Normal,0.08
684419,Meowstic,034/088,Uncommon,Psychic,100,Stage 1,1,Dx2,F-30,ME03: Perfect Order,2026-03-27,Reverse Holofoil,0.27
684420,Spritzee,035/088,Common,Psychic,70,Basic,1,Mx2,,ME03: Perfect Order,2026-03-27,Reverse Holofoil,0.26
684420,Spritzee,035/088,Common,Psychic,70,Basic,1,Mx2,,ME03: Perfect Order,2026-03-27,Normal,0.11
684421,Aromatisse,036/088,Uncommon,Psychic,120,Stage 1,1,Mx2,,ME03: Perfect Order,2026-03-27,Reverse Holofoil,0.27
684421,Aromatisse,036/088,Uncommon,Psychic,120,Stage 1,1,Mx2,,ME03: Perfect Order,2026-03-27,Normal,0.05
684422,Nosepass,037/088,Common,Fighting,90,Basic,3,Gx2,,ME03: Perfect Order,2026-03-27,Reverse Holofoil,0.27
684422,Nosepass,037/088,Common,Fighting,90,Basic,3,Gx2,,ME03: Perfect Order,2026-03-27,Normal,0.05
684423,Probopass - 038/088,038/088,Common,Fighting,140,Stage 1,3,Gx2,,ME03: Perfect Order,2026-03-27,Reverse Holofoil,0.27
684423,Probopass - 038/088,038/088,Common,Fighting,140,Stage 1,3,Gx2,,ME03: Perfect Order,2026-03-27,Normal,0.06
684424,Probopass - 096/088,096/088,Illustration Rare,Fighting,140,Stage 1,3,Gx2,,ME03: Perfect Order,2026-03-27,Holofoil,1.07
684425,Hippopotas,039/088,Common,Fighting,100,Basic,4,Gx2,,ME03: Perfect Order,2026-03-27,Reverse Holofoil,0.22
684425,Hippopotas,039/088,Common,Fighting,100,Basic,4,Gx2,,ME03: Perfect Order,2026-03-27,Normal,0.02
684426,Hippowdon,040/088,Uncommon,Fighting,150,Stage 1,4,Gx2,,ME03: Perfect Order,2026-03-27,Reverse Holofoil,0.25
684426,Hippowdon,040/088,Uncommon,Fighting,150,Stage 1,4,Gx2,,ME03: Perfect Order,2026-03-27,Normal,0.03
684427,Landorus,041/088,Rare,Fighting,120,Basic,1,Gx2,,ME03: Perfect Order,2026-03-27,Holofoil,0.15
684427,Landorus,041/088,Rare,Fighting,120,Basic,1,Gx2,,ME03: Perfect Order,2026-03-27,Reverse Holofoil,0.26
684428,Hawlucha,046/088,Common,Fighting,70,Basic,0,Px2,,ME03: Perfect Order,2026-03-27,Normal,0.07
684428,Hawlucha,046/088,Common,Fighting,70,Basic,0,Px2,,ME03: Perfect Order,2026-03-27,Reverse Holofoil,0.26
684429,Gastly,048/088,Common,Darkness,70,Basic,1,Fx2,,ME03: Perfect Order,2026-03-27,Normal,0.1
684429,Gastly,048/088,Common,Darkness,70,Basic,1,Fx2,,ME03: Perfect Order,2026-03-27,Reverse Holofoil,0.25
684430,Haunter,049/088,Common,Darkness,100,Stage 1,1,Fx2,,ME03: Perfect Order,2026-03-27,Reverse Holofoil,0.3
684430,Haunter,049/088,Common,Darkness,100,Stage 1,1,Fx2,,ME03: Perfect Order,2026-03-27,Normal,0.11
684431,Gengar,050/088,Rare,Darkness,130,Stage 2,1,Fx2,,ME03: Perfect Order,2026-03-27,Holofoil,0.6
684431,Gengar,050/088,Rare,Darkness,130,Stage 2,1,Fx2,,ME03: Perfect Order,2026-03-27,Reverse Holofoil,0.72
684432,Skorupi,051/088,Common,Darkness,80,Basic,2,Fx2,,ME03: Perfect Order,2026-03-27,Normal,0.09
684432,Skorupi,051/088,Common,Darkness,80,Basic,2,Fx2,,ME03: Perfect Order,2026-03-27,Reverse Holofoil,0.25
684433,Drapion - 052/088,052/088,Uncommon,Darkness,140,Stage 1,3,Fx2,,ME03: Perfect Order,2026-03-27,Normal,0.04
684433,Drapion - 052/088,052/088,Uncommon,Darkness,140,Stage 1,3,Fx2,,ME03: Perfect Order,2026-03-27,Reverse Holofoil,0.26
684434,Drapion - 097/088,097/088,Illustration Rare,Darkness,140,Stage 1,3,Fx2,,ME03: Perfect Order,2026-03-27,Holofoil,1.36
684435,Chien-Pao,054/088,Rare,Darkness,120,Basic,1,Gx2,,ME03: Perfect Order,2026-03-27,Holofoil,0.16
684435,Chien-Pao,054/088,Rare,Darkness,120,Basic,1,Gx2,,ME03: Perfect Order,2026-03-27,Reverse Holofoil,0.23
684436,Klefki,059/088,Common,Metal,70,Basic,1,Rx2,G-30,ME03: Perfect Order,2026-03-27,Normal,0.04
684436,Klefki,059/088,Common,Metal,70,Basic,1,Rx2,G-30,ME03: Perfect Order,2026-03-27,Reverse Holofoil,0.29
684437,Rattata,060/088,Common,Colorless,40,Basic,1,Fx2,,ME03: Perfect Order,2026-03-27,Reverse Holofoil,0.26
684437,Rattata,060/088,Common,Colorless,40,Basic,1,Fx2,,ME03: Perfect Order,2026-03-27,Normal,0.07
684438,Raticate - 061/088,061/088,Uncommon,Colorless,90,Stage 1,1,Fx2,,ME03: Perfect Order,2026-03-27,Normal,0.06
684438,Raticate - 061/088,061/088,Uncommon,Colorless,90,Stage 1,1,Fx2,,ME03: Perfect Order,2026-03-27,Reverse Holofoil,0.27
684439,Raticate - 099/088,099/088,Illustration Rare,Colorless,90,Stage 1,1,Fx2,,ME03: Perfect Order,2026-03-27,Holofoil,2.38
684440,Snorlax,063/088,Common,Colorless,160,Basic,4,Fx2,,ME03: Perfect Order,2026-03-27,Normal,0.13
684440,Snorlax,063/088,Common,Colorless,160,Basic,4,Fx2,,ME03: Perfect Order,2026-03-27,Reverse Holofoil,0.4
684441,Bunnelby,064/088,Common,Colorless,70,Basic,1,Fx2,,ME03: Perfect Order,2026-03-27,Normal,0.03
684441,Bunnelby,064/088,Common,Colorless,70,Basic,1,Fx2,,ME03: Perfect Order,2026-03-27,Reverse Holofoil,0.28
684442,Diggersby,065/088,Uncommon,Colorless,150,Stage 1,4,Fx2,,ME03: Perfect Order,2026-03-27,Normal,0.04
684442,Diggersby,065/088,Uncommon,Colorless,150,Stage 1,4,Fx2,,ME03: Perfect Order,2026-03-27,Reverse Holofoil,0.23
684443,Furfrou,067/088,Common,Colorless,90,Basic,1,Fx2,,ME03: Perfect Order,2026-03-27,Reverse Holofoil,0.21
684443,Furfrou,067/088,Common,Colorless,90,Basic,1,Fx2,,ME03: Perfect Order,2026-03-27,Normal,0.02
44418,Aerodactyl (1),01/62,Holo Rare,Fighting,60,Stage 1,2,G,F-30,Fossil,1999-10-10,1st Edition Holofoil,91.75
44418,Aerodactyl (1),01/62,Holo Rare,Fighting,60,Stage 1,2,G,F-30,Fossil,1999-10-10,Unlimited Holofoil,40.39
44419,Lapras (10),10/62,Holo Rare,Water,80,Basic,2,L,,Fossil,1999-10-10,1st Edition Holofoil,205.58
44419,Lapras (10),10/62,Holo Rare,Water,80,Basic,2,L,,Fossil,1999-10-10,Unlimited Holofoil,26.59
44420,Magneton (11),11/62,Holo Rare,Lightning,80,Stage 1,2,F,,Fossil,1999-10-10,1st Edition Holofoil,62.21
44420,Magneton (11),11/62,Holo Rare,Lightning,80,Stage 1,2,F,,Fossil,1999-10-10,Unlimited Holofoil,20.07
44421,Moltres (12),12/62,Holo Rare,Fire,70,Basic,2,,F-30,Fossil,1999-10-10,1st Edition Holofoil,194.55
44421,Moltres (12),12/62,Holo Rare,Fire,70,Basic,2,,F-30,Fossil,1999-10-10,Unlimited Holofoil,64.84
44422,Muk (13),13/62,Holo Rare,Grass,70,Stage 1,2,P,,Fossil,1999-10-10,1st Edition Holofoil,63.86
44422,Muk (13),13/62,Holo Rare,Grass,70,Stage 1,2,P,,Fossil,1999-10-10,Unlimited Holofoil,10.99
44423,Raichu (14),14/62,Holo Rare,Lightning,90,Stage 1,1,F,,Fossil,1999-10-10,1st Edition Holofoil,131.05
44423,Raichu (14),14/62,Holo Rare,Lightning,90,Stage 1,1,F,,Fossil,1999-10-10,Unlimited Holofoil,46.12
44424,Zapdos (15),15/62,Holo Rare,Lightning,80,Basic,2,,F-30,Fossil,1999-10-10,1st Edition Holofoil,168.18
44424,Zapdos (15),15/62,Holo Rare,Lightning,80,Basic,2,,F-30,Fossil,1999-10-10,Unlimited Holofoil,48.3
44425,Articuno (17),17/62,Rare,Water,70,Basic,2,None,F-30,Fossil,1999-10-10,1st Edition,30.53
44425,Articuno (17),17/62,Rare,Water,70,Basic,2,None,F-30,Fossil,1999-10-10,Unlimited,10.11
44426,Ditto (18),18/62,Rare,Colorless,50,Basic,1,F,P-30,Fossil,1999-10-10,1st Edition,22.88
44426,Ditto (18),18/62,Rare,Colorless,50,Basic,1,F,P-30,Fossil,1999-10-10,Unlimited,14.98
44427,Dragonite (19),19/62,Rare,Colorless,100,Stage 2,1,,F-30,Fossil,1999-10-10,1st Edition,97.74
44427,Dragonite (19),19/62,Rare,Colorless,100,Stage 2,1,,F-30,Fossil,1999-10-10,Unlimited,41.11
44428,Gengar (20),20/62,Rare,Psychic,80,Stage 2,1,,F-30,Fossil,1999-10-10,1st Edition,108.56
44428,Gengar (20),20/62,Rare,Psychic,80,Stage 2,1,,F-30,Fossil,1999-10-10,Unlimited,42.26
44429,Haunter (21),21/62,Rare,Psychic,50,Stage 1,,,F-30,Fossil,1999-10-10,1st Edition,23.44
44429,Haunter (21),21/62,Rare,Psychic,50,Stage 1,,,F-30,Fossil,1999-10-10,Unlimited,11.45
44430,Hitmonlee (22),22/62,Rare,Fighting,60,Basic,1,P,,Fossil,1999-10-10,1st Edition,14.52
44430,Hitmonlee (22),22/62,Rare,Fighting,60,Basic,1,P,,Fossil,1999-10-10,Unlimited,5.8
44431,Hypno (23),23/62,Rare,Psychic,90,Stage 1,2,P,,Fossil,1999-10-10,1st Edition,17.3
44431,Hypno (23),23/62,Rare,Psychic,90,Stage 1,2,P,,Fossil,1999-10-10,Unlimited,5.55
44432,Kabutops (24),24/62,Rare,Fighting,60,Stage 2,1,G,,Fossil,1999-10-10,1st Edition,23.43
44432,Kabutops (24),24/62,Rare,Fighting,60,Stage 2,1,G,,Fossil,1999-10-10,Unlimited,7.02
44433,Arbok,31/62,Uncommon,Grass,60,Stage 1,2,P,,Fossil,1999-10-10,1st Edition,5.99
44433,Arbok,31/62,Uncommon,Grass,60,Stage 1,2,P,,Fossil,1999-10-10,Unlimited,1.39
44434,Cloyster,32/62,Uncommon,Water,50,Stage 1,2,L,,Fossil,1999-10-10,1st Edition,5.57
44434,Cloyster,32/62,Uncommon,Water,50,Stage 1,2,L,,Fossil,1999-10-10,Unlimited,1.48
44435,Gastly,33/62,Uncommon,Psychic,50,Basic,,,F-30,Fossil,1999-10-10,1st Edition,7.57
44435,Gastly,33/62,Uncommon,Psychic,50,Basic,,,F-30,Fossil,1999-10-10,Unlimited,1.49
44436,Golbat,34/62,Uncommon,Grass,60,Stage 1,,P,F-30,Fossil,1999-10-10,1st Edition,7.0
44436,Golbat,34/62,Uncommon,Grass,60,Stage 1,,P,F-30,Fossil,1999-10-10,Unlimited,0.75
44437,Golduck,35/62,Uncommon,Water,70,Stage 1,1,L,,Fossil,1999-10-10,1st Edition,7.66
44437,Golduck,35/62,Uncommon,Water,70,Stage 1,1,L,,Fossil,1999-10-10,Unlimited,1.33
44438,Golem,36/62,Uncommon,Fighting,80,Stage 2,4,G,,Fossil,1999-10-10,1st Edition,7.26
44438,Golem,36/62,Uncommon,Fighting,80,Stage 2,4,G,,Fossil,1999-10-10,Unlimited,1.64
44439,Graveler,37/62,Uncommon,Fighting,60,Stage 1,2,G,,Fossil,1999-10-10,1st Edition,4.38
44439,Graveler,37/62,Uncommon,Fighting,60,Stage 1,2,G,,Fossil,1999-10-10,Unlimited,0.99
44440,Kingler,38/62,Uncommon,Water,60,Stage 1,3,L,,Fossil,1999-10-10,1st Edition,3.54
44440,Kingler,38/62,Uncommon,Water,60,Stage 1,3,L,,Fossil,1999-10-10,Unlimited,0.89
44441,Magmar,39/62,Uncommon,Fire,70,Basic,1,W,,Fossil,1999-10-10,1st Edition,6.54
44441,Magmar,39/62,Uncommon,Fire,70,Basic,1,W,,Fossil,1999-10-10,Unlimited,1.06
44442,Omastar,40/62,Uncommon,Water,70,Stage 1,1,G,,Fossil,1999-10-10,1st Edition,5.91
44442,Omastar,40/62,Uncommon,Water,70,Stage 1,1,G,,Fossil,1999-10-10,Unlimited,1.41
44443,Sandslash,41/62,Uncommon,Fighting,70,Stage 1,1,G,L-30,Fossil,1999-10-10,1st Edition,6.75
44443,Sandslash,41/62,Uncommon,Fighting,70,Stage 1,1,G,L-30,Fossil,1999-10-10,Unlimited,1.14
44444,Seadra,42/62,Uncommon,Water,60,Stage 1,1,L,,Fossil,1999-10-10,1st Edition,5.19
44444,Seadra,42/62,Uncommon,Water,60,Stage 1,1,L,,Fossil,1999-10-10,Unlimited,0.94
44445,Slowbro,43/62,Uncommon,Psychic,60,Stage 1,1,P,,Fossil,1999-10-10,1st Edition,11.46
44445,Slowbro,43/62,Uncommon,Psychic,60,Stage 1,1,P,,Fossil,1999-10-10,Unlimited,1.8
44446,Tentacruel,44/62,Uncommon,Water,60,Stage 1,,L,,Fossil,1999-10-10,1st Edition,5.99
44446,Tentacruel,44/62,Uncommon,Water,60,Stage 1,,L,,Fossil,1999-10-10,Unlimited,1.19
44447,Weezing,45/62,Uncommon,Grass,60,Stage 1,1,P,,Fossil,1999-10-10,1st Edition,5.42
44447,Weezing,45/62,Uncommon,Grass,60,Stage 1,1,P,,Fossil,1999-10-10,Unlimited,1.89
44448,Ekans,46/62,Common,Grass,40,Basic,1,P,,Fossil,1999-10-10,1st Edition,1.82
44448,Ekans,46/62,Common,Grass,40,Basic,1,P,,Fossil,1999-10-10,Unlimited,0.53
44449,Geodude,47/62,Common,Fighting,50,Basic,1,G,,Fossil,1999-10-10,1st Edition,3.69
44449,Geodude,47/62,Common,Fighting,50,Basic,1,G,,Fossil,1999-10-10,Unlimited,0.55
44450,Grimer,48/62,Common,Grass,50,Basic,1,P,,Fossil,1999-10-10,1st Edition,3.33
44450,Grimer,48/62,Common,Grass,50,Basic,1,P,,Fossil,1999-10-10,Unlimited,0.54
44451,Horsea,49/62,Common,Water,40,Basic,,L,,Fossil,1999-10-10,1st Edition,2.88
44451,Horsea,49/62,Common,Water,40,Basic,,L,,Fossil,1999-10-10,Unlimited,0.5
44452,Kabuto,50/62,Common,Fighting,30,Stage 1,1,G,,Fossil,1999-10-10,1st Edition,16.08
44452,Kabuto,50/62,Common,Fighting,30,Stage 1,1,G,,Fossil,1999-10-10,Unlimited,2.08
44453,Krabby,51/62,Common,Water,50,Basic,2,L,,Fossil,1999-10-10,1st Edition,1.92
44453,Krabby,51/62,Common,Water,50,Basic,2,L,,Fossil,1999-10-10,Unlimited,0.5
44454,Omanyte,52/62,Common,Water,40,Stage 1,1,G,,Fossil,1999-10-10,1st Edition,3.38
44454,Omanyte,52/62,Common,Water,40,Stage 1,1,G,,Fossil,1999-10-10,Unlimited,1.14
44455,Psyduck,53/62,Common,Water,50,Basic,1,L,,Fossil,1999-10-10,1st Edition,11.66
44455,Psyduck,53/62,Common,Water,50,Basic,1,L,,Fossil,1999-10-10,Unlimited,2.27
44456,Shellder,54/62,Common,Water,30,Basic,1,L,,Fossil,1999-10-10,1st Edition,1.92
44456,Shellder,54/62,Common,Water,30,Basic,1,L,,Fossil,1999-10-10,Unlimited,0.48
44457,Slowpoke,55/62,Common,Psychic,50,Basic,1,P,,Fossil,1999-10-10,1st Edition,6.59
44457,Slowpoke,55/62,Common,Psychic,50,Basic,1,P,,Fossil,1999-10-10,Unlimited,1.03
44458,Tentacool,56/62,Common,Water,30,Basic,,L,,Fossil,1999-10-10,1st Edition,1.6
44458,Tentacool,56/62,Common,Water,30,Basic,,L,,Fossil,1999-10-10,Unlimited,0.5
44459,Zubat,57/62,Common,Grass,40,Basic,,P,F-30,Fossil,1999-10-10,1st Edition,2.39
44459,Zubat,57/62,Common,Grass,40,Basic,,P,F-30,Fossil,1999-10-10,Unlimited,0.53
44464,Mysterious Fossil,62/62,Common,Trainer,10,,,,,Fossil,1999-10-10,1st Edition,1.27
44464,Mysterious Fossil,62/62,Common,Trainer,10,,,,,Fossil,1999-10-10,Unlimited,0.35
106518,Articuno (2),02/62,Holo Rare,Water,70,Basic,2,,F-30,Fossil,1999-10-10,1st Edition Holofoil,203.99
106518,Articuno (2),02/62,Holo Rare,Water,70,Basic,2,,F-30,Fossil,1999-10-10,Unlimited Holofoil,78.22
106519,Ditto (3),03/62,Holo Rare,Colorless,50,Basic,1,F,P-30,Fossil,1999-10-10,1st Edition Holofoil,118.99
106519,Ditto (3),03/62,Holo Rare,Colorless,50,Basic,1,F,P-30,Fossil,1999-10-10,Unlimited Holofoil,49.08
106520,Dragonite (4),04/62,Holo Rare,Colorless,100,Stage 2,1,,F-30,Fossil,1999-10-10,1st Edition Holofoil,463.06
106520,Dragonite (4),04/62,Holo Rare,Colorless,100,Stage 2,1,,F-30,Fossil,1999-10-10,Unlimited Holofoil,191.65
106521,Gengar (5),05/62,Holo Rare,Psychic,80,Stage 2,1,,F-30,Fossil,1999-10-10,1st Edition Holofoil,663.25
106521,Gengar (5),05/62,Holo Rare,Psychic,80,Stage 2,1,,F-30,Fossil,1999-10-10,Unlimited Holofoil,216.22
106522,Haunter (6),06/62,Holo Rare,Psychic,50,Stage 1,,,F-30,Fossil,1999-10-10,1st Edition Holofoil,169.82
106522,Haunter (6),06/62,Holo Rare,Psychic,50,Stage 1,,,F-30,Fossil,1999-10-10,Unlimited Holofoil,51.77
106523,Hitmonlee (7),07/62,Holo Rare,Fighting,60,Basic,1,P,,Fossil,1999-10-10,1st Edition Holofoil,94.16
106523,Hitmonlee (7),07/62,Holo Rare,Fighting,60,Basic,1,P,,Fossil,1999-10-10,Unlimited Holofoil,42.93
106524,Hypno (8),08/62,Holo Rare,Psychic,90,Stage 1,2,P,,Fossil,1999-10-10,1st Edition Holofoil,84.38
106524,Hypno (8),08/62,Holo Rare,Psychic,90,Stage 1,2,P,,Fossil,1999-10-10,Unlimited Holofoil,41.87
106525,Kabutops (9),09/62,Holo Rare,Fighting,60,Stage 2,1,G,,Fossil,1999-10-10,1st Edition Holofoil,119.72
106525,Kabutops (9),09/62,Holo Rare,Fighting,60,Stage 2,1,G,,Fossil,1999-10-10,Unlimited Holofoil,43.27
106526,Aerodactyl (16),16/62,Rare,Fighting,60,Stage 1,2,G,F-30,Fossil,1999-10-10,1st Edition,24.33
106526,Aerodactyl (16),16/62,Rare,Fighting,60,Stage 1,2,G,F-30,Fossil,1999-10-10,Unlimited,10.18
106527,Lapras (25),25/62,Rare,Water,80,Basic,2,L,,Fossil,1999-10-10,1st Edition,28.12
106527,Lapras (25),25/62,Rare,Water,80,Basic,2,L,,Fossil,1999-10-10,Unlimited,9.96
106528,Magneton (26),26/62,Rare,Lightning,80,Stage 1,2,F,,Fossil,1999-10-10,1st Edition,13.96
106528,Magneton (26),26/62,Rare,Lightning,80,Stage 1,2,F,,Fossil,1999-10-10,Unlimited,6.87
106529,Moltres (27),27/62,Rare,Fire,70,Basic,2,,F-30,Fossil,1999-10-10,1st Edition,30.52
106529,Moltres (27),27/62,Rare,Fire,70,Basic,2,,F-30,Fossil,1999-10-10,Unlimited,10.58
106530,Muk (28),28/62,Rare,Grass,70,Stage 1,2,P,,Fossil,1999-10-10,1st Edition,15.49
106530,Muk (28),28/62,Rare,Grass,70,Stage 1,2,P,,Fossil,1999-10-10,Unlimited,4.69
106531,Raichu (29),29/62,Rare,Lightning,90,Stage 1,1,F,,Fossil,1999-10-10,1st Edition,24.63
106531,Raichu (29),29/62,Rare,Lightning,90,Stage 1,1,F,,Fossil,1999-10-10,Unlimited,8.32
106532,Zapdos (30),30/62,Rare,Lightning,80,Basic,2,,F-30,Fossil,1999-10-10,1st Edition,26.46
106532,Zapdos (30),30/62,Rare,Lightning,80,Basic,2,,F-30,Fossil,1999-10-10,Unlimited,10.0
675813,Erika's Oddish,001/217,Common,Grass,60,Basic,1,Rx2,,ME: Ascended Heroes,2026-01-30,Normal,0.14
675814,Erika's Gloom,002/217,Uncommon,Grass,90,Stage 1,1,Rx2,,ME: Ascended Heroes,2026-01-30,Normal,0.15
675815,Erika's Vileplume ex,003/217,Double Rare,Grass,310,Stage 2,2,Rx2,,ME: Ascended Heroes,2026-01-30,Holofoil,0.84
675816,Erika's Bellsprout,004/217,Common,Grass,60,Basic,1,Rx2,,ME: Ascended Heroes,2026-01-30,Normal,0.1
675817,Erika's Weepinbell,005/217,Uncommon,Grass,90,Stage 1,2,Rx2,,ME: Ascended Heroes,2026-01-30,Normal,0.15
675818,Erika's Victreebel,006/217,Rare,Grass,150,Stage 2,3,Rx2,,ME: Ascended Heroes,2026-01-30,Holofoil,0.17
675819,Erika's Tangela - 007/217,007/217,Common,Grass,60,Basic,2,Rx2,,ME: Ascended Heroes,2026-01-30,Normal,0.11
675820,Chikorita,008/217,Common,Grass,70,Basic,1,Rx2,,ME: Ascended Heroes,2026-01-30,Normal,0.21
675821,Bayleef,009/217,Uncommon,Grass,100,Stage 1,2,Rx2,,ME: Ascended Heroes,2026-01-30,Normal,0.16
675822,Mega Meganium ex - 010/217,010/217,Double Rare,Grass,360,Stage 2,2,Rx2,,ME: Ascended Heroes,2026-01-30,Holofoil,1.08
675823,Wurmple,011/217,Common,Grass,60,Basic,1,Rx2,,ME: Ascended Heroes,2026-01-30,Normal,0.19
675824,Silcoon,012/217,Common,Grass,90,Stage 1,3,Rx2,,ME: Ascended Heroes,2026-01-30,Normal,0.18
675825,Beautifly - 013/217,013/217,Uncommon,Grass,130,Stage 2,1,Rx2,,ME: Ascended Heroes,2026-01-30,Normal,0.07
675826,Cascoon,014/217,Common,Grass,90,Stage 1,3,Rx2,,ME: Ascended Heroes,2026-01-30,Normal,0.15
675827,Dustox - 015/217,015/217,Uncommon,Grass,140,Stage 2,1,Rx2,,ME: Ascended Heroes,2026-01-30,Normal,0.1
675828,Budew - 016/217,016/217,Common,Grass,30,Basic,,Rx2,,ME: Ascended Heroes,2026-01-30,Normal,0.14
675829,Grubbin,017/217,Common,Grass,70,Basic,2,Rx2,,ME: Ascended Heroes,2026-01-30,Normal,0.09
675830,Team Rocket's Tarountula,018/217,Common,Grass,50,Basic,1,Rx2,,ME: Ascended Heroes,2026-01-30,Normal,0.15
675831,Team Rocket's Spidops,019/217,Rare,Grass,130,Stage 1,2,Rx2,,ME: Ascended Heroes,2026-01-30,Holofoil,0.19
675832,Charmander,020/217,Common,Fire,80,Basic,1,Wx2,,ME: Ascended Heroes,2026-01-30,Normal,0.18
675833,Charmeleon,021/217,Uncommon,Fire,100,Stage 1,1,Wx2,,ME: Ascended Heroes,2026-01-30,Normal,0.23
675834,Mega Charizard Y ex - 022/217,022/217,Double Rare,Fire,360,Stage 2,1,Wx2,,ME: Ascended Heroes,2026-01-30,Holofoil,7.11
675835,Ethan's Slugma,023/217,Common,Fire,80,Basic,2,Wx2,,ME: Ascended Heroes,2026-01-30,Normal,0.05
675836,Ethan's Magcargo - 024/217,024/217,Rare,Fire,130,Stage 1,3,Wx2,,ME: Ascended Heroes,2026-01-30,Holofoil,0.21
675837,Entei,025/217,Rare,Fire,140,Basic,3,Wx2,,ME: Ascended Heroes,2026-01-30,Holofoil,0.23
675838,Ethan's Ho-Oh ex,026/217,Double Rare,Fire,230,Basic,2,Wx2,,ME: Ascended Heroes,2026-01-30,Holofoil,0.81
675839,Numel - 027/217,027/217,Common,Fire,80,Basic,3,Wx2,,ME: Ascended Heroes,2026-01-30,Normal,0.08
675840,Camerupt,028/217,Uncommon,Fire,140,Stage 1,3,Wx2,,ME: Ascended Heroes,2026-01-30,Normal,0.03
675841,Tepig,029/217,Common,Fire,80,Basic,2,Wx2,,ME: Ascended Heroes,2026-01-30,Normal,0.15
675842,Pignite,030/217,Uncommon,Fire,110,Stage 1,3,Wx2,,ME: Ascended Heroes,2026-01-30,Normal,0.11
675843,Mega Emboar ex - 031/217,031/217,Double Rare,Fire,380,Stage 2,4,Wx2,,ME: Ascended Heroes,2026-01-30,Holofoil,0.82
675844,N's Darumaka,032/217,Common,Fire,80,Basic,2,Wx2,,ME: Ascended Heroes,2026-01-30,Normal,0.2
675845,N's Darmanitan,033/217,Uncommon,Fire,140,Stage 1,3,Wx2,,ME: Ascended Heroes,2026-01-30,Normal,0.16
675846,Salandit,034/217,Common,Fire,70,Basic,1,Wx2,,ME: Ascended Heroes,2026-01-30,Normal,0.1
675847,Salazzle - 035/217,035/217,Uncommon,Fire,120,Stage 1,1,Wx2,,ME: Ascended Heroes,2026-01-30,Normal,0.09
675848,Scorbunny - 036/217,036/217,Common,Fire,70,Basic,1,Wx2,,ME: Ascended Heroes,2026-01-30,Normal,0.07
675849,Raboot,037/217,Common,Fire,90,Stage 1,1,Wx2,,ME: Ascended Heroes,2026-01-30,Normal,0.1
675850,Cinderace ex,038/217,Double Rare,Fire,320,Stage 2,0,Wx2,,ME: Ascended Heroes,2026-01-30,Holofoil,0.77
675851,Psyduck - 039/217,039/217,Common,Water,70,Basic,1,Lx2,,ME: Ascended Heroes,2026-01-30,Normal,0.23
675852,Golduck,040/217,Uncommon,Water,120,Stage 1,1,Lx2,,ME: Ascended Heroes,2026-01-30,Normal,0.18
675853,Totodile,041/217,Common,Water,80,Basic,1,Lx2,,ME: Ascended Heroes,2026-01-30,Normal,0.18
675854,Croconaw,042/217,Uncommon,Water,100,Stage 1,2,Lx2,,ME: Ascended Heroes,2026-01-30,Normal,0.25
675855,Mega Feraligatr ex - 043/217,043/217,Double Rare,Water,370,Stage 2,3,Lx2,,ME: Ascended Heroes,2026-01-30,Holofoil,0.98
675856,Sneasel,044/217,Common,Water,70,Basic,1,Mx2,,ME: Ascended Heroes,2026-01-30,Normal,0.15
675857,Weavile - 045/217,045/217,Uncommon,Water,100,Stage 1,1,Mx2,,ME: Ascended Heroes,2026-01-30,Normal,0.06
675858,Snorunt - 046/217,046/217,Common,Water,70,Basic,1,Mx2,,ME: Ascended Heroes,2026-01-30,Normal,0.2
675859,Mega Froslass ex - 047/217,047/217,Double Rare,Water,310,Stage 1,1,Mx2,,ME: Ascended Heroes,2026-01-30,Holofoil,1.68
675860,Regice ex,048/217,Double Rare,Water,230,Basic,3,Mx2,,ME: Ascended Heroes,2026-01-30,Holofoil,0.79
675861,N's Vanillite,049/217,Common,Water,60,Basic,1,Mx2,,ME: Ascended Heroes,2026-01-30,Normal,0.13
675862,N's Vanillish,050/217,Common,Water,100,Stage 1,1,Mx2,,ME: Ascended Heroes,2026-01-30,Normal,0.17
675863,N's Vanilluxe,051/217,Uncommon,Water,150,Stage 2,2,Mx2,,ME: Ascended Heroes,2026-01-30,Normal,0.14
675864,Snom,052/217,Common,Water,50,Basic,1,Mx2,,ME: Ascended Heroes,2026-01-30,Normal,0.16
675865,Frosmoth,053/217,Uncommon,Water,110,Stage 1,2,Mx2,,ME: Ascended Heroes,2026-01-30,Normal,0.08
675866,Glastrier,054/217,Uncommon,Water,130,Basic,2,Mx2,,ME: Ascended Heroes,2026-01-30,Normal,0.18
675867,Pikachu,055/217,Common,Lightning,70,Basic,1,Fx2,,ME: Ascended Heroes,2026-01-30,Normal,0.3
675868,Raichu,056/217,Uncommon,Lightning,130,Stage 1,1,Fx2,,ME: Ascended Heroes,2026-01-30,Normal,0.23
675869,Pikachu ex - 057/217,057/217,Double Rare,Lightning,200,Basic,1,Fx2,,ME: Ascended Heroes,2026-01-30,Holofoil,3.98
675870,Voltorb ex,058/217,Double Rare,Lightning,170,Basic,1,Fx2,,ME: Ascended Heroes,2026-01-30,Holofoil,0.76
675871,Tynamo,059/217,Common,Lightning,40,Basic,0,Fx2,,ME: Ascended Heroes,2026-01-30,Normal,0.11
675872,Eelektrik,060/217,Uncommon,Lightning,90,Stage 1,2,Fx2,,ME: Ascended Heroes,2026-01-30,Normal,0.19
675873,Mega Eelektross ex - 061/217,061/217,Double Rare,Lightning,350,Stage 2,2,Fx2,,ME: Ascended Heroes,2026-01-30,Holofoil,0.93
675874,Stunfisk,062/217,Common,Lightning,110,Basic,2,Fx2,,ME: Ascended Heroes,2026-01-30,Normal,0.16
675875,Helioptile,063/217,Common,Lightning,70,Basic,1,Fx2,,ME: Ascended Heroes,2026-01-30,Normal,0.14
675876,Heliolisk - 064/217,064/217,Uncommon,Lightning,120,Stage 1,1,Fx2,,ME: Ascended Heroes,2026-01-30,Normal,0.08
675877,Charjabug,065/217,Common,Lightning,100,Stage 1,2,Fx2,,ME: Ascended Heroes,2026-01-30,Normal,0.1
675878,Vikavolt - 066/217,066/217,Uncommon,Lightning,160,Stage 2,1,Fx2,,ME: Ascended Heroes,2026-01-30,Normal,0.09
675879,Tapu Koko,067/217,Rare,Lightning,120,Basic,1,Fx2,,ME: Ascended Heroes,2026-01-30,Holofoil,0.16
675880,Hop's Pincurchin ex,068/217,Double Rare,Lightning,200,Basic,2,Fx2,,ME: Ascended Heroes,2026-01-30,Holofoil,0.69
675881,Iono's Tadbulb,069/217,Common,Lightning,60,Basic,2,Fx2,,ME: Ascended Heroes,2026-01-30,Normal,0.13
675882,Iono's Bellibolt ex - 070/217,070/217,Double Rare,Lightning,280,Stage 1,2,Fx2,,ME: Ascended Heroes,2026-01-30,Holofoil,0.75
675883,Iono's Wattrel - 071/217,071/217,Common,Lightning,60,Basic,1,Lx2,F-30,ME: Ascended Heroes,2026-01-30,Normal,0.11
675884,Iono's Kilowattrel,072/217,Rare,Lightning,120,Stage 1,1,Lx2,F-30,ME: Ascended Heroes,2026-01-30,Holofoil,0.15
675885,Miraidon ex,073/217,Double Rare,Lightning,220,Basic,1,Fx2,,ME: Ascended Heroes,2026-01-30,Holofoil,0.73
675886,Clefairy,074/217,Common,Psychic,60,Basic,1,Mx2,,ME: Ascended Heroes,2026-01-30,Normal,0.23
675887,Clefable,075/217,Uncommon,Psychic,120,Stage 1,2,Mx2,,ME: Ascended Heroes,2026-01-30,Normal,0.14
675888,Lillie's Clefairy ex - 076/217,076/217,Double Rare,Psychic,190,Basic,1,Mx2,,ME: Ascended Heroes,2026-01-30,Holofoil,1.56
675889,Team Rocket's Exeggcute,077/217,Common,Psychic,60,Basic,1,Dx2,F-30,ME: Ascended Heroes,2026-01-30,Normal,0.17
675890,Team Rocket's Exeggutor,078/217,Rare,Psychic,140,Stage 1,3,Dx2,F-30,ME: Ascended Heroes,2026-01-30,Holofoil,0.19
675891,Team Rocket's Mewtwo ex - 079/217,079/217,Double Rare,Psychic,280,Basic,3,Dx2,F-30,ME: Ascended Heroes,2026-01-30,Holofoil,1.29
675892,Togepi,080/217,Common,Psychic,50,Basic,1,Mx2,,ME: Ascended Heroes,2026-01-30,Normal,0.16
675893,Togetic,081/217,Common,Psychic,90,Stage 1,1,Mx2,,ME: Ascended Heroes,2026-01-30,Normal,0.18
675894,Togekiss - 082/217,082/217,Rare,Psychic,140,Stage 2,1,Mx2,,ME: Ascended Heroes,2026-01-30,Holofoil,0.15
675895,Marill - 083/217,083/217,Common,Psychic,70,Basic,1,Mx2,,ME: Ascended Heroes,2026-01-30,Normal,0.09
675896,Azumarill ex,084/217,Double Rare,Psychic,270,Stage 1,2,Mx2,,ME: Ascended Heroes,2026-01-30,Holofoil,0.77
675897,Misdreavus - 085/217,085/217,Common,Psychic,60,Basic,1,Dx2,F-30,ME: Ascended Heroes,2026-01-30,Normal,0.1
675898,Mismagius,086/217,Rare,Psychic,110,Stage 1,1,Dx2,F-30,ME: Ascended Heroes,2026-01-30,Holofoil,0.15
675899,Ralts,087/217,Common,Psychic,70,Basic,1,Dx2,F-30,ME: Ascended Heroes,2026-01-30,Normal,0.16
675900,Kirlia,088/217,Common,Psychic,100,Stage 1,1,Dx2,F-30,ME: Ascended Heroes,2026-01-30,Normal,0.13
675901,Mega Gardevoir ex,089/217,Double Rare,Psychic,360,Stage 2,2,Dx2,F-30,ME: Ascended Heroes,2026-01-30,Holofoil,0.75
675902,Shuppet,090/217,Common,Psychic,60,Basic,1,Dx2,F-30,ME: Ascended Heroes,2026-01-30,Normal,0.1
675903,Banette - 091/217,091/217,Uncommon,Psychic,90,Stage 1,1,Dx2,F-30,ME: Ascended Heroes,2026-01-30,Normal,0.06
675904,Rotom,092/217,Common,Psychic,60,Basic,1,Dx2,F-30,ME: Ascended Heroes,2026-01-30,Normal,0.11
675905,Swirlix,093/217,Common,Psychic,60,Basic,1,Mx2,,ME: Ascended Heroes,2026-01-30,Normal,0.15
675906,Slurpuff - 094/217,094/217,Uncommon,Psychic,120,Stage 1,2,Mx2,,ME: Ascended Heroes,2026-01-30,Normal,0.13
675907,Hop's Phantump,095/217,Common,Psychic,70,Basic,2,Dx2,F-30,ME: Ascended Heroes,2026-01-30,Normal,0.18
675908,Hop's Trevenant - 096/217,096/217,Rare,Psychic,140,Stage 1,2,Dx2,F-30,ME: Ascended Heroes,2026-01-30,Holofoil,0.17
675909,Team Rocket's Mimikyu - 097/217,097/217,Uncommon,Psychic,60,Basic,0,Dx2,F-30,ME: Ascended Heroes,2026-01-30,Normal,0.21
675910,Spectrier,098/217,Rare,Psychic,120,Basic,1,Dx2,F-30,ME: Ascended Heroes,2026-01-30,Holofoil,0.24
675911,Munkidori,099/217,Rare,Psychic,110,Basic,1,Dx2,F-30,ME: Ascended Heroes,2026-01-30,Holofoil,0.23
675912,Team Rocket's Diglett,100/217,Common,Fighting,60,Basic,1,Gx2,,ME: Ascended Heroes,2026-01-30,Normal,0.14
675913,Team Rocket's Dugtrio - 101/217,101/217,Uncommon,Fighting,100,Stage 1,1,Gx2,,ME: Ascended Heroes,2026-01-30,Normal,0.13
675914,Hitmontop - 102/217,102/217,Common,Fighting,100,Basic,1,Px2,,ME: Ascended Heroes,2026-01-30,Normal,0.11
675915,Meditite,103/217,Common,Fighting,70,Basic,1,Px2,,ME: Ascended Heroes,2026-01-30,Normal,0.12
675916,Medicham - 104/217,104/217,Common,Fighting,120,Stage 1,1,Px2,,ME: Ascended Heroes,2026-01-30,Normal,0.12
675917,Lunatone,105/217,Rare,Fighting,110,Basic,1,Gx2,,ME: Ascended Heroes,2026-01-30,Holofoil,0.19
675918,Solrock,106/217,Uncommon,Fighting,110,Basic,1,Gx2,,ME: Ascended Heroes,2026-01-30,Normal,0.14
675919,Regirock ex,107/217,Double Rare,Fighting,230,Basic,3,Gx2,,ME: Ascended Heroes,2026-01-30,Holofoil,0.64
675920,Groudon,108/217,Rare,Fighting,140,Basic,3,Gx2,,ME: Ascended Heroes,2026-01-30,Holofoil,0.18
675921,Cynthia's Gible,109/217,Common,Fighting,70,Basic,1,Gx2,,ME: Ascended Heroes,2026-01-30,Normal,0.19
675922,Cynthia's Gabite,110/217,Uncommon,Fighting,100,Stage 1,1,Gx2,,ME: Ascended Heroes,2026-01-30,Normal,0.22
675923,Cynthia's Garchomp ex,111/217,Double Rare,Fighting,330,Stage 2,,Gx2,,ME: Ascended Heroes,2026-01-30,Holofoil,0.85
675924,Riolu,112/217,Common,Fighting,80,Basic,2,Px2,,ME: Ascended Heroes,2026-01-30,Normal,0.09
675925,Mega Lucario ex,113/217,Double Rare,Fighting,340,Stage 1,2,Px2,,ME: Ascended Heroes,2026-01-30,Holofoil,1.05
675926,Stunfisk ex - 114/217,114/217,Double Rare,Fighting,210,Basic,2,Gx2,,ME: Ascended Heroes,2026-01-30,Holofoil,0.64
675927,Pancham,115/217,Common,Fighting,70,Basic,2,Px2,,ME: Ascended Heroes,2026-01-30,Normal,0.11
675928,Mega Hawlucha ex - 116/217,116/217,Double Rare,Fighting,250,Basic,1,Px2,,ME: Ascended Heroes,2026-01-30,Holofoil,0.84
675929,Carbink - 117/217,117/217,Uncommon,Fighting,90,Basic,1,Gx2,,ME: Ascended Heroes,2026-01-30,Normal,0.1
675930,Rolycoly,118/217,Common,Fighting,80,Basic,3,Gx2,,ME: Ascended Heroes,2026-01-30,Normal,0.07
675931,Carkol,119/217,Common,Fighting,110,Stage 1,3,Gx2,,ME: Ascended Heroes,2026-01-30,Normal,0.08
675932,Coalossal,120/217,Rare,Fighting,180,Stage 2,4,Gx2,,ME: Ascended Heroes,2026-01-30,Holofoil,0.13
675933,Koraidon ex,121/217,Double Rare,Fighting,230,Basic,2,Px2,,ME: Ascended Heroes,2026-01-30,Holofoil,0.82
675934,Okidogi,122/217,Rare,Fighting,140,Basic,3,Px2,,ME: Ascended Heroes,2026-01-30,Holofoil,0.15
675935,Gastly,123/217,Common,Darkness,70,Basic,1,Fx2,,ME: Ascended Heroes,2026-01-30,Normal,0.17
675936,Haunter,124/217,Uncommon,Darkness,100,Stage 1,1,Fx2,,ME: Ascended Heroes,2026-01-30,Normal,0.15
675937,Mega Gengar ex - 125/217,125/217,Double Rare,Darkness,350,Stage 2,2,Fx2,,ME: Ascended Heroes,2026-01-30,Holofoil,3.4
675938,Team Rocket's Murkrow,126/217,Common,Darkness,80,Basic,1,Lx2,F-30,ME: Ascended Heroes,2026-01-30,Normal,0.19
675939,Team Rocket's Honchkrow,127/217,Rare,Darkness,130,Stage 1,1,Lx2,F-30,ME: Ascended Heroes,2026-01-30,Holofoil,0.27
675940,Poochyena,128/217,Common,Darkness,70,Basic,1,Gx2,,ME: Ascended Heroes,2026-01-30,Normal,0.14
675941,Mightyena - 129/217,129/217,Uncommon,Darkness,120,Stage 1,2,Gx2,,ME: Ascended Heroes,2026-01-30,Normal,0.05
675942,Galarian Zigzagoon,130/217,Common,Darkness,70,Basic,1,Gx2,,ME: Ascended Heroes,2026-01-30,Normal,0.13
675943,Galarian Linoone,131/217,Common,Darkness,90,Stage 1,2,Gx2,,ME: Ascended Heroes,2026-01-30,Normal,0.07
675944,Galarian Obstagoon - 132/217,132/217,Uncommon,Darkness,170,Stage 2,2,Gx2,,ME: Ascended Heroes,2026-01-30,Normal,0.13
675945,Cynthia's Spiritomb - 133/217,133/217,Uncommon,Darkness,70,Basic,1,Gx2,,ME: Ascended Heroes,2026-01-30,Normal,0.09
675946,Scraggy,134/217,Common,Darkness,80,Basic,2,Gx2,,ME: Ascended Heroes,2026-01-30,Normal,0.18
675947,Mega Scrafty ex - 135/217,135/217,Double Rare,Darkness,330,Stage 1,2,Gx2,,ME: Ascended Heroes,2026-01-30,Holofoil,0.84
675948,N's Zorua,136/217,Common,Darkness,70,Basic,1,Gx2,,ME: Ascended Heroes,2026-01-30,Normal,0.21
675949,N's Zoroark ex - 137/217,137/217,Double Rare,Darkness,280,Stage 1,2,Gx2,,ME: Ascended Heroes,2026-01-30,Holofoil,1.11
675950,Vullaby,138/217,Common,Darkness,70,Basic,1,Lx2,F-30,ME: Ascended Heroes,2026-01-30,Normal,0.13
675951,Mandibuzz ex,139/217,Double Rare,Darkness,260,Stage 1,1,Lx2,F-30,ME: Ascended Heroes,2026-01-30,Holofoil,0.65
675952,Pangoro,140/217,Uncommon,Darkness,140,Stage 1,3,Gx2,,ME: Ascended Heroes,2026-01-30,Normal,0.08
675953,Hoopa,141/217,Rare,Darkness,120,Basic,2,Gx2,,ME: Ascended Heroes,2026-01-30,Holofoil,0.29
675954,Fezandipiti ex - 142/217,142/217,Double Rare,Darkness,210,Basic,1,Fx2,,ME: Ascended Heroes,2026-01-30,Holofoil,3.47
675955,Pecharunt,143/217,Rare,Darkness,80,Basic,1,Fx2,,ME: Ascended Heroes,2026-01-30,Holofoil,0.17
675956,Mawile - 144/217,144/217,Uncommon,Metal,90,Basic,1,Rx2,G-30,ME: Ascended Heroes,2026-01-30,Normal,0.18
675957,Registeel ex,145/217,Double Rare,Metal,230,Basic,3,Rx2,G-30,ME: Ascended Heroes,2026-01-30,Holofoil,0.78
675958,Pawniard,146/217,Common,Metal,70,Basic,1,Rx2,G-30,ME: Ascended Heroes,2026-01-30,Normal,0.06
675959,Bisharp,147/217,Common,Metal,120,Stage 1,1,Rx2,G-30,ME: Ascended Heroes,2026-01-30,Normal,0.08
675960,Kingambit,148/217,Rare,Metal,170,Stage 2,3,Rx2,G-30,ME: Ascended Heroes,2026-01-30,Holofoil,0.18
675961,Togedemaru ex,149/217,Double Rare,Metal,190,Basic,1,Rx2,G-30,ME: Ascended Heroes,2026-01-30,Holofoil,0.7
675962,Dratini,150/217,Common,Dragon,80,Basic,2,,,ME: Ascended Heroes,2026-01-30,Normal,0.15
675963,Dragonair,151/217,Uncommon,Dragon,100,Stage 1,2,,,ME: Ascended Heroes,2026-01-30,Normal,0.19
675964,Mega Dragonite ex - 152/217,152/217,Double Rare,Dragon,370,Stage 2,2,,,ME: Ascended Heroes,2026-01-30,Holofoil,4.68
675965,Rayquaza,153/217,Rare,Dragon,120,Basic,1,,,ME: Ascended Heroes,2026-01-30,Holofoil,0.33
675966,N's Reshiram,154/217,Rare,Dragon,130,Basic,2,,,ME: Ascended Heroes,2026-01-30,Holofoil,0.19
675967,N's Zekrom,155/217,Rare,Dragon,130,Basic,2,,,ME: Ascended Heroes,2026-01-30,Holofoil,0.29
675968,Noibat,156/217,Common,Dragon,70,Basic,1,,,ME: Ascended Heroes,2026-01-30,Normal,0.14
675969,Noivern,157/217,Uncommon,Dragon,120,Stage 1,0,,,ME: Ascended Heroes,2026-01-30,Normal,0.12
675970,Dreepy - 158/217,158/217,Common,Dragon,70,Basic,1,,,ME: Ascended Heroes,2026-01-30,Normal,0.18
675971,Drakloak - 159/217,159/217,Common,Dragon,90,Stage 1,1,,,ME: Ascended Heroes,2026-01-30,Normal,0.16
675972,Dragapult ex,160/217,Double Rare,Dragon,320,Stage 2,1,,,ME: Ascended Heroes,2026-01-30,Holofoil,1.38
675973,Team Rocket's Meowth,161/217,Common,Colorless,70,Basic,1,Fx2,,ME: Ascended Heroes,2026-01-30,Normal,0.16
675974,Team Rocket's Kangaskhan ex,162/217,Double Rare,Colorless,230,Basic,2,Fx2,,ME: Ascended Heroes,2026-01-30,Holofoil,0.86
675975,Larry's Dunsparce,163/217,Common,Colorless,70,Basic,0,Fx2,,ME: Ascended Heroes,2026-01-30,Normal,0.16
675976,Larry's Dudunsparce ex,164/217,Double Rare,Colorless,270,Stage 1,3,Fx2,,ME: Ascended Heroes,2026-01-30,Holofoil,0.73
675977,Skitty,165/217,Common,Colorless,60,Basic,1,Fx2,,ME: Ascended Heroes,2026-01-30,Normal,0.17
675978,Delcatty,166/217,Uncommon,Colorless,100,Stage 1,1,Fx2,,ME: Ascended Heroes,2026-01-30,Normal,0.06
675979,Zangoose ex,167/217,Double Rare,Colorless,200,Basic,1,Fx2,,ME: Ascended Heroes,2026-01-30,Holofoil,0.69
675980,Larry's Starly,168/217,Common,Colorless,60,Basic,1,Lx2,F-30,ME: Ascended Heroes,2026-01-30,Normal,0.04
675981,Larry's Staravia,169/217,Uncommon,Colorless,90,Stage 1,1,Lx2,F-30,ME: Ascended Heroes,2026-01-30,Normal,0.12
675982,Larry's Staraptor - 170/217,170/217,Rare,Colorless,150,Stage 2,1,Lx2,F-30,ME: Ascended Heroes,2026-01-30,Holofoil,0.16
675983,Fan Rotom - 171/217,171/217,Common,Colorless,70,Basic,1,Lx2,F-30,ME: Ascended Heroes,2026-01-30,Normal,0.09
675984,Mega Audino ex - 172/217,172/217,Double Rare,Colorless,270,Basic,1,Fx2,,ME: Ascended Heroes,2026-01-30,Holofoil,1.03
675985,Larry's Rufflet,173/217,Common,Colorless,70,Basic,1,Lx2,F-30,ME: Ascended Heroes,2026-01-30,Normal,0.09
675986,Larry's Braviary,174/217,Uncommon,Colorless,130,Stage 1,1,Lx2,F-30,ME: Ascended Heroes,2026-01-30,Normal,0.08
675987,Larry's Komala,175/217,Common,Colorless,90,Basic,2,Fx2,,ME: Ascended Heroes,2026-01-30,Normal,0.17
675988,Drampa,176/217,Uncommon,Colorless,130,Basic,2,Fx2,,ME: Ascended Heroes,2026-01-30,Normal,0.06
675989,Hop's Cramorant,177/217,Uncommon,Colorless,110,Basic,1,Lx2,F-30,ME: Ascended Heroes,2026-01-30,Normal,0.12
675990,Terapagos,178/217,Rare,Colorless,120,Basic,2,Fx2,,ME: Ascended Heroes,2026-01-30,Holofoil,0.19
675991,Terapagos ex,179/217,Double Rare,Colorless,230,Basic,2,Fx2,,ME: Ascended Heroes,2026-01-30,Holofoil,0.74
676030,Erika's Tangela - 218/217,218/217,Illustration Rare,Grass,60,Basic,2,Rx2,,ME: Ascended Heroes,2026-01-30,Holofoil,16.39
676031,Beautifly - 219/217,219/217,Illustration Rare,Grass,130,Stage 2,1,Rx2,,ME: Ascended Heroes,2026-01-30,Holofoil,6.31
676032,Dustox - 220/217,220/217,Illustration Rare,Grass,140,Stage 2,1,Rx2,,ME: Ascended Heroes,2026-01-30,Holofoil,2.8
676033,Budew - 221/217,221/217,Illustration Rare,Grass,30,Basic,,Rx2,,ME: Ascended Heroes,2026-01-30,Holofoil,6.72
676034,Ethan's Magcargo - 222/217,222/217,Illustration Rare,Fire,130,Stage 1,3,Wx2,,ME: Ascended Heroes,2026-01-30,Holofoil,6.01
676035,Numel - 223/217,223/217,Illustration Rare,Fire,80,Basic,3,Wx2,,ME: Ascended Heroes,2026-01-30,Holofoil,4.88
676036,Salazzle - 224/217,224/217,Illustration Rare,Fire,120,Stage 1,1,Wx2,,ME: Ascended Heroes,2026-01-30,Holofoil,2.64
676037,Scorbunny - 225/217,225/217,Illustration Rare,Fire,70,Basic,1,Wx2,,ME: Ascended Heroes,2026-01-30,Holofoil,8.82
676038,Psyduck - 226/217,226/217,Illustration Rare,Water,70,Basic,1,Lx2,,ME: Ascended Heroes,2026-01-30,Holofoil,66.42
676039,Snorunt - 227/217,227/217,Illustration Rare,Water,70,Basic,1,Mx2,,ME: Ascended Heroes,2026-01-30,Holofoil,5.48
676040,Weavile - 228/217,228/217,Illustration Rare,Water,100,Stage 1,1,Mx2,,ME: Ascended Heroes,2026-01-30,Holofoil,5.09
676041,Heliolisk - 229/217,229/217,Illustration Rare,Lightning,120,Stage 1,1,Fx2,,ME: Ascended Heroes,2026-01-30,Holofoil,2.52
676042,Vikavolt - 230/217,230/217,Illustration Rare,Lightning,160,Stage 2,1,Fx2,,ME: Ascended Heroes,2026-01-30,Holofoil,2.27
676043,Iono's Wattrel - 231/217,231/217,Illustration Rare,Lightning,60,Basic,1,Lx2,F-30,ME: Ascended Heroes,2026-01-30,Holofoil,7.7
676044,Marill - 232/217,232/217,Illustration Rare,Psychic,70,Basic,1,Mx2,,ME: Ascended Heroes,2026-01-30,Holofoil,12.11
676045,Misdreavus - 233/217,233/217,Illustration Rare,Psychic,60,Basic,1,Dx2,F-30,ME: Ascended Heroes,2026-01-30,Holofoil,5.04
676046,Banette - 234/217,234/217,Illustration Rare,Psychic,90,Stage 1,1,Dx2,F-30,ME: Ascended Heroes,2026-01-30,Holofoil,10.59
676047,Togekiss - 235/217,235/217,Illustration Rare,Psychic,140,Stage 2,1,Mx2,,ME: Ascended Heroes,2026-01-30,Holofoil,4.62
676048,Slurpuff - 236/217,236/217,Illustration Rare,Psychic,120,Stage 1,2,Mx2,,ME: Ascended Heroes,2026-01-30,Holofoil,7.71
676049,Hop's Trevenant - 237/217,237/217,Illustration Rare,Psychic,140,Stage 1,2,Dx2,F-30,ME: Ascended Heroes,2026-01-30,Holofoil,4.48
676050,Team Rocket's Mimikyu - 238/217,238/217,Illustration Rare,Psychic,60,Basic,0,Dx2,F-30,ME: Ascended Heroes,2026-01-30,Holofoil,21.26
676051,Team Rocket's Dugtrio - 239/217,239/217,Illustration Rare,Fighting,100,Stage 1,1,Gx2,,ME: Ascended Heroes,2026-01-30,Holofoil,6.18
676052,Hitmontop - 240/217,240/217,Illustration Rare,Fighting,100,Basic,1,Px2,,ME: Ascended Heroes,2026-01-30,Holofoil,5.59
676053,Medicham - 241/217,241/217,Illustration Rare,Fighting,120,Stage 1,1,Px2,,ME: Ascended Heroes,2026-01-30,Holofoil,5.18
676054,Carbink - 242/217,242/217,Illustration Rare,Fighting,90,Basic,1,Gx2,,ME: Ascended Heroes,2026-01-30,Holofoil,5.37
676055,Mightyena - 243/217,243/217,Illustration Rare,Darkness,120,Stage 1,2,Gx2,,ME: Ascended Heroes,2026-01-30,Holofoil,6.97
676056,Cynthia's Spiritomb - 244/217,244/217,Illustration Rare,Darkness,70,Basic,1,Gx2,,ME: Ascended Heroes,2026-01-30,Holofoil,8.87
676057,Galarian Obstagoon - 245/217,245/217,Illustration Rare,Darkness,170,Stage 2,2,Gx2,,ME: Ascended Heroes,2026-01-30,Holofoil,3.4
676058,Mawile - 246/217,246/217,Illustration Rare,Metal,90,Basic,1,Rx2,G-30,ME: Ascended Heroes,2026-01-30,Holofoil,4.83
676059,Dreepy - 247/217,247/217,Illustration Rare,Dragon,70,Basic,1,,,ME: Ascended Heroes,2026-01-30,Holofoil,6.81
676060,Drakloak - 248/217,248/217,Illustration Rare,Dragon,90,Stage 1,1,,,ME: Ascended Heroes,2026-01-30,Holofoil,5.58
676061,Larry's Staraptor - 249/217,249/217,Illustration Rare,Colorless,150,Stage 2,1,Lx2,F-30,ME: Ascended Heroes,2026-01-30,Holofoil,3.96
676062,Fan Rotom - 250/217,250/217,Illustration Rare,Colorless,70,Basic,1,Lx2,F-30,ME: Ascended Heroes,2026-01-30,Holofoil,2.79
676063,Sprigatito ex,251/217,Ultra Rare,Grass,200,Basic,1,Rx2,,ME: Ascended Heroes,2026-01-30,Holofoil,2.4
676064,Stunfisk ex - 252/217,252/217,Ultra Rare,Fighting,210,Basic,2,Gx2,,ME: Ascended Heroes,2026-01-30,Holofoil,0.79
676065,Mega Audino ex - 253/217,253/217,Ultra Rare,Colorless,270,Basic,1,Fx2,,ME: Ascended Heroes,2026-01-30,Holofoil,1.45
676077,Mega Froslass ex - 265/217,265/217,Mega Attack Rare,Water,310,Stage 1,1,Mx2,,ME: Ascended Heroes,2026-01-30,Holofoil,7.37
676078,Mega Eelektross ex - 266/217,266/217,Mega Attack Rare,Lightning,350,Stage 2,2,Fx2,,ME: Ascended Heroes,2026-01-30,Holofoil,4.29
676079,Mega Diancie ex - 267/217,267/217,Mega Attack Rare,Psychic,270,Basic,1,Mx2,,ME: Ascended Heroes,2026-01-30,Holofoil,7.13
676080,Mega Hawlucha ex - 268/217,268/217,Mega Attack Rare,Fighting,250,Basic,1,Px2,,ME: Ascended Heroes,2026-01-30,Holofoil,6.04
676081,Mega Gengar ex - 269/217,269/217,Mega Attack Rare,Darkness,350,Stage 2,2,Fx2,,ME: Ascended Heroes,2026-01-30,Holofoil,52.77
676082,Mega Scrafty ex - 270/217,270/217,Mega Attack Rare,Darkness,330,Stage 1,2,Gx2,,ME: Ascended Heroes,2026-01-30,Holofoil,4.94
676083,Mega Dragonite ex - 271/217,271/217,Mega Attack Rare,Dragon,370,Stage 2,2,,,ME: Ascended Heroes,2026-01-30,Holofoil,40.87
676084,Mega Meganium ex - 272/217,272/217,Special Illustration Rare,Grass,360,Stage 2,2,Rx2,,ME: Ascended Heroes,2026-01-30,Holofoil,79.5
676085,Mega Emboar ex - 273/217,273/217,Special Illustration Rare,Fire,380,Stage 2,4,Wx2,,ME: Ascended Heroes,2026-01-30,Holofoil,50.17
676086,Mega Feraligatr ex - 274/217,274/217,Special Illustration Rare,Water,370,Stage 2,3,Lx2,,ME: Ascended Heroes,2026-01-30,Holofoil,126.52
676087,Mega Froslass ex - 275/217,275/217,Special Illustration Rare,Water,310,Stage 1,1,Mx2,,ME: Ascended Heroes,2026-01-30,Holofoil,76.0
676088,Pikachu ex - 276/217,276/217,Special Illustration Rare,Lightning,200,Basic,1,Fx2,,ME: Ascended Heroes,2026-01-30,Holofoil,963.86
676089,Pikachu ex - 277/217,277/217,Special Illustration Rare,Lightning,200,Basic,1,Fx2,,ME: Ascended Heroes,2026-01-30,Holofoil,324.34
676090,Mega Eelektross ex - 278/217,278/217,Special Illustration Rare,Lightning,350,Stage 2,2,Fx2,,ME: Ascended Heroes,2026-01-30,Holofoil,38.45
676091,Iono's Bellibolt ex - 279/217,279/217,Special Illustration Rare,Lightning,280,Stage 1,2,Fx2,,ME: Ascended Heroes,2026-01-30,Holofoil,60.07
676092,Lillie's Clefairy ex - 280/217,280/217,Special Illustration Rare,Psychic,190,Basic,1,Mx2,,ME: Ascended Heroes,2026-01-30,Holofoil,152.67
676093,Team Rocket's Mewtwo ex - 281/217,281/217,Special Illustration Rare,Psychic,280,Basic,3,Dx2,F-30,ME: Ascended Heroes,2026-01-30,Holofoil,289.77
676094,Mega Diancie ex - 282/217,282/217,Special Illustration Rare,Psychic,270,Basic,1,Mx2,,ME: Ascended Heroes,2026-01-30,Holofoil,56.37
676095,Mega Hawlucha ex - 283/217,283/217,Special Illustration Rare,Fighting,250,Basic,1,Px2,,ME: Ascended Heroes,2026-01-30,Holofoil,55.09
676096,Mega Gengar ex - 284/217,284/217,Special Illustration Rare,Darkness,350,Stage 2,2,Fx2,,ME: Ascended Heroes,2026-01-30,Holofoil,884.54
676097,Mega Scrafty ex - 285/217,285/217,Special Illustration Rare,Darkness,330,Stage 1,2,Gx2,,ME: Ascended Heroes,2026-01-30,Holofoil,56.02
676098,N's Zoroark ex - 286/217,286/217,Special Illustration Rare,Darkness,280,Stage 1,2,Gx2,,ME: Ascended Heroes,2026-01-30,Holofoil,149.68
676099,Marnie's Grimmsnarl ex,287/217,Special Illustration Rare,Darkness,320,Stage 2,2,Gx2,,ME: Ascended Heroes,2026-01-30,Holofoil,65.4
676100,Fezandipiti ex - 288/217,288/217,Special Illustration Rare,Darkness,210,Basic,1,Fx2,,ME: Ascended Heroes,2026-01-30,Holofoil,54.8
676101,Steven's Metagross ex,289/217,Special Illustration Rare,Metal,340,Stage 2,3,Rx2,G-30,ME: Ascended Heroes,2026-01-30,Holofoil,77.77
676102,Mega Dragonite ex - 290/217,290/217,Special Illustration Rare,Dragon,370,Stage 2,2,,,ME: Ascended Heroes,2026-01-30,Holofoil,604.79
676106,Mega Charizard Y ex - 294/217,294/217,Mega Hyper Rare,Fire,360,Stage 2,1,Wx2,,ME: Ascended Heroes,2026-01-30,Holofoil,366.82
676107,Mega Dragonite ex - 295/217,295/217,Mega Hyper Rare,Dragon,370,Stage 2,2,,,ME: Ascended Heroes,2026-01-30,Holofoil,225.59
676852,Erika's Oddish (Poke Ball),001/217,Common,Grass,60,Basic,1,Rx2,,ME: Ascended Heroes,2026-01-30,Reverse Holofoil,0.24
676853,Erika's Gloom (Poke Ball),002/217,Uncommon,Grass,90,Stage 1,1,Rx2,,ME: Ascended Heroes,2026-01-30,Reverse Holofoil,0.27
676854,Erika's Bellsprout (Poke Ball),004/217,Common,Grass,60,Basic,1,Rx2,,ME: Ascended Heroes,2026-01-30,Reverse Holofoil,0.25
676855,Erika's Weepinbell (Poke Ball),005/217,Uncommon,Grass,90,Stage 1,2,Rx2,,ME: Ascended Heroes,2026-01-30,Reverse Holofoil,0.2
676856,Erika's Victreebel (Poke Ball),006/217,Rare,Grass,150,Stage 2,3,Rx2,,ME: Ascended Heroes,2026-01-30,Reverse Holofoil,0.26
676857,Erika's Tangela - 007/217 (Poke Ball),007/217,Common,Grass,60,Basic,2,Rx2,,ME: Ascended Heroes,2026-01-30,Reverse Holofoil,0.23
676858,Chikorita (Friend Ball),008/217,Common,Grass,70,Basic,1,Rx2,,ME: Ascended Heroes,2026-01-30,Reverse Holofoil,0.2
676859,Bayleef (Friend Ball),009/217,Uncommon,Grass,100,Stage 1,2,Rx2,,ME: Ascended Heroes,2026-01-30,Reverse Holofoil,0.26
676860,Wurmple (Love Ball),011/217,Common,Grass,60,Basic,1,Rx2,,ME: Ascended Heroes,2026-01-30,Reverse Holofoil,0.23
676861,Silcoon (Love Ball),012/217,Common,Grass,90,Stage 1,3,Rx2,,ME: Ascended Heroes,2026-01-30,Reverse Holofoil,0.24
676862,Beautifly - 013/217 (Love Ball),013/217,Uncommon,Grass,130,Stage 2,1,Rx2,,ME: Ascended Heroes,2026-01-30,Reverse Holofoil,0.2
676863,Cascoon (Love Ball),014/217,Common,Grass,90,Stage 1,3,Rx2,,ME: Ascended Heroes,2026-01-30,Reverse Holofoil,0.17
676864,Dustox - 015/217 (Love Ball),015/217,Uncommon,Grass,140,Stage 2,1,Rx2,,ME: Ascended Heroes,2026-01-30,Reverse Holofoil,0.22
676865,Budew - 016/217 (Friend Ball),016/217,Common,Grass,30,Basic,,Rx2,,ME: Ascended Heroes,2026-01-30,Reverse Holofoil,0.28
676866,Grubbin (Quick Ball),017/217,Common,Grass,70,Basic,2,Rx2,,ME: Ascended Heroes,2026-01-30,Reverse Holofoil,0.26
676867,Team Rocket's Tarountula (Team Rocket),018/217,Common,Grass,50,Basic,1,Rx2,,ME: Ascended Heroes,2026-01-30,Reverse Holofoil,0.27
676868,Team Rocket's Spidops (Team Rocket),019/217,Rare,Grass,130,Stage 1,2,Rx2,,ME: Ascended Heroes,2026-01-30,Reverse Holofoil,0.27
676869,Charmander (Friend Ball),020/217,Common,Fire,80,Basic,1,Wx2,,ME: Ascended Heroes,2026-01-30,Reverse Holofoil,0.26
676870,Charmeleon (Friend Ball),021/217,Uncommon,Fire,100,Stage 1,1,Wx2,,ME: Ascended Heroes,2026-01-30,Reverse Holofoil,0.29
676871,Ethan's Slugma (Poke Ball),023/217,Common,Fire,80,Basic,2,Wx2,,ME: Ascended Heroes,2026-01-30,Reverse Holofoil,0.21
676872,Ethan's Magcargo - 024/217 (Poke Ball),024/217,Rare,Fire,130,Stage 1,3,Wx2,,ME: Ascended Heroes,2026-01-30,Reverse Holofoil,0.23
676873,Entei (Quick Ball),025/217,Rare,Fire,140,Basic,3,Wx2,,ME: Ascended Heroes,2026-01-30,Reverse Holofoil,0.24
676874,Numel - 027/217 (Quick Ball),027/217,Common,Fire,80,Basic,3,Wx2,,ME: Ascended Heroes,2026-01-30,Reverse Holofoil,0.25
676875,Camerupt (Quick Ball),028/217,Uncommon,Fire,140,Stage 1,3,Wx2,,ME: Ascended Heroes,2026-01-30,Reverse Holofoil,0.25
676876,Tepig (Friend Ball),029/217,Common,Fire,80,Basic,2,Wx2,,ME: Ascended Heroes,2026-01-30,Reverse Holofoil,0.23
676877,Pignite (Friend Ball),030/217,Uncommon,Fire,110,Stage 1,3,Wx2,,ME: Ascended Heroes,2026-01-30,Reverse Holofoil,0.21
676878,N's Darumaka (Poke Ball),032/217,Common,Fire,80,Basic,2,Wx2,,ME: Ascended Heroes,2026-01-30,Reverse Holofoil,0.24
676879,N's Darmanitan (Poke Ball),033/217,Uncommon,Fire,140,Stage 1,3,Wx2,,ME: Ascended Heroes,2026-01-30,Reverse Holofoil,0.21
676880,Salandit (Quick Ball),034/217,Common,Fire,70,Basic,1,Wx2,,ME: Ascended Heroes,2026-01-30,Reverse Holofoil,0.22
676881,Salazzle - 035/217 (Quick Ball),035/217,Uncommon,Fire,120,Stage 1,1,Wx2,,ME: Ascended Heroes,2026-01-30,Reverse Holofoil,0.22
676882,Scorbunny - 036/217 (Friend Ball),036/217,Common,Fire,70,Basic,1,Wx2,,ME: Ascended Heroes,2026-01-30,Reverse Holofoil,0.23
676883,Raboot (Friend Ball),037/217,Common,Fire,90,Stage 1,1,Wx2,,ME: Ascended Heroes,2026-01-30,Reverse Holofoil,0.18
676884,Psyduck - 039/217 (Love Ball),039/217,Common,Water,70,Basic,1,Lx2,,ME: Ascended Heroes,2026-01-30,Reverse Holofoil,0.59
676885,Golduck (Love Ball),040/217,Uncommon,Water,120,Stage 1,1,Lx2,,ME: Ascended Heroes,2026-01-30,Reverse Holofoil,0.23
676886,Totodile (Friend Ball),041/217,Common,Water,80,Basic,1,Lx2,,ME: Ascended Heroes,2026-01-30,Reverse Holofoil,0.23
676887,Croconaw (Friend Ball),042/217,Uncommon,Water,100,Stage 1,2,Lx2,,ME: Ascended Heroes,2026-01-30,Reverse Holofoil,0.23
676888,Sneasel (Dusk Ball),044/217,Common,Water,70,Basic,1,Mx2,,ME: Ascended Heroes,2026-01-30,Reverse Holofoil,0.24
676889,Weavile - 045/217 (Dusk Ball),045/217,Uncommon,Water,100,Stage 1,1,Mx2,,ME: Ascended Heroes,2026-01-30,Reverse Holofoil,0.26
676890,Snorunt - 046/217 (Love Ball),046/217,Common,Water,70,Basic,1,Mx2,,ME: Ascended Heroes,2026-01-30,Reverse Holofoil,0.27
676891,N's Vanillite (Poke Ball),049/217,Common,Water,60,Basic,1,Mx2,,ME: Ascended Heroes,2026-01-30,Reverse Holofoil,0.25
676892,N's Vanillish (Poke Ball),050/217,Common,Water,100,Stage 1,1,Mx2,,ME: Ascended Heroes,2026-01-30,Reverse Holofoil,0.27
676893,N's Vanilluxe (Poke Ball),051/217,Uncommon,Water,150,Stage 2,2,Mx2,,ME: Ascended Heroes,2026-01-30,Reverse Holofoil,0.24
676894,Snom (Friend Ball),052/217,Common,Water,50,Basic,1,Mx2,,ME: Ascended Heroes,2026-01-30,Reverse Holofoil,0.24
676895,Frosmoth (Friend Ball),053/217,Uncommon,Water,110,Stage 1,2,Mx2,,ME: Ascended Heroes,2026-01-30,Reverse Holofoil,0.22
676896,Glastrier (Friend Ball),054/217,Uncommon,Water,130,Basic,2,Mx2,,ME: Ascended Heroes,2026-01-30,Reverse Holofoil,0.22
676897,Pikachu (Friend Ball),055/217,Common,Lightning,70,Basic,1,Fx2,,ME: Ascended Heroes,2026-01-30,Reverse Holofoil,0.77
676898,Raichu (Friend Ball),056/217,Uncommon,Lightning,130,Stage 1,1,Fx2,,ME: Ascended Heroes,2026-01-30,Reverse Holofoil,0.27
676899,Tynamo (Quick Ball),059/217,Common,Lightning,40,Basic,0,Fx2,,ME: Ascended Heroes,2026-01-30,Reverse Holofoil,0.2
676900,Eelektrik (Quick Ball),060/217,Uncommon,Lightning,90,Stage 1,2,Fx2,,ME: Ascended Heroes,2026-01-30,Reverse Holofoil,0.22
676901,Stunfisk (Quick Ball),062/217,Common,Lightning,110,Basic,2,Fx2,,ME: Ascended Heroes,2026-01-30,Reverse Holofoil,0.23
676902,Helioptile (Quick Ball),063/217,Common,Lightning,70,Basic,1,Fx2,,ME: Ascended Heroes,2026-01-30,Reverse Holofoil,0.24
676903,Heliolisk - 064/217 (Quick Ball),064/217,Uncommon,Lightning,120,Stage 1,1,Fx2,,ME: Ascended Heroes,2026-01-30,Reverse Holofoil,0.24
676904,Charjabug (Quick Ball),065/217,Common,Lightning,100,Stage 1,2,Fx2,,ME: Ascended Heroes,2026-01-30,Reverse Holofoil,0.24
676905,Vikavolt - 066/217 (Quick Ball),066/217,Uncommon,Lightning,160,Stage 2,1,Fx2,,ME: Ascended Heroes,2026-01-30,Reverse Holofoil,0.18
676906,Tapu Koko (Quick Ball),067/217,Rare,Lightning,120,Basic,1,Fx2,,ME: Ascended Heroes,2026-01-30,Reverse Holofoil,0.26
676907,Iono's Tadbulb (Poke Ball),069/217,Common,Lightning,60,Basic,2,Fx2,,ME: Ascended Heroes,2026-01-30,Reverse Holofoil,0.27
676908,Iono's Wattrel - 071/217 (Poke Ball),071/217,Common,Lightning,60,Basic,1,Lx2,F-30,ME: Ascended Heroes,2026-01-30,Reverse Holofoil,0.27
676909,Iono's Kilowattrel (Poke Ball),072/217,Rare,Lightning,120,Stage 1,1,Lx2,F-30,ME: Ascended Heroes,2026-01-30,Reverse Holofoil,0.26
676910,Clefairy (Love Ball),074/217,Common,Psychic,60,Basic,1,Mx2,,ME: Ascended Heroes,2026-01-30,Reverse Holofoil,0.51
676911,Clefable (Love Ball),075/217,Uncommon,Psychic,120,Stage 1,2,Mx2,,ME: Ascended Heroes,2026-01-30,Reverse Holofoil,0.36
676912,Team Rocket's Exeggcute (Team Rocket),077/217,Common,Psychic,60,Basic,1,Dx2,F-30,ME: Ascended Heroes,2026-01-30,Reverse Holofoil,0.29
676913,Team Rocket's Exeggutor (Team Rocket),078/217,Rare,Psychic,140,Stage 1,3,Dx2,F-30,ME: Ascended Heroes,2026-01-30,Reverse Holofoil,0.27
676914,Togepi (Love Ball),080/217,Common,Psychic,50,Basic,1,Mx2,,ME: Ascended Heroes,2026-01-30,Reverse Holofoil,0.48
676915,Togetic (Love Ball),081/217,Common,Psychic,90,Stage 1,1,Mx2,,ME: Ascended Heroes,2026-01-30,Reverse Holofoil,0.38
676916,Togekiss - 082/217 (Love Ball),082/217,Rare,Psychic,140,Stage 2,1,Mx2,,ME: Ascended Heroes,2026-01-30,Reverse Holofoil,0.32
676917,Marill - 083/217 (Friend Ball),083/217,Common,Psychic,70,Basic,1,Mx2,,ME: Ascended Heroes,2026-01-30,Reverse Holofoil,0.29
676918,Misdreavus - 085/217 (Dusk Ball),085/217,Common,Psychic,60,Basic,1,Dx2,F-30,ME: Ascended Heroes,2026-01-30,Reverse Holofoil,0.3
676919,Mismagius (Dusk Ball),086/217,Rare,Psychic,110,Stage 1,1,Dx2,F-30,ME: Ascended Heroes,2026-01-30,Reverse Holofoil,0.3
676920,Ralts (Love Ball),087/217,Common,Psychic,70,Basic,1,Dx2,F-30,ME: Ascended Heroes,2026-01-30,Reverse Holofoil,0.33
676921,Kirlia (Love Ball),088/217,Common,Psychic,100,Stage 1,1,Dx2,F-30,ME: Ascended Heroes,2026-01-30,Reverse Holofoil,0.42
676922,Shuppet (Dusk Ball),090/217,Common,Psychic,60,Basic,1,Dx2,F-30,ME: Ascended Heroes,2026-01-30,Reverse Holofoil,0.26
676923,Banette - 091/217 (Dusk Ball),091/217,Uncommon,Psychic,90,Stage 1,1,Dx2,F-30,ME: Ascended Heroes,2026-01-30,Reverse Holofoil,0.3
676924,Rotom (Dusk Ball),092/217,Common,Psychic,60,Basic,1,Dx2,F-30,ME: Ascended Heroes,2026-01-30,Reverse Holofoil,0.37
676925,Swirlix (Love Ball),093/217,Common,Psychic,60,Basic,1,Mx2,,ME: Ascended Heroes,2026-01-30,Reverse Holofoil,0.33
676926,Slurpuff - 094/217 (Love Ball),094/217,Uncommon,Psychic,120,Stage 1,2,Mx2,,ME: Ascended Heroes,2026-01-30,Reverse Holofoil,0.31
676927,Hop's Phantump (Poke Ball),095/217,Common,Psychic,70,Basic,2,Dx2,F-30,ME: Ascended Heroes,2026-01-30,Reverse Holofoil,0.43
676928,Hop's Trevenant - 096/217 (Poke Ball),096/217,Rare,Psychic,140,Stage 1,2,Dx2,F-30,ME: Ascended Heroes,2026-01-30,Reverse Holofoil,0.32
676929,Team Rocket's Mimikyu - 097/217 (Team Rocket),097/217,Uncommon,Psychic,60,Basic,0,Dx2,F-30,ME: Ascended Heroes,2026-01-30,Reverse Holofoil,1.45
676930,Spectrier (Dusk Ball),098/217,Rare,Psychic,120,Basic,1,Dx2,F-30,ME: Ascended Heroes,2026-01-30,Reverse Holofoil,0.3
676931,Munkidori (Dusk Ball),099/217,Rare,Psychic,110,Basic,1,Dx2,F-30,ME: Ascended Heroes,2026-01-30,Reverse Holofoil,0.36
676932,Team Rocket's Diglett (Team Rocket),100/217,Common,Fighting,60,Basic,1,Gx2,,ME: Ascended Heroes,2026-01-30,Reverse Holofoil,0.25
676933,Team Rocket's Dugtrio - 101/217 (Team Rocket),101/217,Uncommon,Fighting,100,Stage 1,1,Gx2,,ME: Ascended Heroes,2026-01-30,Reverse Holofoil,0.25
676934,Hitmontop - 102/217 (Dusk Ball),102/217,Common,Fighting,100,Basic,1,Px2,,ME: Ascended Heroes,2026-01-30,Reverse Holofoil,0.24
676935,Meditite (Quick Ball),103/217,Common,Fighting,70,Basic,1,Px2,,ME: Ascended Heroes,2026-01-30,Reverse Holofoil,0.22
676936,Medicham - 104/217 (Quick Ball),104/217,Common,Fighting,120,Stage 1,1,Px2,,ME: Ascended Heroes,2026-01-30,Reverse Holofoil,0.21
676937,Lunatone (Dusk Ball),105/217,Rare,Fighting,110,Basic,1,Gx2,,ME: Ascended Heroes,2026-01-30,Reverse Holofoil,0.24
676938,Solrock (Dusk Ball),106/217,Uncommon,Fighting,110,Basic,1,Gx2,,ME: Ascended Heroes,2026-01-30,Reverse Holofoil,0.22
676939,Groudon (Dusk Ball),108/217,Rare,Fighting,140,Basic,3,Gx2,,ME: Ascended Heroes,2026-01-30,Reverse Holofoil,0.22
676940,Cynthia's Gible (Poke Ball),109/217,Common,Fighting,70,Basic,1,Gx2,,ME: Ascended Heroes,2026-01-30,Reverse Holofoil,0.32
676941,Cynthia's Gabite (Poke Ball),110/217,Uncommon,Fighting,100,Stage 1,1,Gx2,,ME: Ascended Heroes,2026-01-30,Reverse Holofoil,0.39
676942,Riolu (Friend Ball),112/217,Common,Fighting,80,Basic,2,Px2,,ME: Ascended Heroes,2026-01-30,Reverse Holofoil,0.22
676943,Pancham (Love Ball),115/217,Common,Fighting,70,Basic,2,Px2,,ME: Ascended Heroes,2026-01-30,Reverse Holofoil,0.23
676944,Carbink - 117/217 (Love Ball),117/217,Uncommon,Fighting,90,Basic,1,Gx2,,ME: Ascended Heroes,2026-01-30,Reverse Holofoil,0.25
676945,Rolycoly (Dusk Ball),118/217,Common,Fighting,80,Basic,3,Gx2,,ME: Ascended Heroes,2026-01-30,Reverse Holofoil,0.21
676946,Carkol (Dusk Ball),119/217,Common,Fighting,110,Stage 1,3,Gx2,,ME: Ascended Heroes,2026-01-30,Reverse Holofoil,0.25
676947,Coalossal (Dusk Ball),120/217,Rare,Fighting,180,Stage 2,4,Gx2,,ME: Ascended Heroes,2026-01-30,Reverse Holofoil,0.2
676948,Okidogi (Friend Ball),122/217,Rare,Fighting,140,Basic,3,Px2,,ME: Ascended Heroes,2026-01-30,Reverse Holofoil,0.2
676949,Gastly (Dusk Ball),123/217,Common,Darkness,70,Basic,1,Fx2,,ME: Ascended Heroes,2026-01-30,Reverse Holofoil,0.3
676950,Haunter (Dusk Ball),124/217,Uncommon,Darkness,100,Stage 1,1,Fx2,,ME: Ascended Heroes,2026-01-30,Reverse Holofoil,0.33
676951,Team Rocket's Murkrow (Team Rocket),126/217,Common,Darkness,80,Basic,1,Lx2,F-30,ME: Ascended Heroes,2026-01-30,Reverse Holofoil,0.42
676952,Team Rocket's Honchkrow (Team Rocket),127/217,Rare,Darkness,130,Stage 1,1,Lx2,F-30,ME: Ascended Heroes,2026-01-30,Reverse Holofoil,1.29
676953,Poochyena (Dusk Ball),128/217,Common,Darkness,70,Basic,1,Gx2,,ME: Ascended Heroes,2026-01-30,Reverse Holofoil,0.31
676954,Mightyena - 129/217 (Dusk Ball),129/217,Uncommon,Darkness,120,Stage 1,2,Gx2,,ME: Ascended Heroes,2026-01-30,Reverse Holofoil,0.28
676955,Galarian Zigzagoon (Dusk Ball),130/217,Common,Darkness,70,Basic,1,Gx2,,ME: Ascended Heroes,2026-01-30,Reverse Holofoil,0.22
676956,Galarian Linoone (Dusk Ball),131/217,Common,Darkness,90,Stage 1,2,Gx2,,ME: Ascended Heroes,2026-01-30,Reverse Holofoil,0.3
676957,Galarian Obstagoon - 132/217 (Dusk Ball),132/217,Uncommon,Darkness,170,Stage 2,2,Gx2,,ME: Ascended Heroes,2026-01-30,Reverse Holofoil,0.28
676958,Cynthia's Spiritomb - 133/217 (Poke Ball),133/217,Uncommon,Darkness,70,Basic,1,Gx2,,ME: Ascended Heroes,2026-01-30,Reverse Holofoil,0.25
676959,Scraggy (Quick Ball),134/217,Common,Darkness,80,Basic,2,Gx2,,ME: Ascended Heroes,2026-01-30,Reverse Holofoil,0.27
676960,N's Zorua (Poke Ball),136/217,Common,Darkness,70,Basic,1,Gx2,,ME: Ascended Heroes,2026-01-30,Reverse Holofoil,0.42
676961,Vullaby (Dusk Ball),138/217,Common,Darkness,70,Basic,1,Lx2,F-30,ME: Ascended Heroes,2026-01-30,Reverse Holofoil,0.25
676962,Pangoro (Love Ball),140/217,Uncommon,Darkness,140,Stage 1,3,Gx2,,ME: Ascended Heroes,2026-01-30,Reverse Holofoil,0.26
676963,Hoopa (Poke Ball),141/217,Rare,Darkness,120,Basic,2,Gx2,,ME: Ascended Heroes,2026-01-30,Reverse Holofoil,0.31
676964,Pecharunt (Poke Ball),143/217,Rare,Darkness,80,Basic,1,Fx2,,ME: Ascended Heroes,2026-01-30,Reverse Holofoil,0.28
676965,Mawile - 144/217 (Dusk Ball),144/217,Uncommon,Metal,90,Basic,1,Rx2,G-30,ME: Ascended Heroes,2026-01-30,Reverse Holofoil,0.35
676966,Pawniard (Quick Ball),146/217,Common,Metal,70,Basic,1,Rx2,G-30,ME: Ascended Heroes,2026-01-30,Reverse Holofoil,0.22
676967,Bisharp (Quick Ball),147/217,Common,Metal,120,Stage 1,1,Rx2,G-30,ME: Ascended Heroes,2026-01-30,Reverse Holofoil,0.22
676968,Kingambit (Quick Ball),148/217,Rare,Metal,170,Stage 2,3,Rx2,G-30,ME: Ascended Heroes,2026-01-30,Reverse Holofoil,0.22
676969,Dratini (Love Ball),150/217,Common,Dragon,80,Basic,2,,,ME: Ascended Heroes,2026-01-30,Reverse Holofoil,0.24
676970,Dragonair (Love Ball),151/217,Uncommon,Dragon,100,Stage 1,2,,,ME: Ascended Heroes,2026-01-30,Reverse Holofoil,0.36
676971,Rayquaza (Friend Ball),153/217,Rare,Dragon,120,Basic,1,,,ME: Ascended Heroes,2026-01-30,Reverse Holofoil,0.42
676972,N's Reshiram (Poke Ball),154/217,Rare,Dragon,130,Basic,2,,,ME: Ascended Heroes,2026-01-30,Reverse Holofoil,0.26
676973,N's Zekrom (Poke Ball),155/217,Rare,Dragon,130,Basic,2,,,ME: Ascended Heroes,2026-01-30,Reverse Holofoil,0.39
676974,Noibat (Friend Ball),156/217,Common,Dragon,70,Basic,1,,,ME: Ascended Heroes,2026-01-30,Reverse Holofoil,0.21
676975,Noivern (Friend Ball),157/217,Uncommon,Dragon,120,Stage 1,0,,,ME: Ascended Heroes,2026-01-30,Reverse Holofoil,0.22
676976,Dreepy - 158/217 (Quick Ball),158/217,Common,Dragon,70,Basic,1,,,ME: Ascended Heroes,2026-01-30,Reverse Holofoil,0.27
676977,Drakloak - 159/217 (Quick Ball),159/217,Common,Dragon,90,Stage 1,1,,,ME: Ascended Heroes,2026-01-30,Reverse Holofoil,0.27
676978,Team Rocket's Meowth (Team Rocket),161/217,Common,Colorless,70,Basic,1,Fx2,,ME: Ascended Heroes,2026-01-30,Reverse Holofoil,0.26
676979,Larry's Dunsparce (Poke Ball),163/217,Common,Colorless,70,Basic,0,Fx2,,ME: Ascended Heroes,2026-01-30,Reverse Holofoil,0.22
676980,Skitty (Love Ball),165/217,Common,Colorless,60,Basic,1,Fx2,,ME: Ascended Heroes,2026-01-30,Reverse Holofoil,0.25
676981,Delcatty (Love Ball),166/217,Uncommon,Colorless,100,Stage 1,1,Fx2,,ME: Ascended Heroes,2026-01-30,Reverse Holofoil,0.22
676982,Larry's Starly (Poke Ball),168/217,Common,Colorless,60,Basic,1,Lx2,F-30,ME: Ascended Heroes,2026-01-30,Reverse Holofoil,0.21
676983,Larry's Staravia (Poke Ball),169/217,Uncommon,Colorless,90,Stage 1,1,Lx2,F-30,ME: Ascended Heroes,2026-01-30,Reverse Holofoil,0.21
676984,Larry's Staraptor - 170/217 (Poke Ball),170/217,Rare,Colorless,150,Stage 2,1,Lx2,F-30,ME: Ascended Heroes,2026-01-30,Reverse Holofoil,0.21
676985,Fan Rotom - 171/217 (Dusk Ball),171/217,Common,Colorless,70,Basic,1,Lx2,F-30,ME: Ascended Heroes,2026-01-30,Reverse Holofoil,0.21
676986,Larry's Rufflet (Poke Ball),173/217,Common,Colorless,70,Basic,1,Lx2,F-30,ME: Ascended Heroes,2026-01-30,Reverse Holofoil,0.2
676987,Larry's Braviary (Poke Ball),174/217,Uncommon,Colorless,130,Stage 1,1,Lx2,F-30,ME: Ascended Heroes,2026-01-30,Reverse Holofoil,0.2
676988,Larry's Komala (Poke Ball),175/217,Common,Colorless,90,Basic,2,Fx2,,ME: Ascended Heroes,2026-01-30,Reverse Holofoil,0.24
676989,Drampa (Friend Ball),176/217,Uncommon,Colorless,130,Basic,2,Fx2,,ME: Ascended Heroes,2026-01-30,Reverse Holofoil,0.19
676990,Hop's Cramorant (Poke Ball),177/217,Uncommon,Colorless,110,Basic,1,Lx2,F-30,ME: Ascended Heroes,2026-01-30,Reverse Holofoil,0.2
676991,Terapagos (Love Ball),178/217,Rare,Colorless,120,Basic,2,Fx2,,ME: Ascended Heroes,2026-01-30,Reverse Holofoil,0.21
676992,Erika's Oddish (Energy Symbol Pattern),001/217,Common,Grass,60,Basic,1,Rx2,,ME: Ascended Heroes,2026-01-30,Reverse Holofoil,0.22
676993,Erika's Gloom (Energy Symbol Pattern),002/217,Uncommon,Grass,90,Stage 1,1,Rx2,,ME: Ascended Heroes,2026-01-30,Reverse Holofoil,0.21
676994,Erika's Bellsprout (Energy Symbol Pattern),004/217,Common,Grass,60,Basic,1,Rx2,,ME: Ascended Heroes,2026-01-30,Reverse Holofoil,0.23
676995,Erika's Weepinbell (Energy Symbol Pattern),005/217,Uncommon,Grass,90,Stage 1,2,Rx2,,ME: Ascended Heroes,2026-01-30,Reverse Holofoil,0.3
676996,Erika's Victreebel (Energy Symbol Pattern),006/217,Rare,Grass,150,Stage 2,3,Rx2,,ME: Ascended Heroes,2026-01-30,Reverse Holofoil,0.28
676997,Erika's Tangela - 007/217 (Energy Symbol Pattern),007/217,Common,Grass,60,Basic,2,Rx2,,ME: Ascended Heroes,2026-01-30,Reverse Holofoil,0.26
676998,Chikorita (Energy Symbol Pattern),008/217,Common,Grass,70,Basic,1,Rx2,,ME: Ascended Heroes,2026-01-30,Reverse Holofoil,0.22
676999,Bayleef (Energy Symbol Pattern),009/217,Uncommon,Grass,100,Stage 1,2,Rx2,,ME: Ascended Heroes,2026-01-30,Reverse Holofoil,0.28
677000,Wurmple (Energy Symbol Pattern),011/217,Common,Grass,60,Basic,1,Rx2,,ME: Ascended Heroes,2026-01-30,Reverse Holofoil,0.26
677001,Silcoon (Energy Symbol Pattern),012/217,Common,Grass,90,Stage 1,3,Rx2,,ME: Ascended Heroes,2026-01-30,Reverse Holofoil,0.24
677002,Beautifly - 013/217 (Energy Symbol Pattern),013/217,Uncommon,Grass,130,Stage 2,1,Rx2,,ME: Ascended Heroes,2026-01-30,Reverse Holofoil,0.26
677003,Cascoon (Energy Symbol Pattern),014/217,Common,Grass,90,Stage 1,3,Rx2,,ME: Ascended Heroes,2026-01-30,Reverse Holofoil,0.31
677004,Dustox - 015/217 (Energy Symbol Pattern),015/217,Uncommon,Grass,140,Stage 2,1,Rx2,,ME: Ascended Heroes,2026-01-30,Reverse Holofoil,0.31
677005,Budew - 016/217 (Energy Symbol Pattern),016/217,Common,Grass,30,Basic,,Rx2,,ME: Ascended Heroes,2026-01-30,Reverse Holofoil,0.32
677006,Grubbin (Energy Symbol Pattern),017/217,Common,Grass,70,Basic,2,Rx2,,ME: Ascended Heroes,2026-01-30,Reverse Holofoil,0.23
677007,Team Rocket's Tarountula (Energy Symbol Pattern),018/217,Common,Grass,50,Basic,1,Rx2,,ME: Ascended Heroes,2026-01-30,Reverse Holofoil,0.25
677008,Team Rocket's Spidops (Energy Symbol Pattern),019/217,Rare,Grass,130,Stage 1,2,Rx2,,ME: Ascended Heroes,2026-01-30,Reverse Holofoil,0.29
677009,Charmander (Energy Symbol Pattern),020/217,Common,Fire,80,Basic,1,Wx2,,ME: Ascended Heroes,2026-01-30,Reverse Holofoil,0.29
677010,Charmeleon (Energy Symbol Pattern),021/217,Uncommon,Fire,100,Stage 1,1,Wx2,,ME: Ascended Heroes,2026-01-30,Reverse Holofoil,0.41
677011,Ethan's Slugma (Energy Symbol Pattern),023/217,Common,Fire,80,Basic,2,Wx2,,ME: Ascended Heroes,2026-01-30,Reverse Holofoil,0.2
677012,Ethan's Magcargo - 024/217 (Energy Symbol Pattern),024/217,Rare,Fire,130,Stage 1,3,Wx2,,ME: Ascended Heroes,2026-01-30,Reverse Holofoil,0.28
677013,Entei (Energy Symbol Pattern),025/217,Rare,Fire,140,Basic,3,Wx2,,ME: Ascended Heroes,2026-01-30,Reverse Holofoil,0.27
677014,Numel - 027/217 (Energy Symbol Pattern),027/217,Common,Fire,80,Basic,3,Wx2,,ME: Ascended Heroes,2026-01-30,Reverse Holofoil,0.23
677015,Camerupt (Energy Symbol Pattern),028/217,Uncommon,Fire,140,Stage 1,3,Wx2,,ME: Ascended Heroes,2026-01-30,Reverse Holofoil,0.27
677016,Tepig (Energy Symbol Pattern),029/217,Common,Fire,80,Basic,2,Wx2,,ME: Ascended Heroes,2026-01-30,Reverse Holofoil,0.22
677017,Pignite (Energy Symbol Pattern),030/217,Uncommon,Fire,110,Stage 1,3,Wx2,,ME: Ascended Heroes,2026-01-30,Reverse Holofoil,0.25
677018,N's Darumaka (Energy Symbol Pattern),032/217,Common,Fire,80,Basic,2,Wx2,,ME: Ascended Heroes,2026-01-30,Reverse Holofoil,0.23
677019,N's Darmanitan (Energy Symbol Pattern),033/217,Uncommon,Fire,140,Stage 1,3,Wx2,,ME: Ascended Heroes,2026-01-30,Reverse Holofoil,0.27
677020,Salandit (Energy Symbol Pattern),034/217,Common,Fire,70,Basic,1,Wx2,,ME: Ascended Heroes,2026-01-30,Reverse Holofoil,0.22
677021,Salazzle - 035/217 (Energy Symbol Pattern),035/217,Uncommon,Fire,120,Stage 1,1,Wx2,,ME: Ascended Heroes,2026-01-30,Reverse Holofoil,0.29
677022,Scorbunny - 036/217 (Energy Symbol Pattern),036/217,Common,Fire,70,Basic,1,Wx2,,ME: Ascended Heroes,2026-01-30,Reverse Holofoil,0.21
677023,Raboot (Energy Symbol Pattern),037/217,Common,Fire,90,Stage 1,1,Wx2,,ME: Ascended Heroes,2026-01-30,Reverse Holofoil,0.26
677024,Psyduck - 039/217 (Energy Symbol Pattern),039/217,Common,Water,70,Basic,1,Lx2,,ME: Ascended Heroes,2026-01-30,Reverse Holofoil,0.39
677025,Golduck (Energy Symbol Pattern),040/217,Uncommon,Water,120,Stage 1,1,Lx2,,ME: Ascended Heroes,2026-01-30,Reverse Holofoil,0.35
677026,Totodile (Energy Symbol Pattern),041/217,Common,Water,80,Basic,1,Lx2,,ME: Ascended Heroes,2026-01-30,Reverse Holofoil,0.25
677027,Croconaw (Energy Symbol Pattern),042/217,Uncommon,Water,100,Stage 1,2,Lx2,,ME: Ascended Heroes,2026-01-30,Reverse Holofoil,0.28
677028,Sneasel (Energy Symbol Pattern),044/217,Common,Water,70,Basic,1,Mx2,,ME: Ascended Heroes,2026-01-30,Reverse Holofoil,0.18
677029,Weavile - 045/217 (Energy Symbol Pattern),045/217,Uncommon,Water,100,Stage 1,1,Mx2,,ME: Ascended Heroes,2026-01-30,Reverse Holofoil,0.36
677030,Snorunt - 046/217 (Energy Symbol Pattern),046/217,Common,Water,70,Basic,1,Mx2,,ME: Ascended Heroes,2026-01-30,Reverse Holofoil,0.24
677031,N's Vanillite (Energy Symbol Pattern),049/217,Common,Water,60,Basic,1,Mx2,,ME: Ascended Heroes,2026-01-30,Reverse Holofoil,0.25
677032,N's Vanillish (Energy Symbol Pattern),050/217,Common,Water,100,Stage 1,1,Mx2,,ME: Ascended Heroes,2026-01-30,Reverse Holofoil,0.27
677033,N's Vanilluxe (Energy Symbol Pattern),051/217,Uncommon,Water,150,Stage 2,2,Mx2,,ME: Ascended Heroes,2026-01-30,Reverse Holofoil,0.26
677034,Snom (Energy Symbol Pattern),052/217,Common,Water,50,Basic,1,Mx2,,ME: Ascended Heroes,2026-01-30,Reverse Holofoil,0.24
677035,Frosmoth (Energy Symbol Pattern),053/217,Uncommon,Water,110,Stage 1,2,Mx2,,ME: Ascended Heroes,2026-01-30,Reverse Holofoil,0.26
677036,Glastrier (Energy Symbol Pattern),054/217,Uncommon,Water,130,Basic,2,Mx2,,ME: Ascended Heroes,2026-01-30,Reverse Holofoil,0.29
677037,Pikachu (Energy Symbol Pattern),055/217,Common,Lightning,70,Basic,1,Fx2,,ME: Ascended Heroes,2026-01-30,Reverse Holofoil,0.7
677038,Raichu (Energy Symbol Pattern),056/217,Uncommon,Lightning,130,Stage 1,1,Fx2,,ME: Ascended Heroes,2026-01-30,Reverse Holofoil,0.51
677039,Tynamo (Energy Symbol Pattern),059/217,Common,Lightning,40,Basic,0,Fx2,,ME: Ascended Heroes,2026-01-30,Reverse Holofoil,0.19
677040,Eelektrik (Energy Symbol Pattern),060/217,Uncommon,Lightning,90,Stage 1,2,Fx2,,ME: Ascended Heroes,2026-01-30,Reverse Holofoil,0.29
677041,Stunfisk (Energy Symbol Pattern),062/217,Common,Lightning,110,Basic,2,Fx2,,ME: Ascended Heroes,2026-01-30,Reverse Holofoil,0.21
677042,Helioptile (Energy Symbol Pattern),063/217,Common,Lightning,70,Basic,1,Fx2,,ME: Ascended Heroes,2026-01-30,Reverse Holofoil,0.22
677043,Heliolisk - 064/217 (Energy Symbol Pattern),064/217,Uncommon,Lightning,120,Stage 1,1,Fx2,,ME: Ascended Heroes,2026-01-30,Reverse Holofoil,0.26
677044,Charjabug (Energy Symbol Pattern),065/217,Common,Lightning,100,Stage 1,2,Fx2,,ME: Ascended Heroes,2026-01-30,Reverse Holofoil,0.26
677045,Vikavolt - 066/217 (Energy Symbol Pattern),066/217,Uncommon,Lightning,160,Stage 2,1,Fx2,,ME: Ascended Heroes,2026-01-30,Reverse Holofoil,0.24
677046,Tapu Koko (Energy Symbol Pattern),067/217,Rare,Lightning,120,Basic,1,Fx2,,ME: Ascended Heroes,2026-01-30,Reverse Holofoil,0.29
677047,Iono's Tadbulb (Energy Symbol Pattern),069/217,Common,Lightning,60,Basic,2,Fx2,,ME: Ascended Heroes,2026-01-30,Reverse Holofoil,0.26
677048,Iono's Wattrel - 071/217 (Energy Symbol Pattern),071/217,Common,Lightning,60,Basic,1,Lx2,F-30,ME: Ascended Heroes,2026-01-30,Reverse Holofoil,0.34
677049,Iono's Kilowattrel (Energy Symbol Pattern),072/217,Rare,Lightning,120,Stage 1,1,Lx2,F-30,ME: Ascended Heroes,2026-01-30,Reverse Holofoil,0.28
677050,Clefairy (Energy Symbol Pattern),074/217,Common,Psychic,60,Basic,1,Mx2,,ME: Ascended Heroes,2026-01-30,Reverse Holofoil,0.31
677051,Clefable (Energy Symbol Pattern),075/217,Uncommon,Psychic,120,Stage 1,2,Mx2,,ME: Ascended Heroes,2026-01-30,Reverse Holofoil,0.31
677052,Team Rocket's Exeggcute (Energy Symbol Pattern),077/217,Common,Psychic,60,Basic,1,Dx2,F-30,ME: Ascended Heroes,2026-01-30,Reverse Holofoil,0.24
677053,Team Rocket's Exeggutor (Energy Symbol Pattern),078/217,Rare,Psychic,140,Stage 1,3,Dx2,F-30,ME: Ascended Heroes,2026-01-30,Reverse Holofoil,0.25
677054,Togepi (Energy Symbol Pattern),080/217,Common,Psychic,50,Basic,1,Mx2,,ME: Ascended Heroes,2026-01-30,Reverse Holofoil,0.24
677055,Togetic (Energy Symbol Pattern),081/217,Common,Psychic,90,Stage 1,1,Mx2,,ME: Ascended Heroes,2026-01-30,Reverse Holofoil,0.25
677056,Togekiss - 082/217 (Energy Symbol Pattern),082/217,Rare,Psychic,140,Stage 2,1,Mx2,,ME: Ascended Heroes,2026-01-30,Reverse Holofoil,0.28
677057,Marill - 083/217 (Energy Symbol Pattern),083/217,Common,Psychic,70,Basic,1,Mx2,,ME: Ascended Heroes,2026-01-30,Reverse Holofoil,0.23
677058,Misdreavus - 085/217 (Energy Symbol Pattern),085/217,Common,Psychic,60,Basic,1,Dx2,F-30,ME: Ascended Heroes,2026-01-30,Reverse Holofoil,0.22
677059,Mismagius (Energy Symbol Pattern),086/217,Rare,Psychic,110,Stage 1,1,Dx2,F-30,ME: Ascended Heroes,2026-01-30,Reverse Holofoil,0.3
677060,Ralts (Energy Symbol Pattern),087/217,Common,Psychic,70,Basic,1,Dx2,F-30,ME: Ascended Heroes,2026-01-30,Reverse Holofoil,0.24
677061,Kirlia (Energy Symbol Pattern),088/217,Common,Psychic,100,Stage 1,1,Dx2,F-30,ME: Ascended Heroes,2026-01-30,Reverse Holofoil,0.32
677062,Shuppet (Energy Symbol Pattern),090/217,Common,Psychic,60,Basic,1,Dx2,F-30,ME: Ascended Heroes,2026-01-30,Reverse Holofoil,0.26
677063,Banette - 091/217 (Energy Symbol Pattern),091/217,Uncommon,Psychic,90,Stage 1,1,Dx2,F-30,ME: Ascended Heroes,2026-01-30,Reverse Holofoil,0.25
677064,Rotom (Energy Symbol Pattern),092/217,Common,Psychic,60,Basic,1,Dx2,F-30,ME: Ascended Heroes,2026-01-30,Reverse Holofoil,0.25
677065,Swirlix (Energy Symbol Pattern),093/217,Common,Psychic,60,Basic,1,Mx2,,ME: Ascended Heroes,2026-01-30,Reverse Holofoil,0.21
677066,Slurpuff - 094/217 (Energy Symbol Pattern),094/217,Uncommon,Psychic,120,Stage 1,2,Mx2,,ME: Ascended Heroes,2026-01-30,Reverse Holofoil,0.27
677067,Hop's Phantump (Energy Symbol Pattern),095/217,Common,Psychic,70,Basic,2,Dx2,F-30,ME: Ascended Heroes,2026-01-30,Reverse Holofoil,0.36
677068,Hop's Trevenant - 096/217 (Energy Symbol Pattern),096/217,Rare,Psychic,140,Stage 1,2,Dx2,F-30,ME: Ascended Heroes,2026-01-30,Reverse Holofoil,0.43
677069,Team Rocket's Mimikyu - 097/217 (Energy Symbol Pattern),097/217,Uncommon,Psychic,60,Basic,0,Dx2,F-30,ME: Ascended Heroes,2026-01-30,Reverse Holofoil,0.46
677070,Spectrier (Energy Symbol Pattern),098/217,Rare,Psychic,120,Basic,1,Dx2,F-30,ME: Ascended Heroes,2026-01-30,Reverse Holofoil,0.31
677071,Munkidori (Energy Symbol Pattern),099/217,Rare,Psychic,110,Basic,1,Dx2,F-30,ME: Ascended Heroes,2026-01-30,Reverse Holofoil,0.48
677072,Team Rocket's Diglett (Energy Symbol Pattern),100/217,Common,Fighting,60,Basic,1,Gx2,,ME: Ascended Heroes,2026-01-30,Reverse Holofoil,0.18
677073,Team Rocket's Dugtrio - 101/217 (Energy Symbol Pattern),101/217,Uncommon,Fighting,100,Stage 1,1,Gx2,,ME: Ascended Heroes,2026-01-30,Reverse Holofoil,0.38
677074,Hitmontop - 102/217 (Energy Symbol Pattern),102/217,Common,Fighting,100,Basic,1,Px2,,ME: Ascended Heroes,2026-01-30,Reverse Holofoil,0.23
677075,Meditite (Energy Symbol Pattern),103/217,Common,Fighting,70,Basic,1,Px2,,ME: Ascended Heroes,2026-01-30,Reverse Holofoil,0.24
677076,Medicham - 104/217 (Energy Symbol Pattern),104/217,Common,Fighting,120,Stage 1,1,Px2,,ME: Ascended Heroes,2026-01-30,Reverse Holofoil,0.21
677077,Lunatone (Energy Symbol Pattern),105/217,Rare,Fighting,110,Basic,1,Gx2,,ME: Ascended Heroes,2026-01-30,Reverse Holofoil,0.3
677078,Solrock (Energy Symbol Pattern),106/217,Uncommon,Fighting,110,Basic,1,Gx2,,ME: Ascended Heroes,2026-01-30,Reverse Holofoil,0.26
677079,Groudon (Energy Symbol Pattern),108/217,Rare,Fighting,140,Basic,3,Gx2,,ME: Ascended Heroes,2026-01-30,Reverse Holofoil,0.28
677080,Cynthia's Gible (Energy Symbol Pattern),109/217,Common,Fighting,70,Basic,1,Gx2,,ME: Ascended Heroes,2026-01-30,Reverse Holofoil,0.39
677081,Cynthia's Gabite (Energy Symbol Pattern),110/217,Uncommon,Fighting,100,Stage 1,1,Gx2,,ME: Ascended Heroes,2026-01-30,Reverse Holofoil,0.31
677082,Riolu (Energy Symbol Pattern),112/217,Common,Fighting,80,Basic,2,Px2,,ME: Ascended Heroes,2026-01-30,Reverse Holofoil,0.22
677083,Pancham (Energy Symbol Pattern),115/217,Common,Fighting,70,Basic,2,Px2,,ME: Ascended Heroes,2026-01-30,Reverse Holofoil,0.25
677084,Carbink - 117/217 (Energy Symbol Pattern),117/217,Uncommon,Fighting,90,Basic,1,Gx2,,ME: Ascended Heroes,2026-01-30,Reverse Holofoil,0.29
677085,Rolycoly (Energy Symbol Pattern),118/217,Common,Fighting,80,Basic,3,Gx2,,ME: Ascended Heroes,2026-01-30,Reverse Holofoil,0.22
677086,Carkol (Energy Symbol Pattern),119/217,Common,Fighting,110,Stage 1,3,Gx2,,ME: Ascended Heroes,2026-01-30,Reverse Holofoil,0.2
677087,Coalossal (Energy Symbol Pattern),120/217,Rare,Fighting,180,Stage 2,4,Gx2,,ME: Ascended Heroes,2026-01-30,Reverse Holofoil,0.32
677088,Okidogi (Energy Symbol Pattern),122/217,Rare,Fighting,140,Basic,3,Px2,,ME: Ascended Heroes,2026-01-30,Reverse Holofoil,0.3
677089,Gastly (Energy Symbol Pattern),123/217,Common,Darkness,70,Basic,1,Fx2,,ME: Ascended Heroes,2026-01-30,Reverse Holofoil,0.27
677090,Haunter (Energy Symbol Pattern),124/217,Uncommon,Darkness,100,Stage 1,1,Fx2,,ME: Ascended Heroes,2026-01-30,Reverse Holofoil,0.3
677091,Team Rocket's Murkrow (Energy Symbol Pattern),126/217,Common,Darkness,80,Basic,1,Lx2,F-30,ME: Ascended Heroes,2026-01-30,Reverse Holofoil,0.33
677092,Team Rocket's Honchkrow (Energy Symbol Pattern),127/217,Rare,Darkness,130,Stage 1,1,Lx2,F-30,ME: Ascended Heroes,2026-01-30,Reverse Holofoil,0.42
677093,Poochyena (Energy Symbol Pattern),128/217,Common,Darkness,70,Basic,1,Gx2,,ME: Ascended Heroes,2026-01-30,Reverse Holofoil,0.21
677094,Mightyena - 129/217 (Energy Symbol Pattern),129/217,Uncommon,Darkness,120,Stage 1,2,Gx2,,ME: Ascended Heroes,2026-01-30,Reverse Holofoil,0.25
677095,Galarian Zigzagoon (Energy Symbol Pattern),130/217,Common,Darkness,70,Basic,1,Gx2,,ME: Ascended Heroes,2026-01-30,Reverse Holofoil,0.2
677096,Galarian Linoone (Energy Symbol Pattern),131/217,Common,Darkness,90,Stage 1,2,Gx2,,ME: Ascended Heroes,2026-01-30,Reverse Holofoil,0.31
677097,Galarian Obstagoon - 132/217 (Energy Symbol Pattern),132/217,Uncommon,Darkness,170,Stage 2,2,Gx2,,ME: Ascended Heroes,2026-01-30,Reverse Holofoil,0.4
677098,Cynthia's Spiritomb - 133/217 (Energy Symbol Pattern),133/217,Uncommon,Darkness,70,Basic,1,Gx2,,ME: Ascended Heroes,2026-01-30,Reverse Holofoil,0.45
677099,Scraggy (Energy Symbol Pattern),134/217,Common,Darkness,80,Basic,2,Gx2,,ME: Ascended Heroes,2026-01-30,Reverse Holofoil,0.2
677100,N's Zorua (Energy Symbol Pattern),136/217,Common,Darkness,70,Basic,1,Gx2,,ME: Ascended Heroes,2026-01-30,Reverse Holofoil,0.37
677101,Vullaby (Energy Symbol Pattern),138/217,Common,Darkness,70,Basic,1,Lx2,F-30,ME: Ascended Heroes,2026-01-30,Reverse Holofoil,0.21
677102,Pangoro (Energy Symbol Pattern),140/217,Uncommon,Darkness,140,Stage 1,3,Gx2,,ME: Ascended Heroes,2026-01-30,Reverse Holofoil,0.3
677103,Hoopa (Energy Symbol Pattern),141/217,Rare,Darkness,120,Basic,2,Gx2,,ME: Ascended Heroes,2026-01-30,Reverse Holofoil,0.27
677104,Pecharunt (Energy Symbol Pattern),143/217,Rare,Darkness,80,Basic,1,Fx2,,ME: Ascended Heroes,2026-01-30,Reverse Holofoil,0.28
677105,Mawile - 144/217 (Energy Symbol Pattern),144/217,Uncommon,Metal,90,Basic,1,Rx2,G-30,ME: Ascended Heroes,2026-01-30,Reverse Holofoil,0.32
677106,Pawniard (Energy Symbol Pattern),146/217,Common,Metal,70,Basic,1,Rx2,G-30,ME: Ascended Heroes,2026-01-30,Reverse Holofoil,0.21
677107,Bisharp (Energy Symbol Pattern),147/217,Common,Metal,120,Stage 1,1,Rx2,G-30,ME: Ascended Heroes,2026-01-30,Reverse Holofoil,0.21
677108,Kingambit (Energy Symbol Pattern),148/217,Rare,Metal,170,Stage 2,3,Rx2,G-30,ME: Ascended Heroes,2026-01-30,Reverse Holofoil,0.3
677109,Dratini (Energy Symbol Pattern),150/217,Common,Dragon,80,Basic,2,,,ME: Ascended Heroes,2026-01-30,Reverse Holofoil,0.26
677110,Dragonair (Energy Symbol Pattern),151/217,Uncommon,Dragon,100,Stage 1,2,,,ME: Ascended Heroes,2026-01-30,Reverse Holofoil,0.39
677111,Rayquaza (Energy Symbol Pattern),153/217,Rare,Dragon,120,Basic,1,,,ME: Ascended Heroes,2026-01-30,Reverse Holofoil,3.76
677112,N's Reshiram (Energy Symbol Pattern),154/217,Rare,Dragon,130,Basic,2,,,ME: Ascended Heroes,2026-01-30,Reverse Holofoil,0.36
677113,N's Zekrom (Energy Symbol Pattern),155/217,Rare,Dragon,130,Basic,2,,,ME: Ascended Heroes,2026-01-30,Reverse Holofoil,0.46
677114,Noibat (Energy Symbol Pattern),156/217,Common,Dragon,70,Basic,1,,,ME: Ascended Heroes,2026-01-30,Reverse Holofoil,0.21
677115,Noivern (Energy Symbol Pattern),157/217,Uncommon,Dragon,120,Stage 1,0,,,ME: Ascended Heroes,2026-01-30,Reverse Holofoil,0.33
677116,Dreepy - 158/217 (Energy Symbol Pattern),158/217,Common,Dragon,70,Basic,1,,,ME: Ascended Heroes,2026-01-30,Reverse Holofoil,0.23
677117,Drakloak - 159/217 (Energy Symbol Pattern),159/217,Common,Dragon,90,Stage 1,1,,,ME: Ascended Heroes,2026-01-30,Reverse Holofoil,0.24
677118,Team Rocket's Meowth (Energy Symbol Pattern),161/217,Common,Colorless,70,Basic,1,Fx2,,ME: Ascended Heroes,2026-01-30,Reverse Holofoil,0.34
677119,Larry's Dunsparce (Energy Symbol Pattern),163/217,Common,Colorless,70,Basic,0,Fx2,,ME: Ascended Heroes,2026-01-30,Reverse Holofoil,0.24
677120,Skitty (Energy Symbol Pattern),165/217,Common,Colorless,60,Basic,1,Fx2,,ME: Ascended Heroes,2026-01-30,Reverse Holofoil,0.23
677121,Delcatty (Energy Symbol Pattern),166/217,Uncommon,Colorless,100,Stage 1,1,Fx2,,ME: Ascended Heroes,2026-01-30,Reverse Holofoil,0.21
677122,Larry's Starly (Energy Symbol Pattern),168/217,Common,Colorless,60,Basic,1,Lx2,F-30,ME: Ascended Heroes,2026-01-30,Reverse Holofoil,0.27
677123,Larry's Staravia (Energy Symbol Pattern),169/217,Uncommon,Colorless,90,Stage 1,1,Lx2,F-30,ME: Ascended Heroes,2026-01-30,Reverse Holofoil,0.25
677124,Larry's Staraptor - 170/217 (Energy Symbol Pattern),170/217,Rare,Colorless,150,Stage 2,1,Lx2,F-30,ME: Ascended Heroes,2026-01-30,Reverse Holofoil,0.29
677125,Fan Rotom - 171/217 (Energy Symbol Pattern),171/217,Common,Colorless,70,Basic,1,Lx2,F-30,ME: Ascended Heroes,2026-01-30,Reverse Holofoil,0.23
677126,Larry's Rufflet (Energy Symbol Pattern),173/217,Common,Colorless,70,Basic,1,Lx2,F-30,ME: Ascended Heroes,2026-01-30,Reverse Holofoil,0.24
677127,Larry's Braviary (Energy Symbol Pattern),174/217,Uncommon,Colorless,130,Stage 1,1,Lx2,F-30,ME: Ascended Heroes,2026-01-30,Reverse Holofoil,0.23
677128,Larry's Komala (Energy Symbol Pattern),175/217,Common,Colorless,90,Basic,2,Fx2,,ME: Ascended Heroes,2026-01-30,Reverse Holofoil,0.33
677129,Drampa (Energy Symbol Pattern),176/217,Uncommon,Colorless,130,Basic,2,Fx2,,ME: Ascended Heroes,2026-01-30,Reverse Holofoil,0.29
677130,Hop's Cramorant (Energy Symbol Pattern),177/217,Uncommon,Colorless,110,Basic,1,Lx2,F-30,ME: Ascended Heroes,2026-01-30,Reverse Holofoil,0.23
677131,Terapagos (Energy Symbol Pattern),178/217,Rare,Colorless,120,Basic,2,Fx2,,ME: Ascended Heroes,2026-01-30,Reverse Holofoil,0.27
42444,Alakazam,001/130,Holo Rare,Psychic,80,Stage 2,3,P,,Base Set 2,2000-02-24,Holofoil,56.51
42445,Mewtwo,010/130,Holo Rare,Psychic,60,Basic,3,P,,Base Set 2,2000-02-24,Holofoil,71.73
42448,Nidoking,011/130,Holo Rare,Grass,90,Stage 2,3,P,,Base Set 2,2000-02-24,Holofoil,42.73
42453,Nidoqueen,012/130,Holo Rare,Grass,90,Stage 2,3,P,,Base Set 2,2000-02-24,Holofoil,32.38
42457,Ninetales,013/130,Holo Rare,Fire,80,Stage 1,1,W,,Base Set 2,2000-02-24,Holofoil,35.18
42458,Pidgeot,014/130,Holo Rare,Colorless,80,Stage 2,,L,F-30,Base Set 2,2000-02-24,Holofoil,42.64
42459,Poliwrath,015/130,Holo Rare,Water,90,Stage 2,3,G,,Base Set 2,2000-02-24,Holofoil,18.66
42460,Raichu,016/130,Holo Rare,Lightning,80,Stage 1,1,F,,Base Set 2,2000-02-24,Holofoil,63.02
42461,Scyther,017/130,Holo Rare,Grass,70,Basic,,R,F-30,Base Set 2,2000-02-24,Holofoil,32.53
42462,Venusaur,018/130,Holo Rare,Grass,100,Stage 2,2,R,,Base Set 2,2000-02-24,Holofoil,107.09
42463,Wigglytuff,019/130,Holo Rare,Colorless,80,Stage 2,2,F,P-30,Base Set 2,2000-02-24,Holofoil,23.69
42464,Blastoise,002/130,Holo Rare,Water,100,Stage 2,3,L,,Base Set 2,2000-02-24,Holofoil,156.26
42465,Zapdos,020/130,Holo Rare,Lightning,90,Basic,3,,F-30,Base Set 2,2000-02-24,Holofoil,43.71
42466,Beedrill,021/130,Rare,Grass,80,Stage 2,0,R,F-30,Base Set 2,2000-02-24,Normal,3.4
42467,Dragonair,022/130,Rare,Colorless,80,Stage 1,2,,P-30,Base Set 2,2000-02-24,Normal,11.0
42468,Dugtrio,023/130,Rare,Fighting,70,Stage 1,2,G,L-30,Base Set 2,2000-02-24,Normal,4.27
42469,Electabuzz,024/130,Rare,Lightning,70,Basic,2,F,,Base Set 2,2000-02-24,Normal,4.89
42470,Electrode,025/130,Rare,Lightning,80,Stage 1,1,F,,Base Set 2,2000-02-24,Normal,5.33
42471,Chansey,003/130,Holo Rare,Colorless,120,Basic,1,F,P-30,Base Set 2,2000-02-24,Holofoil,22.54
42472,Arcanine,033/130,Uncommon,Fire,100,Stage 1,3,W,,Base Set 2,2000-02-24,Normal,1.96
42473,Butterfree,034/130,Uncommon,Grass,70,Stage 2,,R,F-30,Base Set 2,2000-02-24,Normal,1.56
42474,Charmeleon,035/130,Uncommon,Fire,80,Stage 1,1,W,,Base Set 2,2000-02-24,Normal,2.38
42475,Dewgong,036/130,Uncommon,Water,80,Stage 1,3,L,,Base Set 2,2000-02-24,Normal,1.62
42476,Dodrio,037/130,Uncommon,Colorless,70,Stage 1,,L,F-30,Base Set 2,2000-02-24,Normal,3.87
42477,Dratini,038/130,Uncommon,Colorless,40,Basic,1,,P-30,Base Set 2,2000-02-24,Normal,1.48
42478,Exeggutor,039/130,Uncommon,Grass,80,Stage 1,3,R,,Base Set 2,2000-02-24,Normal,1.29
42479,Charizard,004/130,Holo Rare,Fire,120,Stage 2,3,W,F-30,Base Set 2,2000-02-24,Holofoil,504.11
42480,Farfetch'd,040/130,Uncommon,Colorless,50,Basic,1,L,F-30,Base Set 2,2000-02-24,Normal,0.9
42481,Fearow,041/130,Uncommon,Colorless,70,Stage 1,,L,F-30,Base Set 2,2000-02-24,Normal,1.45
42482,Clefable,005/130,Holo Rare,Colorless,70,Stage 1,2,F,P-30,Base Set 2,2000-02-24,Holofoil,33.62
42483,Clefairy,006/130,Holo Rare,Colorless,40,Basic,1,F,P-30,Base Set 2,2000-02-24,Holofoil,29.09
42484,Abra,065/130,Common,Psychic,30,Basic,,P,,Base Set 2,2000-02-24,Normal,0.71
42485,Bellsprout,066/130,Common,Grass,40,Basic,1,R,,Base Set 2,2000-02-24,Normal,0.64
42486,Bulbasaur,067/130,Common,Grass,40,Basic,1,R,,Base Set 2,2000-02-24,Normal,4.78
42487,Caterpie,068/130,Common,Grass,40,Basic,1,R,,Base Set 2,2000-02-24,Normal,1.34
42488,Charmander,069/130,Common,Fire,50,Basic,1,W,,Base Set 2,2000-02-24,Normal,1.5
42489,Gyarados,007/130,Holo Rare,Water,100,Stage 1,3,G,F-30,Base Set 2,2000-02-24,Holofoil,47.53
42490,Cubone,070/130,Common,Fighting,40,Basic,1,G,L-30,Base Set 2,2000-02-24,Normal,1.09
42491,Diglett,071/130,Common,Fighting,30,Basic,,G,L-30,Base Set 2,2000-02-24,Normal,0.81
42492,Doduo,072/130,Common,Colorless,50,Basic,,L,F-30,Base Set 2,2000-02-24,Normal,0.89
42493,Drowzee,073/130,Common,Psychic,50,Basic,1,P,,Base Set 2,2000-02-24,Normal,0.68
42494,Exeggcute,074/130,Common,Grass,50,Basic,1,R,,Base Set 2,2000-02-24,Normal,1.18
42495,Gastly,075/130,Common,Psychic,30,Basic,,,F-30,Base Set 2,2000-02-24,Normal,0.85
42496,Hitmonchan,008/130,Holo Rare,Fighting,70,Basic,2,P,,Base Set 2,2000-02-24,Holofoil,24.29
42497,Magneton,009/130,Holo Rare,Lightning,60,Stage 1,1,F,,Base Set 2,2000-02-24,Holofoil,25.7
42498,Kangaskhan,026/130,Rare,Colorless,90,Basic,3,F,P-30,Base Set 2,2000-02-24,Normal,4.64
42499,Mr. Mime,027/130,Rare,Psychic,40,Basic,1,P,,Base Set 2,2000-02-24,Normal,6.83
42500,Pidgeotto,028/130,Rare,Colorless,60,Stage 1,1,L,F-30,Base Set 2,2000-02-24,Normal,5.19
42501,Pinsir,029/130,Rare,Grass,60,Basic,1,R,,Base Set 2,2000-02-24,Normal,4.6
42502,Snorlax,030/130,Rare,Colorless,90,Basic,4,F,P-30,Base Set 2,2000-02-24,Normal,28.07
42503,Venomoth,031/130,Rare,Grass,70,Stage 1,,R,F-30,Base Set 2,2000-02-24,Normal,4.94
42504,Victreebel,032/130,Rare,Grass,80,Stage 2,2,R,,Base Set 2,2000-02-24,Normal,5.04
42505,Growlithe,042/130,Uncommon,Fire,60,Basic,1,W,,Base Set 2,2000-02-24,Normal,1.58
42506,Haunter,043/130,Uncommon,Psychic,60,Stage 1,1,,F-30,Base Set 2,2000-02-24,Normal,1.56
42507,Ivysaur,044/130,Uncommon,Grass,60,Stage 1,1,R,,Base Set 2,2000-02-24,Normal,8.64
42508,Jynx,045/130,Uncommon,Psychic,70,Basic,2,P,,Base Set 2,2000-02-24,Normal,1.21
42509,Kadabra,046/130,Uncommon,Psychic,60,Stage 1,3,P,,Base Set 2,2000-02-24,Normal,2.48
42510,Kakuna,047/130,Uncommon,Grass,80,Stage 1,2,R,,Base Set 2,2000-02-24,Normal,0.95
42511,Lickitung,048/130,Uncommon,Colorless,90,Basic,3,F,P-30,Base Set 2,2000-02-24,Normal,2.48
42512,Machoke,049/130,Uncommon,Fighting,80,Stage 1,3,P,,Base Set 2,2000-02-24,Normal,1.06
42513,Magikarp,050/130,Uncommon,Water,30,Basic,1,L,,Base Set 2,2000-02-24,Normal,2.03
42514,Magmar,051/130,Uncommon,Fire,50,Basic,2,W,,Base Set 2,2000-02-24,Normal,1.2
42515,Marowak,052/130,Uncommon,Fighting,60,Stage 1,1,G,L-30,Base Set 2,2000-02-24,Normal,2.79
42516,Nidorina,053/130,Uncommon,Grass,70,Stage 1,1,P,,Base Set 2,2000-02-24,Normal,1.19
42517,Nidorino,054/130,Uncommon,Grass,60,Stage 1,1,P,,Base Set 2,2000-02-24,Normal,1.68
42518,Parasect,055/130,Uncommon,Grass,60,Stage 1,1,R,,Base Set 2,2000-02-24,Normal,1.28
42519,Persian,056/130,Uncommon,Colorless,70,Stage 1,,F,P-30,Base Set 2,2000-02-24,Normal,3.27
42520,Poliwhirl,057/130,Uncommon,Water,60,Stage 1,1,G,,Base Set 2,2000-02-24,Normal,1.64
42521,Raticate,058/130,Uncommon,Colorless,60,Stage 1,1,F,P-30,Base Set 2,2000-02-24,Normal,1.37
42522,Rhydon,059/130,Uncommon,Fighting,100,Stage 1,3,G,L-30,Base Set 2,2000-02-24,Normal,2.34
42523,Seaking,060/130,Uncommon,Water,70,Stage 1,1,L,,Base Set 2,2000-02-24,Normal,1.25
42524,Seel,061/130,Uncommon,Water,60,Basic,1,L,,Base Set 2,2000-02-24,Normal,0.9
42525,Tauros,062/130,Uncommon,Colorless,60,Basic,2,F,P-30,Base Set 2,2000-02-24,Normal,3.47
42526,Wartortle,063/130,Uncommon,Water,70,Stage 1,1,L,,Base Set 2,2000-02-24,Normal,2.1
42527,Weepinbell,064/130,Uncommon,Grass,70,Stage 1,1,R,,Base Set 2,2000-02-24,Normal,1.04
42528,Goldeen,076/130,Common,Water,40,Basic,,L,,Base Set 2,2000-02-24,Normal,0.72
42529,Jigglypuff,077/130,Common,Colorless,60,Basic,1,F,P-30,Base Set 2,2000-02-24,Normal,1.59
42530,Machop,078/130,Common,Fighting,50,Basic,1,P,,Base Set 2,2000-02-24,Normal,0.62
42531,Magnemite,079/130,Common,Lightning,40,Basic,1,F,,Base Set 2,2000-02-24,Normal,0.49
42532,Meowth,080/130,Common,Colorless,50,Basic,1,F,P-30,Base Set 2,2000-02-24,Normal,1.17
42533,Metapod,081/130,Common,Grass,70,Stage 1,2,R,,Base Set 2,2000-02-24,Normal,0.88
42534,Nidoran M,083/130,Common,Grass,40,Basic,1,P,,Base Set 2,2000-02-24,Normal,1.03
42535,Onix,084/130,Common,Fighting,90,Basic,3,G,,Base Set 2,2000-02-24,Normal,1.07
42536,Paras,085/130,Common,Grass,40,Basic,1,R,,Base Set 2,2000-02-24,Normal,0.69
42537,Pidgey,086/130,Common,Colorless,40,Basic,1,L,F-30,Base Set 2,2000-02-24,Normal,1.95
42538,Pikachu,087/130,Common,Lightning,40,Basic,1,F,,Base Set 2,2000-02-24,Normal,3.12
42539,Poliwag,088/130,Common,Water,40,Basic,1,G,,Base Set 2,2000-02-24,Normal,0.6
42540,Rattata,089/130,Common,Colorless,30,Basic,,F,P-30,Base Set 2,2000-02-24,Normal,0.64
42541,Rhyhorn,090/130,Common,Fighting,70,Basic,3,G,L-30,Base Set 2,2000-02-24,Normal,0.84
42542,Sandshrew,091/130,Common,Fighting,40,Basic,1,G,L-30,Base Set 2,2000-02-24,Normal,0.54
42543,Spearow,092/130,Common,Colorless,50,Basic,,L,F-30,Base Set 2,2000-02-24,Normal,0.92
42544,Squirtle,093/130,Common,Water,40,Basic,1,L,None,Base Set 2,2000-02-24,Normal,2.16
42545,Starmie,094/130,Common,Water,60,Stage 1,1,L,,Base Set 2,2000-02-24,Normal,0.87
42546,Staryu,095/130,Common,Water,40,Basic,1,L,,Base Set 2,2000-02-24,Normal,0.51
42547,Tangela,096/130,Common,Grass,50,Basic,2,R,,Base Set 2,2000-02-24,Normal,0.99
42548,Venonat,097/130,Common,Grass,40,Basic,1,R,,Base Set 2,2000-02-24,Normal,1.54
42549,Voltorb,098/130,Common,Lightning,40,Basic,1,F,,Base Set 2,2000-02-24,Normal,0.62
42550,Vulpix,099/130,Common,Fire,50,Basic,1,W,,Base Set 2,2000-02-24,Normal,4.69
42551,Weedle,100/130,Common,Grass,40,Basic,1,R,,Base Set 2,2000-02-24,Normal,0.68
106357,Nidoran F,082/130,Common,Grass,60,Basic,1,P,,Base Set 2,2000-02-24,Normal,0.68
83445,Abra,49/82,Common,Psychic,40,Basic,1,P,,Team Rocket,2000-04-24,1st Edition,3.5
83445,Abra,49/82,Common,Psychic,40,Basic,1,P,,Team Rocket,2000-04-24,Unlimited,0.66
84204,Charmander,50/82,Common,Fire,40,Basic,1,W,,Team Rocket,2000-04-24,1st Edition,13.46
84204,Charmander,50/82,Common,Fire,40,Basic,1,W,,Team Rocket,2000-04-24,Unlimited,5.63
84559,Dark Alakazam (1),01/82,Holo Rare,Psychic,60,Stage 2,3,P,,Team Rocket,2000-04-24,1st Edition Holofoil,179.07
84559,Dark Alakazam (1),01/82,Holo Rare,Psychic,60,Stage 2,3,P,,Team Rocket,2000-04-24,Unlimited Holofoil,78.58
84560,Dark Alakazam (18),18/82,Rare,Psychic,60,Stage 2,3,P,,Team Rocket,2000-04-24,1st Edition,32.55
84560,Dark Alakazam (18),18/82,Rare,Psychic,60,Stage 2,3,P,,Team Rocket,2000-04-24,Unlimited,21.03
84563,Dark Arbok (2),02/82,Holo Rare,Grass,60,Stage 1,2,P,,Team Rocket,2000-04-24,1st Edition Holofoil,63.17
84563,Dark Arbok (2),02/82,Holo Rare,Grass,60,Stage 1,2,P,,Team Rocket,2000-04-24,Unlimited Holofoil,16.23
84564,Dark Arbok (19),19/82,Rare,Grass,60,Stage 1,2,P,,Team Rocket,2000-04-24,1st Edition,11.97
84564,Dark Arbok (19),19/82,Rare,Grass,60,Stage 1,2,P,,Team Rocket,2000-04-24,Unlimited,8.64
84568,Dark Blastoise (3),03/82,Holo Rare,Water,70,Stage 2,2,L,,Team Rocket,2000-04-24,1st Edition Holofoil,482.59
84568,Dark Blastoise (3),03/82,Holo Rare,Water,70,Stage 2,2,L,,Team Rocket,2000-04-24,Unlimited Holofoil,201.48
84570,Dark Blastoise (20),20/82,Rare,Water,70,Stage 2,2,L,,Team Rocket,2000-04-24,1st Edition,71.49
84570,Dark Blastoise (20),20/82,Rare,Water,70,Stage 2,2,L,,Team Rocket,2000-04-24,Unlimited,43.98
84572,Dark Charizard (4),04/82,Holo Rare,Fire,80,Stage 2,3,W,F,Team Rocket,2000-04-24,1st Edition Holofoil,265.83
84572,Dark Charizard (4),04/82,Holo Rare,Fire,80,Stage 2,3,W,F,Team Rocket,2000-04-24,Unlimited Holofoil,370.6
84573,Dark Charizard (21),21/82,Rare,Fire,80,Stage 2,3,W,F,Team Rocket,2000-04-24,1st Edition,187.16
84573,Dark Charizard (21),21/82,Rare,Fire,80,Stage 2,3,W,F,Team Rocket,2000-04-24,Unlimited,91.87
84574,Dark Charmeleon,32/82,Uncommon,Fire,50,Stage 1,2,W,,Team Rocket,2000-04-24,1st Edition,24.22
84574,Dark Charmeleon,32/82,Uncommon,Fire,50,Stage 1,2,W,,Team Rocket,2000-04-24,Unlimited,8.5
84580,Dark Dragonair,33/82,Uncommon,Colorless,60,Stage 1,2,,P,Team Rocket,2000-04-24,1st Edition,15.13
84580,Dark Dragonair,33/82,Uncommon,Colorless,60,Stage 1,2,,P,Team Rocket,2000-04-24,Unlimited,6.85
84584,Dark Dragonite (5),05/82,Holo Rare,Colorless,70,Stage 2,2,,F,Team Rocket,2000-04-24,1st Edition Holofoil,411.0
84584,Dark Dragonite (5),05/82,Holo Rare,Colorless,70,Stage 2,2,,F,Team Rocket,2000-04-24,Unlimited Holofoil,215.32
84586,Dark Dragonite (22),22/82,Rare,Colorless,70,Stage 2,2,,F,Team Rocket,2000-04-24,1st Edition,70.0
84586,Dark Dragonite (22),22/82,Rare,Colorless,70,Stage 2,2,,F,Team Rocket,2000-04-24,Unlimited,36.45
84588,Dark Dugtrio (6),06/82,Holo Rare,Fighting,50,Stage 1,2,G,L,Team Rocket,2000-04-24,1st Edition Holofoil,89.2
84588,Dark Dugtrio (6),06/82,Holo Rare,Fighting,50,Stage 1,2,G,L,Team Rocket,2000-04-24,Unlimited Holofoil,44.13
84589,Dark Dugtrio (23),23/82,Rare,Fighting,50,Stage 1,2,G,L,Team Rocket,2000-04-24,1st Edition,13.42
84589,Dark Dugtrio (23),23/82,Rare,Fighting,50,Stage 1,2,G,L,Team Rocket,2000-04-24,Unlimited,10.94
84590,Dark Electrode,34/82,Uncommon,Lightning,60,Stage 1,1,F,,Team Rocket,2000-04-24,1st Edition,5.13
84590,Dark Electrode,34/82,Uncommon,Lightning,60,Stage 1,1,F,,Team Rocket,2000-04-24,Unlimited,1.66
84597,Dark Flareon,35/82,Uncommon,Fire,50,Stage 1,1,W,,Team Rocket,2000-04-24,1st Edition,22.29
84597,Dark Flareon,35/82,Uncommon,Fire,50,Stage 1,1,W,,Team Rocket,2000-04-24,Unlimited,9.24
84600,Dark Gloom,36/82,Uncommon,Grass,50,Stage 1,2,F,,Team Rocket,2000-04-24,1st Edition,5.85
84600,Dark Gloom,36/82,Uncommon,Grass,50,Stage 1,2,F,,Team Rocket,2000-04-24,Unlimited,2.03
84601,Dark Golbat (7),07/82,Holo Rare,Grass,50,Stage 1,,P,F,Team Rocket,2000-04-24,1st Edition Holofoil,66.22
84601,Dark Golbat (7),07/82,Holo Rare,Grass,50,Stage 1,,P,F,Team Rocket,2000-04-24,Unlimited Holofoil,29.77
84602,Dark Golbat (24),24/82,Rare,Grass,50,Stage 1,,P,F,Team Rocket,2000-04-24,1st Edition,14.77
84602,Dark Golbat (24),24/82,Rare,Grass,50,Stage 1,,P,F,Team Rocket,2000-04-24,Unlimited,6.66
84604,Dark Golduck,37/82,Uncommon,Water,60,Stage 1,2,L,,Team Rocket,2000-04-24,1st Edition,13.44
84604,Dark Golduck,37/82,Uncommon,Water,60,Stage 1,2,L,,Team Rocket,2000-04-24,Unlimited,5.05
84606,Dark Gyarados (8),08/82,Holo Rare,Water,70,Stage 1,2,G,F,Team Rocket,2000-04-24,1st Edition Holofoil,228.87
84606,Dark Gyarados (8),08/82,Holo Rare,Water,70,Stage 1,2,G,F,Team Rocket,2000-04-24,Unlimited Holofoil,73.91
84607,Dark Gyarados (25),25/82,Rare,Water,70,Stage 1,2,G,F,Team Rocket,2000-04-24,1st Edition,32.61
84607,Dark Gyarados (25),25/82,Rare,Water,70,Stage 1,2,G,F,Team Rocket,2000-04-24,Unlimited,19.48
84613,Dark Hypno (9),09/82,Holo Rare,Psychic,60,Stage 1,2,P,,Team Rocket,2000-04-24,1st Edition Holofoil,91.15
84613,Dark Hypno (9),09/82,Holo Rare,Psychic,60,Stage 1,2,P,,Team Rocket,2000-04-24,Unlimited Holofoil,46.09
84614,Dark Hypno (26),26/82,Rare,Psychic,60,Stage 1,2,P,,Team Rocket,2000-04-24,1st Edition,14.6
84614,Dark Hypno (26),26/82,Rare,Psychic,60,Stage 1,2,P,,Team Rocket,2000-04-24,Unlimited,9.38
84617,Dark Jolteon,38/82,Uncommon,Lightning,50,Stage 1,1,F,,Team Rocket,2000-04-24,1st Edition,26.87
84617,Dark Jolteon,38/82,Uncommon,Lightning,50,Stage 1,1,F,,Team Rocket,2000-04-24,Unlimited,11.09
84618,Dark Kadabra,39/82,Uncommon,Psychic,50,Stage 1,2,P,,Team Rocket,2000-04-24,1st Edition,6.55
84618,Dark Kadabra,39/82,Uncommon,Psychic,50,Stage 1,2,P,,Team Rocket,2000-04-24,Unlimited,2.52
84619,Dark Machamp (10),10/82,Holo Rare,Fighting,70,Stage 2,3,P,,Team Rocket,2000-04-24,1st Edition Holofoil,143.19
84619,Dark Machamp (10),10/82,Holo Rare,Fighting,70,Stage 2,3,P,,Team Rocket,2000-04-24,Unlimited Holofoil,63.31
84620,Dark Machamp (27),27/82,Rare,Fighting,70,Stage 2,3,P,,Team Rocket,2000-04-24,1st Edition,16.55
84620,Dark Machamp (27),27/82,Rare,Fighting,70,Stage 2,3,P,,Team Rocket,2000-04-24,Unlimited,10.95
84621,Dark Machoke,40/82,Uncommon,Fighting,60,Stage 1,2,P,,Team Rocket,2000-04-24,1st Edition,6.81
84621,Dark Machoke,40/82,Uncommon,Fighting,60,Stage 1,2,P,,Team Rocket,2000-04-24,Unlimited,2.7
84624,Dark Magneton (11),11/82,Holo Rare,Lightning,60,Stage 1,2,F,,Team Rocket,2000-04-24,1st Edition Holofoil,97.7
84624,Dark Magneton (11),11/82,Holo Rare,Lightning,60,Stage 1,2,F,,Team Rocket,2000-04-24,Unlimited Holofoil,48.31
84625,Dark Magneton (28),28/82,Rare,Lightning,60,Stage 1,2,F,,Team Rocket,2000-04-24,1st Edition,14.73
84625,Dark Magneton (28),28/82,Rare,Lightning,60,Stage 1,2,F,,Team Rocket,2000-04-24,Unlimited,7.89
84630,Dark Muk,41/82,Uncommon,Grass,60,Stage 1,2,P,,Team Rocket,2000-04-24,1st Edition,5.68
84630,Dark Muk,41/82,Uncommon,Grass,60,Stage 1,2,P,,Team Rocket,2000-04-24,Unlimited,1.77
84639,Dark Persian,42/82,Uncommon,Colorless,60,Stage 1,,F,P,Team Rocket,2000-04-24,1st Edition,5.15
84639,Dark Persian,42/82,Uncommon,Colorless,60,Stage 1,,F,P,Team Rocket,2000-04-24,Unlimited,2.16
84641,Dark Primeape,43/82,Uncommon,Fighting,60,Stage 1,1,P,,Team Rocket,2000-04-24,1st Edition,6.85
84641,Dark Primeape,43/82,Uncommon,Fighting,60,Stage 1,1,P,,Team Rocket,2000-04-24,Unlimited,2.07
84647,Dark Raichu,83/82,Secret Rare,Lightning,70,Stage 1,1,F,,Team Rocket,2000-04-24,1st Edition Holofoil,360.16
84647,Dark Raichu,83/82,Secret Rare,Lightning,70,Stage 1,1,F,,Team Rocket,2000-04-24,Unlimited Holofoil,128.63
84648,Dark Rapidash,44/82,Uncommon,Fire,60,Stage 1,,W,,Team Rocket,2000-04-24,1st Edition,8.27
84648,Dark Rapidash,44/82,Uncommon,Fire,60,Stage 1,,W,,Team Rocket,2000-04-24,Unlimited,3.21
84649,Dark Raticate,51/82,Common,Colorless,50,Stage 1,1,F,P,Team Rocket,2000-04-24,1st Edition,1.6
84649,Dark Raticate,51/82,Common,Colorless,50,Stage 1,1,F,P,Team Rocket,2000-04-24,Unlimited,0.71
84654,Dark Slowbro (12),12/82,Holo Rare,Psychic,60,Stage 1,2,P,,Team Rocket,2000-04-24,1st Edition Holofoil,101.59
84654,Dark Slowbro (12),12/82,Holo Rare,Psychic,60,Stage 1,2,P,,Team Rocket,2000-04-24,Unlimited Holofoil,51.79
84655,Dark Slowbro (29),29/82,Rare,Psychic,60,Stage 1,2,P,,Team Rocket,2000-04-24,1st Edition,19.36
84655,Dark Slowbro (29),29/82,Rare,Psychic,60,Stage 1,2,P,,Team Rocket,2000-04-24,Unlimited,15.13
84665,Dark Vaporeon,45/82,Uncommon,Water,60,Stage 1,1,L,,Team Rocket,2000-04-24,1st Edition,23.37
84665,Dark Vaporeon,45/82,Uncommon,Water,60,Stage 1,1,L,,Team Rocket,2000-04-24,Unlimited,6.57
84667,Dark Vileplume (13),13/82,Holo Rare,Grass,60,Stage 2,2,R,None,Team Rocket,2000-04-24,1st Edition Holofoil,68.44
84667,Dark Vileplume (13),13/82,Holo Rare,Grass,60,Stage 2,2,R,None,Team Rocket,2000-04-24,Unlimited Holofoil,39.93
84668,Dark Vileplume (30),30/82,Rare,Grass,60,Stage 2,2,R,,Team Rocket,2000-04-24,1st Edition,14.77
84668,Dark Vileplume (30),30/82,Rare,Grass,60,Stage 2,2,R,,Team Rocket,2000-04-24,Unlimited,8.63
84670,Dark Wartortle,46/82,Uncommon,Water,60,Stage 1,1,L,,Team Rocket,2000-04-24,1st Edition,14.36
84670,Dark Wartortle,46/82,Uncommon,Water,60,Stage 1,1,L,,Team Rocket,2000-04-24,Unlimited,3.77
84671,Dark Weezing (14),14/82,Holo Rare,Grass,60,Stage 1,1,P,,Team Rocket,2000-04-24,1st Edition Holofoil,46.44
84671,Dark Weezing (14),14/82,Holo Rare,Grass,60,Stage 1,1,P,,Team Rocket,2000-04-24,Unlimited Holofoil,11.77
84672,Dark Weezing (31),31/82,Rare,Grass,60,Stage 1,1,P,,Team Rocket,2000-04-24,1st Edition,10.25
84672,Dark Weezing (31),31/82,Rare,Grass,60,Stage 1,1,P,,Team Rocket,2000-04-24,Unlimited,7.61
84819,Diglett,52/82,Common,Fighting,40,Basic,,G,L,Team Rocket,2000-04-24,1st Edition,2.71
84819,Diglett,52/82,Common,Fighting,40,Basic,,G,L,Team Rocket,2000-04-24,Unlimited,0.71
84928,Dratini,53/82,Common,Colorless,40,Basic,1,,P,Team Rocket,2000-04-24,1st Edition,3.81
84928,Dratini,53/82,Common,Colorless,40,Basic,1,,P,Team Rocket,2000-04-24,Unlimited,1.44
84969,Drowzee,54/82,Common,Psychic,50,Basic,1,P,,Team Rocket,2000-04-24,1st Edition,1.94
84969,Drowzee,54/82,Common,Psychic,50,Basic,1,P,,Team Rocket,2000-04-24,Unlimited,0.74
85078,Eevee,55/82,Common,Colorless,40,Basic,1,F,P,Team Rocket,2000-04-24,1st Edition,7.49
85078,Eevee,55/82,Common,Colorless,40,Basic,1,F,P,Team Rocket,2000-04-24,Unlimited,2.94
85099,Ekans,56/82,Common,Grass,50,Basic,1,P,,Team Rocket,2000-04-24,1st Edition,1.77
85099,Ekans,56/82,Common,Grass,50,Basic,1,P,,Team Rocket,2000-04-24,Unlimited,0.54
85905,Grimer,57/82,Common,Grass,40,Basic,1,P,,Team Rocket,2000-04-24,1st Edition,2.81
85905,Grimer,57/82,Common,Grass,40,Basic,1,P,,Team Rocket,2000-04-24,Unlimited,0.96
86491,Koffing,58/82,Common,Grass,40,Basic,1,P,,Team Rocket,2000-04-24,1st Edition,2.02
86491,Koffing,58/82,Common,Grass,40,Basic,1,P,,Team Rocket,2000-04-24,Unlimited,0.62
86987,Machop,59/82,Common,Fighting,50,Basic,1,P,,Team Rocket,2000-04-24,1st Edition,2.27
86987,Machop,59/82,Common,Fighting,50,Basic,1,P,,Team Rocket,2000-04-24,Unlimited,1.14
87021,Magikarp,47/82,Uncommon,Water,30,Basic,1,L,,Team Rocket,2000-04-24,1st Edition,7.19
87021,Magikarp,47/82,Uncommon,Water,30,Basic,1,L,,Team Rocket,2000-04-24,Unlimited,3.32
87068,Magnemite,60/82,Common,Lightning,40,Basic,1,F,,Team Rocket,2000-04-24,1st Edition,1.81
87068,Magnemite,60/82,Common,Lightning,40,Basic,1,F,,Team Rocket,2000-04-24,Unlimited,0.62
87170,Mankey,61/82,Common,Fighting,40,Basic,,P,,Team Rocket,2000-04-24,1st Edition,2.19
87170,Mankey,61/82,Common,Fighting,40,Basic,,P,,Team Rocket,2000-04-24,Unlimited,0.64
87313,Meowth,62/82,Common,Colorless,40,Basic,1,F,P,Team Rocket,2000-04-24,1st Edition,4.12
87313,Meowth,62/82,Common,Colorless,40,Basic,1,F,P,Team Rocket,2000-04-24,Unlimited,1.66
87837,Oddish,63/82,Common,Grass,50,Basic,1,R,,Team Rocket,2000-04-24,1st Edition,3.58
87837,Oddish,63/82,Common,Grass,50,Basic,1,R,,Team Rocket,2000-04-24,Unlimited,0.85
88281,Ponyta,64/82,Common,Fire,50,Basic,1,W,,Team Rocket,2000-04-24,1st Edition,1.95
88281,Ponyta,64/82,Common,Fire,50,Basic,1,W,,Team Rocket,2000-04-24,Unlimited,0.98
88304,Porygon,48/82,Uncommon,Colorless,40,Basic,3,F,P,Team Rocket,2000-04-24,1st Edition,5.18
88304,Porygon,48/82,Uncommon,Colorless,40,Basic,3,F,P,Team Rocket,2000-04-24,Unlimited,2.5
88431,Psyduck,65/82,Common,Water,50,Basic,1,L,,Team Rocket,2000-04-24,1st Edition,6.6
88431,Psyduck,65/82,Common,Water,50,Basic,1,L,,Team Rocket,2000-04-24,Unlimited,2.03
88611,Rattata,66/82,Common,Colorless,40,Basic,,F,P,Team Rocket,2000-04-24,1st Edition,1.53
88611,Rattata,66/82,Common,Colorless,40,Basic,,F,P,Team Rocket,2000-04-24,Unlimited,0.86
89322,Slowpoke,67/82,Common,Psychic,50,Basic,1,P,,Team Rocket,2000-04-24,1st Edition,5.02
89322,Slowpoke,67/82,Common,Psychic,50,Basic,1,P,,Team Rocket,2000-04-24,Unlimited,1.66
89484,Squirtle,68/82,Common,Water,50,Basic,1,L,,Team Rocket,2000-04-24,1st Edition,11.15
89484,Squirtle,68/82,Common,Water,50,Basic,1,L,,Team Rocket,2000-04-24,Unlimited,3.81
90409,Voltorb,69/82,Common,Lightning,40,Basic,1,F,,Team Rocket,2000-04-24,1st Edition,1.56
90409,Voltorb,69/82,Common,Lightning,40,Basic,1,F,,Team Rocket,2000-04-24,Unlimited,0.58
90767,Zubat,70/82,Common,Grass,40,Basic,,P,F,Team Rocket,2000-04-24,1st Edition,2.13
90767,Zubat,70/82,Common,Grass,40,Basic,,P,F,Team Rocket,2000-04-24,Unlimited,0.7
660379,Mega Diancie ex,041/094,Double Rare,Psychic,270,Basic,1,Mx2,,ME02: Phantasmal Flames,2025-11-14,Holofoil,0.65
660380,Mega Gengar ex,056/094,Double Rare,Darkness,350,Stage 2,2,Fx2,,ME02: Phantasmal Flames,2025-11-14,Holofoil,2.55
660384,Alcremie,044/094,Uncommon,Psychic,90,Stage 1,1,Mx2,,ME02: Phantasmal Flames,2025-11-14,Normal,0.16
660384,Alcremie,044/094,Uncommon,Psychic,90,Stage 1,1,Mx2,,ME02: Phantasmal Flames,2025-11-14,Reverse Holofoil,0.23
660406,Eternatus,069/094,Uncommon,Darkness,150,Basic,2,Fx2,,ME02: Phantasmal Flames,2025-11-14,Normal,0.14
660406,Eternatus,069/094,Uncommon,Darkness,150,Basic,2,Fx2,,ME02: Phantasmal Flames,2025-11-14,Reverse Holofoil,0.23
660408,Haunter - 055/094,055/094,Uncommon,Darkness,100,Stage 1,1,Fx2,,ME02: Phantasmal Flames,2025-11-14,Normal,0.16
660408,Haunter - 055/094,055/094,Uncommon,Darkness,100,Stage 1,1,Fx2,,ME02: Phantasmal Flames,2025-11-14,Reverse Holofoil,0.2
660409,Toxtricity,068/094,Rare,Darkness,140,Stage 1,2,Fx2,,ME02: Phantasmal Flames,2025-11-14,Holofoil,0.25
660409,Toxtricity,068/094,Rare,Darkness,140,Stage 1,2,Fx2,,ME02: Phantasmal Flames,2025-11-14,Reverse Holofoil,0.23
660411,Toxel,067/094,Common,Darkness,70,Basic,1,Fx2,,ME02: Phantasmal Flames,2025-11-14,Normal,0.2
660411,Toxel,067/094,Common,Darkness,70,Basic,1,Fx2,,ME02: Phantasmal Flames,2025-11-14,Reverse Holofoil,0.28
660412,Sableye,059/094,Common,Darkness,80,Basic,1,Gx2,,ME02: Phantasmal Flames,2025-11-14,Normal,0.18
660412,Sableye,059/094,Common,Darkness,80,Basic,1,Gx2,,ME02: Phantasmal Flames,2025-11-14,Reverse Holofoil,0.23
660413,Seviper,062/094,Uncommon,Darkness,120,Basic,1,Fx2,,ME02: Phantasmal Flames,2025-11-14,Reverse Holofoil,0.23
660413,Seviper,062/094,Uncommon,Darkness,120,Basic,1,Fx2,,ME02: Phantasmal Flames,2025-11-14,Normal,0.19
660495,Gastly,054/094,Common,Darkness,70,Basic,1,Fx2,,ME02: Phantasmal Flames,2025-11-14,Reverse Holofoil,0.21
660495,Gastly,054/094,Common,Darkness,70,Basic,1,Fx2,,ME02: Phantasmal Flames,2025-11-14,Normal,0.15
662125,Absol,063/094,Common,Darkness,110,Basic,1,Gx2,,ME02: Phantasmal Flames,2025-11-14,Reverse Holofoil,0.24
662125,Absol,063/094,Common,Darkness,110,Basic,1,Gx2,,ME02: Phantasmal Flames,2025-11-14,Normal,0.16
662126,Aipom,078/094,Common,Colorless,70,Basic,1,Fx2,,ME02: Phantasmal Flames,2025-11-14,Normal,0.13
662126,Aipom,078/094,Common,Colorless,70,Basic,1,Fx2,,ME02: Phantasmal Flames,2025-11-14,Reverse Holofoil,0.21
662127,Ambipom - 079/094,079/094,Rare,Colorless,110,Stage 1,1,Fx2,,ME02: Phantasmal Flames,2025-11-14,Reverse Holofoil,0.19
662127,Ambipom - 079/094,079/094,Rare,Colorless,110,Stage 1,1,Fx2,,ME02: Phantasmal Flames,2025-11-14,Holofoil,0.15
662128,Ambipom - 107/094,107/094,Illustration Rare,Colorless,110,Stage 1,1,Fx2,,ME02: Phantasmal Flames,2025-11-14,Holofoil,2.06
662129,Archaludon,075/094,Uncommon,Metal,180,Stage 1,2,Rx2,G-30,ME02: Phantasmal Flames,2025-11-14,Normal,0.1
662129,Archaludon,075/094,Uncommon,Metal,180,Stage 1,2,Rx2,G-30,ME02: Phantasmal Flames,2025-11-14,Reverse Holofoil,0.2
662134,Boltund,031/094,Common,Lightning,130,Stage 1,1,Fx2,,ME02: Phantasmal Flames,2025-11-14,Reverse Holofoil,0.22
662134,Boltund,031/094,Common,Lightning,130,Stage 1,1,Fx2,,ME02: Phantasmal Flames,2025-11-14,Normal,0.11
662135,Brambleghast,047/094,Uncommon,Psychic,100,Stage 1,2,Dx2,F-30,ME02: Phantasmal Flames,2025-11-14,Normal,0.07
662135,Brambleghast,047/094,Uncommon,Psychic,100,Stage 1,2,Dx2,F-30,ME02: Phantasmal Flames,2025-11-14,Reverse Holofoil,0.19
662136,Bramblin,046/094,Common,Psychic,50,Basic,1,Dx2,F-30,ME02: Phantasmal Flames,2025-11-14,Normal,0.13
662136,Bramblin,046/094,Common,Psychic,50,Basic,1,Dx2,F-30,ME02: Phantasmal Flames,2025-11-14,Reverse Holofoil,0.19
662137,Bronzong,072/094,Uncommon,Metal,140,Stage 1,3,Rx2,G-30,ME02: Phantasmal Flames,2025-11-14,Normal,0.11
662137,Bronzong,072/094,Uncommon,Metal,140,Stage 1,3,Rx2,G-30,ME02: Phantasmal Flames,2025-11-14,Reverse Holofoil,0.18
662138,Bronzor,071/094,Common,Metal,80,Basic,2,Rx2,G-30,ME02: Phantasmal Flames,2025-11-14,Reverse Holofoil,0.19
662138,Bronzor,071/094,Common,Metal,80,Basic,2,Rx2,G-30,ME02: Phantasmal Flames,2025-11-14,Normal,0.07
662139,Buneary,083/094,Common,Colorless,70,Basic,1,Fx2,,ME02: Phantasmal Flames,2025-11-14,Reverse Holofoil,0.21
662139,Buneary,083/094,Common,Colorless,70,Basic,1,Fx2,,ME02: Phantasmal Flames,2025-11-14,Normal,0.16
662140,Carvanha,060/094,Common,Darkness,70,Basic,1,Gx2,,ME02: Phantasmal Flames,2025-11-14,Normal,0.2
662140,Carvanha,060/094,Common,Darkness,70,Basic,1,Gx2,,ME02: Phantasmal Flames,2025-11-14,Reverse Holofoil,0.27
662141,Ceruledge,020/094,Uncommon,Fire,140,Stage 1,2,Wx2,,ME02: Phantasmal Flames,2025-11-14,Reverse Holofoil,0.24
662141,Ceruledge,020/094,Uncommon,Fire,140,Stage 1,2,Wx2,,ME02: Phantasmal Flames,2025-11-14,Normal,0.2
662142,Charcadet,019/094,Common,Fire,70,Basic,2,Wx2,,ME02: Phantasmal Flames,2025-11-14,Reverse Holofoil,0.22
662142,Charcadet,019/094,Common,Fire,70,Basic,2,Wx2,,ME02: Phantasmal Flames,2025-11-14,Normal,0.15
662143,Charmander,011/094,Common,Fire,80,Basic,2,Wx2,,ME02: Phantasmal Flames,2025-11-14,Reverse Holofoil,0.31
662143,Charmander,011/094,Common,Fire,80,Basic,2,Wx2,,ME02: Phantasmal Flames,2025-11-14,Normal,0.21
662144,Charmeleon,012/094,Common,Fire,110,Stage 1,2,Wx2,,ME02: Phantasmal Flames,2025-11-14,Normal,0.26
662144,Charmeleon,012/094,Common,Fire,110,Stage 1,2,Wx2,,ME02: Phantasmal Flames,2025-11-14,Reverse Holofoil,0.27
662145,Cresselia,039/094,Uncommon,Psychic,120,Basic,1,Dx2,F-30,ME02: Phantasmal Flames,2025-11-14,Normal,0.11
662145,Cresselia,039/094,Uncommon,Psychic,120,Basic,1,Dx2,F-30,ME02: Phantasmal Flames,2025-11-14,Reverse Holofoil,0.21
662146,Darmanitan,016/094,Uncommon,Fire,150,Stage 1,3,Wx2,,ME02: Phantasmal Flames,2025-11-14,Normal,0.07
662146,Darmanitan,016/094,Uncommon,Fire,150,Stage 1,3,Wx2,,ME02: Phantasmal Flames,2025-11-14,Reverse Holofoil,0.19
662147,Darumaka,015/094,Common,Fire,80,Basic,2,Wx2,,ME02: Phantasmal Flames,2025-11-14,Normal,0.13
662147,Darumaka,015/094,Common,Fire,80,Basic,2,Wx2,,ME02: Phantasmal Flames,2025-11-14,Reverse Holofoil,0.2
662151,Dewgong - 022/094,022/094,Common,Water,130,Stage 1,2,Lx2,,ME02: Phantasmal Flames,2025-11-14,Normal,0.09
662151,Dewgong - 022/094,022/094,Common,Water,130,Stage 1,2,Lx2,,ME02: Phantasmal Flames,2025-11-14,Reverse Holofoil,0.22
662152,Dewgong - 097/094,097/094,Illustration Rare,Water,130,Stage 1,2,Lx2,,ME02: Phantasmal Flames,2025-11-14,Holofoil,4.86
662154,Duraludon,074/094,Common,Metal,130,Basic,2,Rx2,G-30,ME02: Phantasmal Flames,2025-11-14,Reverse Holofoil,0.22
662154,Duraludon,074/094,Common,Metal,130,Basic,2,Rx2,G-30,ME02: Phantasmal Flames,2025-11-14,Normal,0.18
662155,Empoleon ex - 070/094,070/094,Double Rare,Metal,320,Stage 2,2,Rx2,G-30,ME02: Phantasmal Flames,2025-11-14,Holofoil,0.67
662156,Empoleon ex - 114/094,114/094,Ultra Rare,Metal,320,Stage 2,2,Rx2,G-30,ME02: Phantasmal Flames,2025-11-14,Holofoil,1.43
662159,Flygon - 053/094,053/094,Rare,Fighting,150,Stage 2,1,Gx2,,ME02: Phantasmal Flames,2025-11-14,Reverse Holofoil,0.28
662159,Flygon - 053/094,053/094,Rare,Fighting,150,Stage 2,1,Gx2,,ME02: Phantasmal Flames,2025-11-14,Holofoil,0.17
662160,Flygon - 101/094,101/094,Illustration Rare,Fighting,150,Stage 2,1,Gx2,,ME02: Phantasmal Flames,2025-11-14,Holofoil,5.14
662161,Genesect,008/094,Rare,Grass,120,Basic,2,Rx2,,ME02: Phantasmal Flames,2025-11-14,Holofoil,0.16
662161,Genesect,008/094,Rare,Grass,120,Basic,2,Rx2,,ME02: Phantasmal Flames,2025-11-14,Reverse Holofoil,0.21
662162,Gligar,049/094,Common,Fighting,70,Basic,1,Gx2,,ME02: Phantasmal Flames,2025-11-14,Normal,0.09
662162,Gligar,049/094,Common,Fighting,70,Basic,1,Gx2,,ME02: Phantasmal Flames,2025-11-14,Reverse Holofoil,0.19
662163,Gliscor,050/094,Uncommon,Fighting,120,Stage 1,1,Gx2,,ME02: Phantasmal Flames,2025-11-14,Reverse Holofoil,0.3
662163,Gliscor,050/094,Uncommon,Fighting,120,Stage 1,1,Gx2,,ME02: Phantasmal Flames,2025-11-14,Normal,0.13
662164,Gloom,002/094,Common,Grass,70,Stage 1,1,Rx2,,ME02: Phantasmal Flames,2025-11-14,Reverse Holofoil,0.2
662164,Gloom,002/094,Common,Grass,70,Stage 1,1,Rx2,,ME02: Phantasmal Flames,2025-11-14,Normal,0.16
662165,Granbull,038/094,Uncommon,Psychic,130,Stage 1,2,Mx2,,ME02: Phantasmal Flames,2025-11-14,Normal,0.09
662165,Granbull,038/094,Uncommon,Psychic,130,Stage 1,2,Mx2,,ME02: Phantasmal Flames,2025-11-14,Reverse Holofoil,0.18
662169,Honchkrow,058/094,Uncommon,Darkness,130,Stage 1,1,Lx2,F-30,ME02: Phantasmal Flames,2025-11-14,Reverse Holofoil,0.2
662169,Honchkrow,058/094,Uncommon,Darkness,130,Stage 1,1,Lx2,F-30,ME02: Phantasmal Flames,2025-11-14,Normal,0.08
662171,Jigglypuff,076/094,Common,Colorless,70,Basic,1,Fx2,,ME02: Phantasmal Flames,2025-11-14,Normal,0.22
662171,Jigglypuff,076/094,Common,Colorless,70,Basic,1,Fx2,,ME02: Phantasmal Flames,2025-11-14,Reverse Holofoil,0.27
662173,Krokorok,065/094,Common,Darkness,100,Stage 1,2,Gx2,,ME02: Phantasmal Flames,2025-11-14,Reverse Holofoil,0.18
662173,Krokorok,065/094,Common,Darkness,100,Stage 1,2,Gx2,,ME02: Phantasmal Flames,2025-11-14,Normal,0.15
662174,Krookodile,066/094,Uncommon,Darkness,170,Stage 2,3,Gx2,,ME02: Phantasmal Flames,2025-11-14,Reverse Holofoil,0.2
662174,Krookodile,066/094,Uncommon,Darkness,170,Stage 2,3,Gx2,,ME02: Phantasmal Flames,2025-11-14,Normal,0.11
662175,Linoone,082/094,Uncommon,Colorless,100,Stage 1,1,Fx2,,ME02: Phantasmal Flames,2025-11-14,Reverse Holofoil,0.17
662175,Linoone,082/094,Uncommon,Colorless,100,Stage 1,1,Fx2,,ME02: Phantasmal Flames,2025-11-14,Normal,0.1
662176,Lokix,010/094,Uncommon,Grass,120,Stage 1,1,Rx2,,ME02: Phantasmal Flames,2025-11-14,Normal,0.08
662176,Lokix,010/094,Uncommon,Grass,120,Stage 1,1,Rx2,,ME02: Phantasmal Flames,2025-11-14,Reverse Holofoil,0.19
662177,Lombre,006/094,Common,Grass,90,Stage 1,1,Rx2,,ME02: Phantasmal Flames,2025-11-14,Reverse Holofoil,0.23
662177,Lombre,006/094,Common,Grass,90,Stage 1,1,Rx2,,ME02: Phantasmal Flames,2025-11-14,Normal,0.14
662178,Lotad,005/094,Common,Grass,70,Basic,1,Rx2,,ME02: Phantasmal Flames,2025-11-14,Normal,0.14
662178,Lotad,005/094,Common,Grass,70,Basic,1,Rx2,,ME02: Phantasmal Flames,2025-11-14,Reverse Holofoil,0.19
662179,Ludicolo - 007/094,007/094,Uncommon,Grass,160,Stage 2,2,Rx2,,ME02: Phantasmal Flames,2025-11-14,Reverse Holofoil,0.22
662179,Ludicolo - 007/094,007/094,Uncommon,Grass,160,Stage 2,2,Rx2,,ME02: Phantasmal Flames,2025-11-14,Normal,0.16
662180,Ludicolo - 095/094,095/094,Illustration Rare,Grass,160,Stage 2,2,Rx2,,ME02: Phantasmal Flames,2025-11-14,Holofoil,2.38
662181,Mamoswine,025/094,Uncommon,Water,180,Stage 2,4,Mx2,,ME02: Phantasmal Flames,2025-11-14,Reverse Holofoil,0.18
662181,Mamoswine,025/094,Uncommon,Water,180,Stage 2,4,Mx2,,ME02: Phantasmal Flames,2025-11-14,Normal,0.12
662182,Mega Charizard X ex - 013/094,013/094,Double Rare,Fire,360,Stage 2,2,Wx2,,ME02: Phantasmal Flames,2025-11-14,Holofoil,4.82
662183,Mega Charizard X ex - 109/094,109/094,Ultra Rare,Fire,360,Stage 2,2,Wx2,,ME02: Phantasmal Flames,2025-11-14,Holofoil,27.57
662184,Mega Charizard X ex - 125/094,125/094,Special Illustration Rare,Fire,360,Stage 2,2,Wx2,,ME02: Phantasmal Flames,2025-11-14,Holofoil,704.68
662185,Mega Charizard X ex - 130/094,130/094,Mega Hyper Rare,Fire,360,Stage 2,2,Wx2,,ME02: Phantasmal Flames,2025-11-14,Holofoil,257.5
662186,Mega Heracross ex - 004/094,004/094,Double Rare,Grass,280,Basic,2,Rx2,,ME02: Phantasmal Flames,2025-11-14,Holofoil,0.72
662187,Mega Heracross ex - 108/094,108/094,Ultra Rare,Grass,280,Basic,2,Rx2,,ME02: Phantasmal Flames,2025-11-14,Holofoil,1.42
662188,Mega Lopunny ex - 084/094,084/094,Double Rare,Colorless,330,Stage 1,1,Fx2,,ME02: Phantasmal Flames,2025-11-14,Holofoil,0.69
662189,Mega Lopunny ex - 115/094,115/094,Ultra Rare,Colorless,330,Stage 1,1,Fx2,,ME02: Phantasmal Flames,2025-11-14,Holofoil,1.96
662190,Mega Lopunny ex - 128/094,128/094,Special Illustration Rare,Colorless,330,Stage 1,1,Fx2,,ME02: Phantasmal Flames,2025-11-14,Holofoil,14.31
662191,Mega Sharpedo ex - 061/094,061/094,Double Rare,Darkness,330,Stage 1,0,Gx2,,ME02: Phantasmal Flames,2025-11-14,Holofoil,0.78
662192,Mega Sharpedo ex - 113/094,113/094,Ultra Rare,Darkness,330,Stage 1,0,Gx2,,ME02: Phantasmal Flames,2025-11-14,Holofoil,2.24
662193,Mega Sharpedo ex - 127/094,127/094,Special Illustration Rare,Darkness,330,Stage 1,0,Gx2,,ME02: Phantasmal Flames,2025-11-14,Holofoil,19.41
662194,Meloetta,040/094,Uncommon,Psychic,90,Basic,1,Dx2,F-30,ME02: Phantasmal Flames,2025-11-14,Normal,0.12
662194,Meloetta,040/094,Uncommon,Psychic,90,Basic,1,Dx2,F-30,ME02: Phantasmal Flames,2025-11-14,Reverse Holofoil,0.25
662195,Meowth,106/094,Illustration Rare,Colorless,70,Basic,1,Fx2,,ME02: Phantasmal Flames,2025-11-14,Holofoil,17.09
662196,Milcery,043/094,Common,Psychic,50,Basic,1,Mx2,,ME02: Phantasmal Flames,2025-11-14,Normal,0.12
662196,Milcery,043/094,Common,Psychic,50,Basic,1,Mx2,,ME02: Phantasmal Flames,2025-11-14,Reverse Holofoil,0.18
662197,Mimikyu,042/094,Common,Psychic,70,Basic,1,Mx2,,ME02: Phantasmal Flames,2025-11-14,Normal,0.27
662197,Mimikyu,042/094,Common,Psychic,70,Basic,1,Mx2,,ME02: Phantasmal Flames,2025-11-14,Reverse Holofoil,0.33
662198,Misdreavus,035/094,Common,Psychic,70,Basic,1,Dx2,F-30,ME02: Phantasmal Flames,2025-11-14,Normal,0.16
662198,Misdreavus,035/094,Common,Psychic,70,Basic,1,Dx2,F-30,ME02: Phantasmal Flames,2025-11-14,Reverse Holofoil,0.27
662199,Mismagius ex - 036/094,036/094,Double Rare,Psychic,260,Stage 1,1,Dx2,F-30,ME02: Phantasmal Flames,2025-11-14,Holofoil,0.65
662200,Mismagius ex - 112/094,112/094,Ultra Rare,Psychic,260,Stage 1,1,Dx2,F-30,ME02: Phantasmal Flames,2025-11-14,Holofoil,1.79
662201,Moltres,014/094,Rare,Fire,120,Basic,1,Wx2,,ME02: Phantasmal Flames,2025-11-14,Reverse Holofoil,0.25
662201,Moltres,014/094,Rare,Fire,120,Basic,1,Wx2,,ME02: Phantasmal Flames,2025-11-14,Holofoil,0.22
662202,Murkrow,057/094,Common,Darkness,60,Basic,1,Lx2,F-30,ME02: Phantasmal Flames,2025-11-14,Normal,0.16
662202,Murkrow,057/094,Common,Darkness,60,Basic,1,Lx2,F-30,ME02: Phantasmal Flames,2025-11-14,Reverse Holofoil,0.21
662203,Nymble - 009/094,009/094,Common,Grass,50,Basic,1,Rx2,,ME02: Phantasmal Flames,2025-11-14,Normal,0.18
662203,Nymble - 009/094,009/094,Common,Grass,50,Basic,1,Rx2,,ME02: Phantasmal Flames,2025-11-14,Reverse Holofoil,0.25
662204,Nymble - 096/094,096/094,Illustration Rare,Grass,50,Basic,1,Rx2,,ME02: Phantasmal Flames,2025-11-14,Holofoil,1.31
662205,Oddish,001/094,Common,Grass,50,Basic,1,Rx2,,ME02: Phantasmal Flames,2025-11-14,Normal,0.14
662205,Oddish,001/094,Common,Grass,50,Basic,1,Rx2,,ME02: Phantasmal Flames,2025-11-14,Reverse Holofoil,0.23
662206,Oricorio ex - 018/094,018/094,Double Rare,Fire,190,Basic,1,Wx2,,ME02: Phantasmal Flames,2025-11-14,Holofoil,0.77
662207,Oricorio ex - 110/094,110/094,Ultra Rare,Fire,190,Basic,1,Wx2,,ME02: Phantasmal Flames,2025-11-14,Holofoil,1.29
662208,Paldean Tauros,048/094,Uncommon,Fighting,130,Basic,2,Px2,,ME02: Phantasmal Flames,2025-11-14,Reverse Holofoil,0.17
662208,Paldean Tauros,048/094,Uncommon,Fighting,130,Basic,2,Px2,,ME02: Phantasmal Flames,2025-11-14,Normal,0.11
662209,Paldean Wooper,102/094,Illustration Rare,Darkness,60,Basic,1,Fx2,,ME02: Phantasmal Flames,2025-11-14,Holofoil,3.88
662210,Pawmi,032/094,Common,Lightning,60,Basic,1,Fx2,,ME02: Phantasmal Flames,2025-11-14,Normal,0.1
662210,Pawmi,032/094,Common,Lightning,60,Basic,1,Fx2,,ME02: Phantasmal Flames,2025-11-14,Reverse Holofoil,0.2
662211,Pawmo,033/094,Common,Lightning,90,Stage 1,1,Fx2,,ME02: Phantasmal Flames,2025-11-14,Reverse Holofoil,0.14
662211,Pawmo,033/094,Common,Lightning,90,Stage 1,1,Fx2,,ME02: Phantasmal Flames,2025-11-14,Normal,0.1
662212,Pawmot,034/094,Rare,Lightning,140,Stage 2,1,Fx2,,ME02: Phantasmal Flames,2025-11-14,Reverse Holofoil,0.23
662212,Pawmot,034/094,Rare,Lightning,140,Stage 2,1,Fx2,,ME02: Phantasmal Flames,2025-11-14,Holofoil,0.19
662213,Piloswine,024/094,Common,Water,100,Stage 1,3,Mx2,,ME02: Phantasmal Flames,2025-11-14,Normal,0.13
662213,Piloswine,024/094,Common,Water,100,Stage 1,3,Mx2,,ME02: Phantasmal Flames,2025-11-14,Reverse Holofoil,0.19
662214,Piplup - 027/094,027/094,Common,Water,70,Basic,1,Lx2,,ME02: Phantasmal Flames,2025-11-14,Normal,0.21
662214,Piplup - 027/094,027/094,Common,Water,70,Basic,1,Lx2,,ME02: Phantasmal Flames,2025-11-14,Reverse Holofoil,0.26
662215,Piplup - 098/094,098/094,Illustration Rare,Water,70,Basic,1,Lx2,,ME02: Phantasmal Flames,2025-11-14,Holofoil,13.15
662216,Prinplup,028/094,Common,Water,100,Stage 1,2,Lx2,,ME02: Phantasmal Flames,2025-11-14,Normal,0.2
662216,Prinplup,028/094,Common,Water,100,Stage 1,2,Lx2,,ME02: Phantasmal Flames,2025-11-14,Reverse Holofoil,0.22
662219,Reshiram,017/094,Rare,Fire,130,Basic,2,Wx2,,ME02: Phantasmal Flames,2025-11-14,Reverse Holofoil,0.24
662219,Reshiram,017/094,Rare,Fire,130,Basic,2,Wx2,,ME02: Phantasmal Flames,2025-11-14,Holofoil,0.15
662220,Rotom ex - 029/094,029/094,Double Rare,Lightning,190,Basic,1,Fx2,,ME02: Phantasmal Flames,2025-11-14,Holofoil,0.71
662221,Rotom ex - 111/094,111/094,Ultra Rare,Lightning,190,Basic,1,Fx2,,ME02: Phantasmal Flames,2025-11-14,Holofoil,1.2
662222,Rotom ex - 126/094,126/094,Special Illustration Rare,Lightning,190,Basic,1,Fx2,,ME02: Phantasmal Flames,2025-11-14,Holofoil,17.2
662225,Sandile,064/094,Common,Darkness,70,Basic,2,Gx2,,ME02: Phantasmal Flames,2025-11-14,Reverse Holofoil,0.2
662225,Sandile,064/094,Common,Darkness,70,Basic,2,Gx2,,ME02: Phantasmal Flames,2025-11-14,Normal,0.08
662226,Seel,021/094,Common,Water,80,Basic,2,Lx2,,ME02: Phantasmal Flames,2025-11-14,Normal,0.07
662226,Seel,021/094,Common,Water,80,Basic,2,Lx2,,ME02: Phantasmal Flames,2025-11-14,Reverse Holofoil,0.25
662227,Smeargle,080/094,Common,Colorless,80,Basic,1,Fx2,,ME02: Phantasmal Flames,2025-11-14,Reverse Holofoil,0.21
662227,Smeargle,080/094,Common,Colorless,80,Basic,1,Fx2,,ME02: Phantasmal Flames,2025-11-14,Normal,0.06
662228,Snubbull,037/094,Common,Psychic,70,Basic,1,Mx2,,ME02: Phantasmal Flames,2025-11-14,Reverse Holofoil,0.25
662228,Snubbull,037/094,Common,Psychic,70,Basic,1,Mx2,,ME02: Phantasmal Flames,2025-11-14,Normal,0.09
662229,Suicune,026/094,Rare,Water,130,Basic,2,Lx2,,ME02: Phantasmal Flames,2025-11-14,Reverse Holofoil,0.23
662229,Suicune,026/094,Rare,Water,130,Basic,2,Lx2,,ME02: Phantasmal Flames,2025-11-14,Holofoil,0.16
662230,Swinub,023/094,Common,Water,70,Basic,2,Mx2,,ME02: Phantasmal Flames,2025-11-14,Normal,0.08
662230,Swinub,023/094,Common,Water,70,Basic,2,Mx2,,ME02: Phantasmal Flames,2025-11-14,Reverse Holofoil,0.21
662232,Togedemaru - 073/094,073/094,Common,Metal,80,Basic,1,Rx2,G-30,ME02: Phantasmal Flames,2025-11-14,Reverse Holofoil,0.17
662232,Togedemaru - 073/094,073/094,Common,Metal,80,Basic,1,Rx2,G-30,ME02: Phantasmal Flames,2025-11-14,Normal,0.07
662233,Togedemaru - 104/094,104/094,Illustration Rare,Metal,80,Basic,1,Rx2,G-30,ME02: Phantasmal Flames,2025-11-14,Holofoil,2.18
662235,Toxtricity - 103/094,103/094,Illustration Rare,Darkness,140,Stage 1,2,Fx2,,ME02: Phantasmal Flames,2025-11-14,Holofoil,2.07
662236,Trapinch,051/094,Common,Fighting,70,Basic,1,Gx2,,ME02: Phantasmal Flames,2025-11-14,Reverse Holofoil,0.17
662236,Trapinch,051/094,Common,Fighting,70,Basic,1,Gx2,,ME02: Phantasmal Flames,2025-11-14,Normal,0.06
662237,Vibrava,052/094,Common,Fighting,90,Stage 1,1,Gx2,,ME02: Phantasmal Flames,2025-11-14,Normal,0.13
662237,Vibrava,052/094,Common,Fighting,90,Stage 1,1,Gx2,,ME02: Phantasmal Flames,2025-11-14,Reverse Holofoil,0.21
662238,Vileplume,003/094,Rare,Grass,150,Stage 2,2,Rx2,,ME02: Phantasmal Flames,2025-11-14,Reverse Holofoil,0.22
662238,Vileplume,003/094,Rare,Grass,150,Stage 2,2,Rx2,,ME02: Phantasmal Flames,2025-11-14,Holofoil,0.19
662239,Wigglytuff - 077/094,077/094,Uncommon,Colorless,120,Stage 1,2,Fx2,,ME02: Phantasmal Flames,2025-11-14,Normal,0.16
662239,Wigglytuff - 077/094,077/094,Uncommon,Colorless,120,Stage 1,2,Fx2,,ME02: Phantasmal Flames,2025-11-14,Reverse Holofoil,0.25
662240,Wigglytuff - 105/094,105/094,Illustration Rare,Colorless,120,Stage 1,2,Fx2,,ME02: Phantasmal Flames,2025-11-14,Holofoil,5.95
662242,Yamper - 030/094,030/094,Common,Lightning,70,Basic,1,Fx2,,ME02: Phantasmal Flames,2025-11-14,Normal,0.18
662242,Yamper - 030/094,030/094,Common,Lightning,70,Basic,1,Fx2,,ME02: Phantasmal Flames,2025-11-14,Reverse Holofoil,0.23
662243,Yamper - 099/094,099/094,Illustration Rare,Lightning,70,Basic,1,Fx2,,ME02: Phantasmal Flames,2025-11-14,Holofoil,3.94
662244,Zacian - 045/094,045/094,Rare,Psychic,130,Basic,2,Mx2,,ME02: Phantasmal Flames,2025-11-14,Reverse Holofoil,0.28
662244,Zacian - 045/094,045/094,Rare,Psychic,130,Basic,2,Mx2,,ME02: Phantasmal Flames,2025-11-14,Holofoil,0.21
662245,Zacian - 100/094,100/094,Illustration Rare,Psychic,130,Basic,2,Mx2,,ME02: Phantasmal Flames,2025-11-14,Holofoil,4.49
662246,Zigzagoon,081/094,Common,Colorless,70,Basic,1,Fx2,,ME02: Phantasmal Flames,2025-11-14,Normal,0.15
662246,Zigzagoon,081/094,Common,Colorless,70,Basic,1,Fx2,,ME02: Phantasmal Flames,2025-11-14,Reverse Holofoil,0.18
83862,Blaine's Charmander,061/132,Common,Fire,50,Basic,1,W,,Gym Heroes,2000-10-14,1st Edition,13.98
83862,Blaine's Charmander,061/132,Common,Fire,50,Basic,1,W,,Gym Heroes,2000-10-14,Unlimited,2.94
83868,Blaine's Growlithe (35),035/132,Uncommon,Fire,50,Basic,1,W,,Gym Heroes,2000-10-14,1st Edition,18.26
83868,Blaine's Growlithe (35),035/132,Uncommon,Fire,50,Basic,1,W,,Gym Heroes,2000-10-14,Unlimited,7.18
83869,Blaine's Growlithe (62),062/132,Common,Fire,50,Basic,1,W,,Gym Heroes,2000-10-14,1st Edition,10.11
83869,Blaine's Growlithe (62),062/132,Common,Fire,50,Basic,1,W,,Gym Heroes,2000-10-14,Unlimited,1.81
83871,Blaine's Kangaskhan,036/132,Uncommon,Colorless,80,Basic,3,F,P,Gym Heroes,2000-10-14,1st Edition,10.7
83871,Blaine's Kangaskhan,036/132,Uncommon,Colorless,80,Basic,3,F,P,Gym Heroes,2000-10-14,Unlimited,5.65
83873,Blaine's Magmar,037/132,Uncommon,Fire,60,Basic,2,W,,Gym Heroes,2000-10-14,1st Edition,9.58
83873,Blaine's Magmar,037/132,Uncommon,Fire,60,Basic,2,W,,Gym Heroes,2000-10-14,Unlimited,4.7
83875,Blaine's Moltres,001/132,Holo Rare,Fire,90,Basic,3,,F,Gym Heroes,2000-10-14,1st Edition Holofoil,243.32
83875,Blaine's Moltres,001/132,Holo Rare,Fire,90,Basic,3,,F,Gym Heroes,2000-10-14,Unlimited Holofoil,135.03
83877,Blaine's Ponyta,063/132,Common,Fire,40,Basic,,W,,Gym Heroes,2000-10-14,1st Edition,9.22
83877,Blaine's Ponyta,063/132,Common,Fire,40,Basic,,W,,Gym Heroes,2000-10-14,Unlimited,1.45
83884,Blaine's Tauros,064/132,Common,Colorless,70,Basic,2,F,P,Gym Heroes,2000-10-14,1st Edition,5.06
83884,Blaine's Tauros,064/132,Common,Colorless,70,Basic,2,F,P,Gym Heroes,2000-10-14,Unlimited,1.25
83885,Blaine's Vulpix,065/132,Common,Fire,40,Basic,1,W,,Gym Heroes,2000-10-14,1st Edition,8.96
83885,Blaine's Vulpix,065/132,Common,Fire,40,Basic,1,W,,Gym Heroes,2000-10-14,Unlimited,2.93
83963,Brock's Geodude (38),038/132,Uncommon,Fighting,50,Basic,1,G,,Gym Heroes,2000-10-14,1st Edition,4.78
83963,Brock's Geodude (38),038/132,Uncommon,Fighting,50,Basic,1,G,,Gym Heroes,2000-10-14,Unlimited,2.6
83964,Brock's Geodude (66),066/132,Common,Fighting,40,Basic,1,G,,Gym Heroes,2000-10-14,1st Edition,3.12
83964,Brock's Geodude (66),066/132,Common,Fighting,40,Basic,1,G,,Gym Heroes,2000-10-14,Unlimited,0.77
83966,Brock's Golbat,039/132,Uncommon,Grass,70,Stage 1,1,P,F-30,Gym Heroes,2000-10-14,1st Edition,6.24
83966,Brock's Golbat,039/132,Uncommon,Grass,70,Stage 1,1,P,F-30,Gym Heroes,2000-10-14,Unlimited,2.66
83967,Brock's Golem,020/132,Rare,Fighting,90,Stage 2,4,G,,Gym Heroes,2000-10-14,1st Edition,33.57
83967,Brock's Golem,020/132,Rare,Fighting,90,Stage 2,4,G,,Gym Heroes,2000-10-14,Unlimited,19.21
83969,Brock's Graveler,040/132,Uncommon,Fighting,70,Stage 1,2,G,,Gym Heroes,2000-10-14,1st Edition,4.26
83969,Brock's Graveler,040/132,Uncommon,Fighting,70,Stage 1,2,G,,Gym Heroes,2000-10-14,Unlimited,1.94
83970,Brock's Lickitung,041/132,Uncommon,Colorless,80,Basic,3,F,P,Gym Heroes,2000-10-14,1st Edition,9.6
83970,Brock's Lickitung,041/132,Uncommon,Colorless,80,Basic,3,F,P,Gym Heroes,2000-10-14,Unlimited,3.82
83971,Brock's Mankey (67),067/132,Common,Fighting,40,Basic,,P,,Gym Heroes,2000-10-14,1st Edition,2.78
83971,Brock's Mankey (67),067/132,Common,Fighting,40,Basic,,P,,Gym Heroes,2000-10-14,Unlimited,1.16
83972,Brock's Mankey (68),068/132,Common,Fighting,40,Basic,,P,,Gym Heroes,2000-10-14,1st Edition,5.0
83972,Brock's Mankey (68),068/132,Common,Fighting,40,Basic,,P,,Gym Heroes,2000-10-14,Unlimited,1.37
83974,Brock's Onix (21),021/132,Rare,Fighting,70,Basic,2,G,,Gym Heroes,2000-10-14,1st Edition,15.91
83974,Brock's Onix (21),021/132,Rare,Fighting,70,Basic,2,G,,Gym Heroes,2000-10-14,Unlimited,8.76
83975,Brock's Onix (69),069/132,Common,Fighting,100,Basic,3,G,,Gym Heroes,2000-10-14,1st Edition,6.95
83975,Brock's Onix (69),069/132,Common,Fighting,100,Basic,3,G,,Gym Heroes,2000-10-14,Unlimited,1.32
83978,Brock's Rhydon,002/132,Holo Rare,Fighting,80,Stage 1,3,G,L-30,Gym Heroes,2000-10-14,1st Edition Holofoil,124.38
83978,Brock's Rhydon,002/132,Holo Rare,Fighting,80,Stage 1,3,G,L-30,Gym Heroes,2000-10-14,Unlimited Holofoil,42.14
83979,Brock's Rhyhorn (22),022/132,Rare,Fighting,60,Basic,2,G,L-30,Gym Heroes,2000-10-14,1st Edition,20.61
83979,Brock's Rhyhorn (22),022/132,Rare,Fighting,60,Basic,2,G,L-30,Gym Heroes,2000-10-14,Unlimited,12.77
83980,Brock's Rhyhorn (70),070/132,Common,Fighting,70,Basic,3,G,L-30,Gym Heroes,2000-10-14,1st Edition,2.22
83980,Brock's Rhyhorn (70),070/132,Common,Fighting,70,Basic,3,G,L-30,Gym Heroes,2000-10-14,Unlimited,1.17
83981,Brock's Sandshrew (71),071/132,Common,Fighting,40,Basic,1,G,L-30,Gym Heroes,2000-10-14,1st Edition,4.07
83981,Brock's Sandshrew (71),071/132,Common,Fighting,40,Basic,1,G,L-30,Gym Heroes,2000-10-14,Unlimited,1.3
83982,Brock's Sandshrew (72),072/132,Common,Fighting,50,Basic,1,G,L-30,Gym Heroes,2000-10-14,1st Edition,14.17
83982,Brock's Sandshrew (72),072/132,Common,Fighting,50,Basic,1,G,L-30,Gym Heroes,2000-10-14,Unlimited,2.86
83983,Brock's Sandslash,023/132,Rare,Fighting,60,Stage 1,1,G,L-30,Gym Heroes,2000-10-14,1st Edition,23.86
83983,Brock's Sandslash,023/132,Rare,Fighting,60,Stage 1,1,G,L-30,Gym Heroes,2000-10-14,Unlimited,13.59
83987,Brock's Vulpix,073/132,Common,Fire,40,Basic,1,W,,Gym Heroes,2000-10-14,1st Edition,7.62
83987,Brock's Vulpix,073/132,Common,Fire,40,Basic,1,W,,Gym Heroes,2000-10-14,Unlimited,3.36
83988,Brock's Zubat (24),024/132,Rare,Grass,30,Basic,,P,F-30,Gym Heroes,2000-10-14,1st Edition,17.32
83988,Brock's Zubat (24),024/132,Rare,Grass,30,Basic,,P,F-30,Gym Heroes,2000-10-14,Unlimited,11.48
83989,Brock's Zubat (74),074/132,Common,Grass,40,Basic,,P,F-30,Gym Heroes,2000-10-14,1st Edition,4.16
83989,Brock's Zubat (74),074/132,Common,Grass,40,Basic,,P,F-30,Gym Heroes,2000-10-14,Unlimited,0.99
85284,Erika's Bellsprout (75),075/132,Common,Grass,40,Basic,1,R,,Gym Heroes,2000-10-14,1st Edition,2.83
85284,Erika's Bellsprout (75),075/132,Common,Grass,40,Basic,1,R,,Gym Heroes,2000-10-14,Unlimited,1.29
85285,Erika's Bellsprout (76),076/132,Common,Grass,50,Basic,1,R,,Gym Heroes,2000-10-14,1st Edition,2.47
85285,Erika's Bellsprout (76),076/132,Common,Grass,50,Basic,1,R,,Gym Heroes,2000-10-14,Unlimited,0.76
85287,Erika's Clefable,003/132,Holo Rare,Colorless,70,Stage 1,2,F,P-30,Gym Heroes,2000-10-14,1st Edition Holofoil,93.02
85287,Erika's Clefable,003/132,Holo Rare,Colorless,70,Stage 1,2,F,P-30,Gym Heroes,2000-10-14,Unlimited Holofoil,50.08
85288,Erika's Clefairy,025/132,Rare,Colorless,50,Basic,1,F,P-30,Gym Heroes,2000-10-14,1st Edition,29.81
85288,Erika's Clefairy,025/132,Rare,Colorless,50,Basic,1,F,P-30,Gym Heroes,2000-10-14,Unlimited,16.99
85290,Erika's Dragonair,004/132,Holo Rare,Colorless,80,Stage 1,2,,P-30,Gym Heroes,2000-10-14,1st Edition Holofoil,407.99
85290,Erika's Dragonair,004/132,Holo Rare,Colorless,80,Stage 1,2,,P-30,Gym Heroes,2000-10-14,Unlimited Holofoil,119.72
85291,Erika's Dratini,042/132,Uncommon,Colorless,40,Basic,1,,P-30,Gym Heroes,2000-10-14,1st Edition,17.25
85291,Erika's Dratini,042/132,Uncommon,Colorless,40,Basic,1,,P-30,Gym Heroes,2000-10-14,Unlimited,5.38
85292,Erika's Exeggcute (43),043/132,Uncommon,Grass,50,Basic,1,R,,Gym Heroes,2000-10-14,1st Edition,6.25
85292,Erika's Exeggcute (43),043/132,Uncommon,Grass,50,Basic,1,R,,Gym Heroes,2000-10-14,Unlimited,1.64
85293,Erika's Exeggcute (77),077/132,Common,Grass,40,Basic,1,R,,Gym Heroes,2000-10-14,1st Edition,3.15
85293,Erika's Exeggcute (77),077/132,Common,Grass,40,Basic,1,R,,Gym Heroes,2000-10-14,Unlimited,0.69
85294,Erika's Exeggutor,044/132,Uncommon,Grass,70,Stage 1,2,R,,Gym Heroes,2000-10-14,1st Edition,10.63
85294,Erika's Exeggutor,044/132,Uncommon,Grass,70,Stage 1,2,R,,Gym Heroes,2000-10-14,Unlimited,1.74
85295,Erika's Gloom (45),045/132,Uncommon,Grass,60,Stage 1,1,R,,Gym Heroes,2000-10-14,1st Edition,7.59
85295,Erika's Gloom (45),045/132,Uncommon,Grass,60,Stage 1,1,R,,Gym Heroes,2000-10-14,Unlimited,1.84
85296,Erika's Gloom (46),046/132,Uncommon,Grass,70,Stage 1,1,R,,Gym Heroes,2000-10-14,1st Edition,18.82
85296,Erika's Gloom (46),046/132,Uncommon,Grass,70,Stage 1,1,R,,Gym Heroes,2000-10-14,Unlimited,3.51
85301,Erika's Oddish (47),047/132,Uncommon,Grass,40,Basic,1,R,,Gym Heroes,2000-10-14,1st Edition,8.22
85301,Erika's Oddish (47),047/132,Uncommon,Grass,40,Basic,1,R,,Gym Heroes,2000-10-14,Unlimited,3.32
85303,Erika's Oddish (78),078/132,Common,Grass,50,Basic,1,R,,Gym Heroes,2000-10-14,1st Edition,3.36
85303,Erika's Oddish (78),078/132,Common,Grass,50,Basic,1,R,,Gym Heroes,2000-10-14,Unlimited,0.85
85306,Erika's Tangela,079/132,Common,Grass,60,Basic,2,R,,Gym Heroes,2000-10-14,1st Edition,4.25
85306,Erika's Tangela,079/132,Common,Grass,60,Basic,2,R,,Gym Heroes,2000-10-14,Unlimited,0.92
85308,Erika's Victreebel,026/132,Rare,Grass,80,Stage 2,2,R,,Gym Heroes,2000-10-14,1st Edition,24.71
85308,Erika's Victreebel,026/132,Rare,Grass,80,Stage 2,2,R,,Gym Heroes,2000-10-14,Unlimited,14.16
85309,Erika's Vileplume,005/132,Holo Rare,Grass,80,Stage 2,2,R,,Gym Heroes,2000-10-14,1st Edition Holofoil,84.9
85309,Erika's Vileplume,005/132,Holo Rare,Grass,80,Stage 2,2,R,,Gym Heroes,2000-10-14,Unlimited Holofoil,27.7
85310,Erika's Weepinbell (48),048/132,Uncommon,Grass,60,Stage 1,1,R,,Gym Heroes,2000-10-14,1st Edition,14.03
85310,Erika's Weepinbell (48),048/132,Uncommon,Grass,60,Stage 1,1,R,,Gym Heroes,2000-10-14,Unlimited,5.81
85311,Erika's Weepinbell (49),049/132,Uncommon,Grass,70,Stage 1,2,R,,Gym Heroes,2000-10-14,1st Edition,4.09
85311,Erika's Weepinbell (49),049/132,Uncommon,Grass,70,Stage 1,2,R,,Gym Heroes,2000-10-14,Unlimited,1.61
86851,Lt. Surge's Electabuzz (6),006/132,Holo Rare,Lightning,70,Basic,2,F,,Gym Heroes,2000-10-14,1st Edition Holofoil,99.97
86851,Lt. Surge's Electabuzz (6),006/132,Holo Rare,Lightning,70,Basic,2,F,,Gym Heroes,2000-10-14,Unlimited Holofoil,42.37
86852,Lt. Surge's Electabuzz (27),027/132,Rare,Lightning,60,Basic,2,F,,Gym Heroes,2000-10-14,1st Edition,18.66
86852,Lt. Surge's Electabuzz (27),027/132,Rare,Lightning,60,Basic,2,F,,Gym Heroes,2000-10-14,Unlimited,9.18
86854,Lt. Surge's Fearow,007/132,Holo Rare,Colorless,70,Stage 1,,L,F-30,Gym Heroes,2000-10-14,1st Edition Holofoil,200.0
86854,Lt. Surge's Fearow,007/132,Holo Rare,Colorless,70,Stage 1,,L,F-30,Gym Heroes,2000-10-14,Unlimited Holofoil,40.95
86856,Lt. Surge's Magnemite (50),050/132,Uncommon,Lightning,30,Basic,2,F,,Gym Heroes,2000-10-14,1st Edition,5.79
86856,Lt. Surge's Magnemite (50),050/132,Uncommon,Lightning,30,Basic,2,F,,Gym Heroes,2000-10-14,Unlimited,1.73
86857,Lt. Surge's Magnemite (80),080/132,Common,Lightning,40,Basic,1,F,,Gym Heroes,2000-10-14,1st Edition,4.28
86857,Lt. Surge's Magnemite (80),080/132,Common,Lightning,40,Basic,1,F,,Gym Heroes,2000-10-14,Unlimited,0.88
86858,Lt. Surge's Magneton,008/132,Holo Rare,Lightning,70,Stage 1,2,F,,Gym Heroes,2000-10-14,1st Edition Holofoil,92.63
86858,Lt. Surge's Magneton,008/132,Holo Rare,Lightning,70,Stage 1,2,F,,Gym Heroes,2000-10-14,Unlimited Holofoil,27.36
86859,Lt. Surge's Pikachu,081/132,Common,Lightning,50,Basic,1,F,,Gym Heroes,2000-10-14,1st Edition,28.35
86859,Lt. Surge's Pikachu,081/132,Common,Lightning,50,Basic,1,F,,Gym Heroes,2000-10-14,Unlimited,9.54
86862,Lt. Surge's Raichu,028/132,Rare,Lightning,70,Stage 1,2,F,None,Gym Heroes,2000-10-14,1st Edition,54.62
86862,Lt. Surge's Raichu,028/132,Rare,Lightning,70,Stage 1,2,F,None,Gym Heroes,2000-10-14,Unlimited,24.75
86863,Lt. Surge's Raticate,051/132,Uncommon,Colorless,70,Stage 1,1,F,P-30,Gym Heroes,2000-10-14,1st Edition,5.31
86863,Lt. Surge's Raticate,051/132,Uncommon,Colorless,70,Stage 1,1,F,P-30,Gym Heroes,2000-10-14,Unlimited,1.65
86865,Lt. Surge's Rattata,082/132,Common,Colorless,40,Basic,1,F,P-30,Gym Heroes,2000-10-14,1st Edition,2.66
86865,Lt. Surge's Rattata,082/132,Common,Colorless,40,Basic,1,F,P-30,Gym Heroes,2000-10-14,Unlimited,0.83
86868,Lt. Surge's Spearow (52),052/132,Uncommon,Colorless,30,Basic,,L,F-30,Gym Heroes,2000-10-14,1st Edition,3.5
86868,Lt. Surge's Spearow (52),052/132,Uncommon,Colorless,30,Basic,,L,F-30,Gym Heroes,2000-10-14,Unlimited,1.06
86869,Lt. Surge's Spearow (83),083/132,Common,Colorless,50,Basic,,L,F-30,Gym Heroes,2000-10-14,1st Edition,2.75
86869,Lt. Surge's Spearow (83),083/132,Common,Colorless,50,Basic,,L,F-30,Gym Heroes,2000-10-14,Unlimited,0.9
86871,Lt. Surge's Voltorb,084/132,Common,Lightning,40,Basic,1,F,,Gym Heroes,2000-10-14,1st Edition,2.6
86871,Lt. Surge's Voltorb,084/132,Common,Lightning,40,Basic,1,F,,Gym Heroes,2000-10-14,Unlimited,0.93
87525,Misty's Cloyster,029/132,Rare,Water,60,Stage 1,2,L,,Gym Heroes,2000-10-14,1st Edition,26.88
87525,Misty's Cloyster,029/132,Rare,Water,60,Stage 1,2,L,,Gym Heroes,2000-10-14,Unlimited,14.62
87528,Misty's Goldeen (30),030/132,Rare,Water,30,Basic,,L,,Gym Heroes,2000-10-14,1st Edition,14.03
87528,Misty's Goldeen (30),030/132,Rare,Water,30,Basic,,L,,Gym Heroes,2000-10-14,Unlimited,6.1
87529,Misty's Goldeen (85),085/132,Common,Water,40,Basic,1,L,,Gym Heroes,2000-10-14,1st Edition,2.69
87529,Misty's Goldeen (85),085/132,Common,Water,40,Basic,1,L,,Gym Heroes,2000-10-14,Unlimited,1.66
87532,Misty's Horsea,086/132,Common,Water,40,Basic,,L,,Gym Heroes,2000-10-14,1st Edition,3.37
87532,Misty's Horsea,086/132,Common,Water,40,Basic,,L,,Gym Heroes,2000-10-14,Unlimited,1.43
87535,Misty's Poliwag,087/132,Common,Water,50,Basic,1,G,,Gym Heroes,2000-10-14,1st Edition,3.73
87535,Misty's Poliwag,087/132,Common,Water,50,Basic,1,G,,Gym Heroes,2000-10-14,Unlimited,1.58
87537,Misty's Poliwhirl,053/132,Uncommon,Water,70,Stage 1,2,G,,Gym Heroes,2000-10-14,1st Edition,11.81
87537,Misty's Poliwhirl,053/132,Uncommon,Water,70,Stage 1,2,G,,Gym Heroes,2000-10-14,Unlimited,2.72
87538,Misty's Poliwrath,031/132,Rare,Water,90,Stage 2,3,G,,Gym Heroes,2000-10-14,1st Edition,37.41
87538,Misty's Poliwrath,031/132,Rare,Water,90,Stage 2,3,G,,Gym Heroes,2000-10-14,Unlimited,14.28
87539,Misty's Psyduck,054/132,Uncommon,Water,50,Basic,1,G,,Gym Heroes,2000-10-14,1st Edition,34.2
87539,Misty's Psyduck,054/132,Uncommon,Water,50,Basic,1,G,,Gym Heroes,2000-10-14,Unlimited,11.51
87541,Misty's Seadra,009/132,Holo Rare,Water,70,Stage 1,1,L,,Gym Heroes,2000-10-14,1st Edition Holofoil,137.05
87541,Misty's Seadra,009/132,Holo Rare,Water,70,Stage 1,1,L,,Gym Heroes,2000-10-14,Unlimited Holofoil,38.05
87542,Misty's Seaking,055/132,Uncommon,Water,70,Stage 1,1,L,,Gym Heroes,2000-10-14,1st Edition,7.1
87542,Misty's Seaking,055/132,Uncommon,Water,70,Stage 1,1,L,,Gym Heroes,2000-10-14,Unlimited,2.68
87543,Misty's Seel,088/132,Common,Water,60,Basic,1,L,,Gym Heroes,2000-10-14,1st Edition,3.5
87543,Misty's Seel,088/132,Common,Water,60,Basic,1,L,,Gym Heroes,2000-10-14,Unlimited,1.01
87545,Misty's Shellder,089/132,Common,Water,40,Basic,1,L,,Gym Heroes,2000-10-14,1st Edition,3.3
87545,Misty's Shellder,089/132,Common,Water,40,Basic,1,L,,Gym Heroes,2000-10-14,Unlimited,1.44
87546,Misty's Starmie,056/132,Uncommon,Water,80,Stage 1,2,L,,Gym Heroes,2000-10-14,1st Edition,11.43
87546,Misty's Starmie,056/132,Uncommon,Water,80,Stage 1,2,L,,Gym Heroes,2000-10-14,Unlimited,4.34
87547,Misty's Staryu,090/132,Common,Water,50,Basic,1,L,,Gym Heroes,2000-10-14,1st Edition,3.73
87547,Misty's Staryu,090/132,Common,Water,50,Basic,1,L,,Gym Heroes,2000-10-14,Unlimited,2.1
87550,Misty's Tentacool (32),032/132,Rare,Water,40,Basic,,L,,Gym Heroes,2000-10-14,1st Edition,16.41
87550,Misty's Tentacool (32),032/132,Rare,Water,40,Basic,,L,,Gym Heroes,2000-10-14,Unlimited,10.22
87551,Misty's Tentacool (57),057/132,Uncommon,Water,50,Basic,1,L,,Gym Heroes,2000-10-14,1st Edition,13.72
87551,Misty's Tentacool (57),057/132,Uncommon,Water,50,Basic,1,L,,Gym Heroes,2000-10-14,Unlimited,2.48
87552,Misty's Tentacruel,010/132,Holo Rare,Water,70,Stage 1,,L,,Gym Heroes,2000-10-14,1st Edition Holofoil,89.99
87552,Misty's Tentacruel,010/132,Holo Rare,Water,70,Stage 1,,L,,Gym Heroes,2000-10-14,Unlimited Holofoil,27.78
88773,Rocket's Hitmonchan,011/132,Holo Rare,Fighting,60,Basic,1,P,,Gym Heroes,2000-10-14,1st Edition Holofoil,136.97
88773,Rocket's Hitmonchan,011/132,Holo Rare,Fighting,60,Basic,1,P,,Gym Heroes,2000-10-14,Unlimited Holofoil,56.34
88781,Rocket's Moltres,012/132,Holo Rare,Fire,60,Basic,2,,F-30,Gym Heroes,2000-10-14,1st Edition Holofoil,229.3
88781,Rocket's Moltres,012/132,Holo Rare,Fire,60,Basic,2,,F-30,Gym Heroes,2000-10-14,Unlimited Holofoil,79.68
88788,Rocket's Scyther,013/132,Holo Rare,Grass,60,Basic,1,R,F-30,Gym Heroes,2000-10-14,1st Edition Holofoil,209.35
88788,Rocket's Scyther,013/132,Holo Rare,Grass,60,Basic,1,R,F-30,Gym Heroes,2000-10-14,Unlimited Holofoil,87.26
88795,Rocket's Snorlax,033/132,Rare,Colorless,90,Basic,4,F,P-30,Gym Heroes,2000-10-14,1st Edition,173.78
88795,Rocket's Snorlax,033/132,Rare,Colorless,90,Basic,4,F,P-30,Gym Heroes,2000-10-14,Unlimited,60.47
88863,Sabrina's Abra,091/132,Common,Psychic,40,Basic,,P,,Gym Heroes,2000-10-14,1st Edition,5.77
88863,Sabrina's Abra,091/132,Common,Psychic,40,Basic,,P,,Gym Heroes,2000-10-14,Unlimited,1.74
88867,Sabrina's Drowzee,092/132,Common,Psychic,50,Basic,1,P,,Gym Heroes,2000-10-14,1st Edition,4.81
88867,Sabrina's Drowzee,092/132,Common,Psychic,50,Basic,1,P,,Gym Heroes,2000-10-14,Unlimited,1.64
88870,Sabrina's Gastly,093/132,Common,Psychic,50,Basic,1,,F-30,Gym Heroes,2000-10-14,1st Edition,12.48
88870,Sabrina's Gastly,093/132,Common,Psychic,50,Basic,1,,F-30,Gym Heroes,2000-10-14,Unlimited,2.52
88874,Sabrina's Gengar,014/132,Holo Rare,Psychic,80,Stage 2,1,,F-30,Gym Heroes,2000-10-14,1st Edition Holofoil,549.5
88874,Sabrina's Gengar,014/132,Holo Rare,Psychic,80,Stage 2,1,,F-30,Gym Heroes,2000-10-14,Unlimited Holofoil,465.16
88878,Sabrina's Haunter,058/132,Uncommon,Psychic,50,Stage 1,,,F-30,Gym Heroes,2000-10-14,1st Edition,60.6
88878,Sabrina's Haunter,058/132,Uncommon,Psychic,50,Stage 1,,,F-30,Gym Heroes,2000-10-14,Unlimited,22.6
88881,Sabrina's Jynx,059/132,Uncommon,Psychic,60,Basic,1,P,,Gym Heroes,2000-10-14,1st Edition,8.01
88881,Sabrina's Jynx,059/132,Uncommon,Psychic,60,Basic,1,P,,Gym Heroes,2000-10-14,Unlimited,4.26
88884,Sabrina's Mr. Mime,094/132,Common,Psychic,50,Basic,1,P,,Gym Heroes,2000-10-14,1st Edition,6.04
88884,Sabrina's Mr. Mime,094/132,Common,Psychic,50,Basic,1,P,,Gym Heroes,2000-10-14,Unlimited,1.87
88888,Sabrina's Slowbro,060/132,Uncommon,Psychic,70,Stage 1,2,P,,Gym Heroes,2000-10-14,1st Edition,17.96
88888,Sabrina's Slowbro,060/132,Uncommon,Psychic,70,Stage 1,2,P,,Gym Heroes,2000-10-14,Unlimited,5.72
88889,Sabrina's Slowpoke,095/132,Common,Psychic,50,Basic,1,P,,Gym Heroes,2000-10-14,1st Edition,7.55
88889,Sabrina's Slowpoke,095/132,Common,Psychic,50,Basic,1,P,,Gym Heroes,2000-10-14,Unlimited,3.03
88890,Sabrina's Venomoth,034/132,Rare,Grass,60,Stage 1,2,R,F-30,Gym Heroes,2000-10-14,1st Edition,13.4
88890,Sabrina's Venomoth,034/132,Rare,Grass,60,Stage 1,2,R,F-30,Gym Heroes,2000-10-14,Unlimited,8.04
88891,Sabrina's Venonat,096/132,Common,Grass,40,Basic,1,R,,Gym Heroes,2000-10-14,1st Edition,5.16
88891,Sabrina's Venonat,096/132,Common,Grass,40,Basic,1,R,,Gym Heroes,2000-10-14,Unlimited,1.4
654594,Meganium - 001,001,Promo,Grass,160,Stage 2,2,Rx2,,ME: Mega Evolution Promo,2025-09-26,Holofoil,28.85
654596,Inteleon - 002,002,Promo,Water,150,Stage 2,1,Lx2,,ME: Mega Evolution Promo,2025-09-26,Normal,12.62
654597,Alakazam - 003,003,Promo,Psychic,140,Stage 2,1,Dx2,F-30,ME: Mega Evolution Promo,2025-09-26,Holofoil,20.28
654598,Lunatone - 004,004,Promo,Fighting,110,Basic,1,Gx2,,ME: Mega Evolution Promo,2025-09-26,Normal,19.21
656255,Drifloon - 005 (Cosmos Holo),005,Promo,Psychic,70,Basic,1,Dx2,F-30,ME: Mega Evolution Promo,2025-09-26,Holofoil,3.56
656256,Drifblim - 006 (Cosmos Holo),006,Promo,Psychic,110,Stage 1,1,Dx2,F-30,ME: Mega Evolution Promo,2025-09-26,Holofoil,2.04
656257,Psyduck - 007,007,Promo,Water,70,Basic,1,Lx2,,ME: Mega Evolution Promo,2025-09-26,Holofoil,8.93
656258,Golduck - 008,008,Promo,Water,120,Stage 1,1,Lx2,,ME: Mega Evolution Promo,2025-09-26,Holofoil,1.14
656259,Alakazam - 009,009,Promo,Psychic,140,Stage 2,1,Dx2,F-30,ME: Mega Evolution Promo,2025-09-26,Holofoil,7.67
656260,Riolu - 010,010,Promo,Fighting,80,Basic,2,Px2,,ME: Mega Evolution Promo,2025-09-26,Holofoil,9.29
656261,Alakazam - 009 (Pokemon Center Exclusive),009,Promo,Psychic,140,Stage 2,1,Dx2,F-30,ME: Mega Evolution Promo,2025-09-26,Holofoil,74.22
656262,Riolu - 010 (Pokemon Center Exclusive),010,Promo,Fighting,80,Basic,2,Px2,,ME: Mega Evolution Promo,2025-09-26,Holofoil,66.54
656385,Alakazam - 003 [Staff],003,Promo,Psychic,140,Stage 2,1,Dx2,F-30,ME: Mega Evolution Promo,2025-09-26,Holofoil,169.9
656800,Meganium - 001 [Staff],001,Promo,Grass,160,Stage 2,2,Rx2,,ME: Mega Evolution Promo,2025-09-26,Holofoil,110.49
656802,Inteleon - 002 [Staff],002,Promo,Water,150,Stage 2,1,Lx2,,ME: Mega Evolution Promo,2025-09-26,Holofoil,37.37
656825,Lunatone - 004 [Staff],004,Promo,Fighting,110,Basic,1,Gx2,,ME: Mega Evolution Promo,2025-09-26,Holofoil,65.41
657846,Mega Latias ex - 011,011,Promo,Dragon,280,Basic,1,,,ME: Mega Evolution Promo,2025-09-26,Holofoil,0.83
659231,Meloetta - 026,026,Illustration Rare,Psychic,90,Basic,1,Dx2,F-30,ME: Mega Evolution Promo,2025-09-26,Holofoil,17.16
659232,Haunter  - 027,027,Illustration Rare,Darkness,100,Stage 1,1,Fx2,,ME: Mega Evolution Promo,2025-09-26,Holofoil,49.08
659612,Mega Charizard X ex - 023,023,Promo,Fire,360,Stage 2,2,Wx2,,ME: Mega Evolution Promo,2025-09-26,Holofoil,32.8
663177,Mega Lucario ex - 012,012,Promo,Fighting,340,Stage 1,2,Px2,,ME: Mega Evolution Promo,2025-09-26,Holofoil,1.65
663187,Ceruledge - 014,014,Promo,Fire,140,Stage 1,2,Wx2,,ME: Mega Evolution Promo,2025-09-26,Holofoil,13.94
663188,Ceruledge - 014 [Staff],014,Promo,Fire,140,Stage 1,2,Wx2,,ME: Mega Evolution Promo,2025-09-26,Holofoil,87.92
663189,Zacian - 015,015,Promo,Psychic,130,Basic,2,Mx2,,ME: Mega Evolution Promo,2025-09-26,Holofoil,11.13
663190,Zacian - 015 [Staff],015,Promo,Psychic,130,Basic,2,Mx2,,ME: Mega Evolution Promo,2025-09-26,Holofoil,31.82
663191,Flygon - 016,016,Promo,Fighting,150,Stage 2,1,Gx2,,ME: Mega Evolution Promo,2025-09-26,Holofoil,9.04
663192,Flygon - 016 [Staff],016,Promo,Fighting,150,Stage 2,1,Gx2,,ME: Mega Evolution Promo,2025-09-26,Holofoil,40.81
663193,Toxtricity (Prerelease),017,Promo,Darkness,140,Stage 1,2,Fx2,,ME: Mega Evolution Promo,2025-09-26,Holofoil,10.88
663194,Toxtricity - 017 [Staff],017,Promo,Darkness,140,Stage 1,2,Fx2,,ME: Mega Evolution Promo,2025-09-26,Holofoil,39.99
664010,Oricorio ex - 024,024,Promo,Fire,190,Basic,1,Wx2,,ME: Mega Evolution Promo,2025-09-26,Holofoil,10.03
664051,Cottonee (Cosmos Holo),018,Promo,Psychic,60,Basic,1,Mx2,,ME: Mega Evolution Promo,2025-09-26,Holofoil,0.3
664054,Whimsicott (Cosmos Holo),019,Promo,Psychic,90,Stage 1,1,Mx2,,ME: Mega Evolution Promo,2025-09-26,Holofoil,0.33
664055,Sneasel (Cosmos Holo),020,Promo,Darkness,70,Basic,1,Gx2,,ME: Mega Evolution Promo,2025-09-26,Holofoil,0.31
664063,Weavile (Cosmos Holo),021,Holo Rare,Darkness,90,Stage 1,1,Gx2,,ME: Mega Evolution Promo,2025-09-26,Holofoil,0.37
665053,Charcadet - 022 (Pokemon Center Exclusive),022,Promo,Fire,70,Basic,2,Wx2,,ME: Mega Evolution Promo,2025-09-26,Holofoil,44.74
666538,Charcadet - 022,022,Promo,Fire,70,Basic,2,Wx2,,ME: Mega Evolution Promo,2025-09-26,Holofoil,2.56
666905,Mega Venusaur ex - 013,013,Promo,Grass,380,Stage 2,4,Rx2,,ME: Mega Evolution Promo,2025-09-26,Holofoil,1.03
668509,Mega Kangaskhan ex - 025,025,Promo,Colorless,300,Basic,3,Fx2,,ME: Mega Evolution Promo,2025-09-26,Holofoil,0.98
680480,N's Zekrom - 031,031,Promo,Dragon,130,Basic,2,,,ME: Mega Evolution Promo,2025-09-26,Holofoil,7.24
680481,N's Zekrom - 031 (Pokemon Center Exclusive),031,Promo,Dragon,130,Basic,2,,,ME: Mega Evolution Promo,2025-09-26,Holofoil,67.98
680639,Mega Charizard X ex - 029,029,Promo,Fire,360,Stage 2,2,Wx2,,ME: Mega Evolution Promo,2025-09-26,Holofoil,5.51
680640,Mega Charizard Y ex - 030,030,Promo,Fire,360,Stage 2,1,Wx2,,ME: Mega Evolution Promo,2025-09-26,Holofoil,5.23
684461,Bulbasaur - 037,037,Promo,Grass,80,Basic,2,Rx2,,ME: Mega Evolution Promo,2025-09-26,Holofoil,27.25
684462,Charmander - 038,038,Promo,Fire,80,Basic,2,Wx2,,ME: Mega Evolution Promo,2025-09-26,Holofoil,37.45
684463,Squirtle - 039,039,Promo,Water,80,Basic,2,Lx2,,ME: Mega Evolution Promo,2025-09-26,Holofoil,28.08
684464,Turtwig - 040,040,Promo,Grass,90,Basic,3,Rx2,,ME: Mega Evolution Promo,2025-09-26,Holofoil,6.26
684465,Chimchar - 041,041,Promo,Fire,60,Basic,1,Wx2,,ME: Mega Evolution Promo,2025-09-26,Holofoil,6.59
684466,Piplup - 042,042,Promo,Water,70,Basic,1,Lx2,,ME: Mega Evolution Promo,2025-09-26,Holofoil,12.0
684467,Rowlet - 043,043,Promo,Grass,70,Basic,1,Rx2,,ME: Mega Evolution Promo,2025-09-26,Holofoil,6.25
684468,Litten - 044,044,Promo,Fire,70,Basic,1,Wx2,,ME: Mega Evolution Promo,2025-09-26,Holofoil,5.91
684469,Popplio - 045,045,Promo,Water,70,Basic,1,Lx2,,ME: Mega Evolution Promo,2025-09-26,Holofoil,5.49
685494,Serperior - 064,064,Promo,Grass,160,Stage 2,2,Rx2,None,ME: Mega Evolution Promo,2025-09-26,Holofoil,7.9
685495,Barbaracle - 065,065,Promo,Fighting,130,Stage 1,2,Gx2,None,ME: Mega Evolution Promo,2025-09-26,Holofoil,6.59
685496,Tyrantrum - 066,066,Promo,Fighting,180,Stage 2,3,Gx2,None,ME: Mega Evolution Promo,2025-09-26,Holofoil,15.11
685497,Doublade - 067,067,Promo,Metal,100,Stage 1,2,Rx2,G-30,ME: Mega Evolution Promo,2025-09-26,Holofoil,7.01
685498,Serperior - 064 [Staff],064,Promo,Grass,160,Stage 2,2,Rx2,None,ME: Mega Evolution Promo,2025-09-26,Holofoil,28.78
685499,Barbaracle - 065 [Staff],065,Promo,Fighting,130,Stage 1,2,Gx2,None,ME: Mega Evolution Promo,2025-09-26,Holofoil,17.66
685500,Tyrantrum - 066 [Staff],066,Promo,Fighting,180,Stage 2,3,Gx2,None,ME: Mega Evolution Promo,2025-09-26,Holofoil,47.29
685501,Doublade - 067 [Staff],067,Promo,Metal,100,Stage 1,2,Rx2,G-30,ME: Mega Evolution Promo,2025-09-26,Holofoil,20.76
685510,Mega Gardevoir ex - 032,032,Promo,Psychic,360,Stage 2,2,Dx2,F-30,ME: Mega Evolution Promo,2025-09-26,Holofoil,6.65
685511,Mega Lucario ex - 033,033,Promo,Fighting,340,Stage 1,2,Px2,,ME: Mega Evolution Promo,2025-09-26,Holofoil,11.15
685562,Tyrunt - 070,070,Promo,Fighting,100,,3,Gx2,,ME: Mega Evolution Promo,2025-09-26,Holofoil,2.55
685563,Tyrunt - 070 (Pokemon Center Exclusive),070,Promo,Fighting,100,,3,Gx2,,ME: Mega Evolution Promo,2025-09-26,Holofoil,29.36
686275,Makuhita - 068,068,Promo,Fighting,80,Basic,2,Px2,,ME: Mega Evolution Promo,2025-09-26,Holofoil,0.24
686342,Chikorita (Cosmos Holo),069,Promo,Grass,70,Basic,1,Rx2,None,ME: Mega Evolution Promo,2025-09-26,Holofoil,0.4
692118,Mega Feraligatr ex - 036,036,Promo,Water,370,Stage 2,3,Lx2,,ME: Mega Evolution Promo,2025-09-26,Holofoil,0.74
692119,Mega Emboar ex - 035,035,Promo,Fire,380,Stage 2,4,Wx2,,ME: Mega Evolution Promo,2025-09-26,Holofoil,0.61
692120,Mega Meganium ex - 034,034,Promo,Grass,360,Stage 2,2,Rx2,,ME: Mega Evolution Promo,2025-09-26,Holofoil,0.59
694679,Delphox - 074,074,Promo,Fire,160,Stage 2,2,Wx2,None,ME: Mega Evolution Promo,2025-09-26,Holofoil,9.17
694680,Delphox - 074 [Staff],074,Promo,Fire,160,Stage 2,2,Wx2,None,ME: Mega Evolution Promo,2025-09-26,Holofoil,26.54
694681,Ampharos - 075,075,Promo,Lightning,160,Stage 2,2,Fx2,None,ME: Mega Evolution Promo,2025-09-26,Holofoil,10.86
694682,Ampharos - 075 [Staff],075,Promo,Lightning,160,Stage 2,2,Fx2,None,ME: Mega Evolution Promo,2025-09-26,Holofoil,73.5
694686,Crobat - 076,076,Promo,Darkness,130,Stage 2,1,Lx2,F-30,ME: Mega Evolution Promo,2025-09-26,Holofoil,12.54
694687,Crobat - 076 [Staff],076,Promo,Darkness,130,Stage 2,1,Lx2,F-30,ME: Mega Evolution Promo,2025-09-26,Holofoil,34.63
694688,Goodra - 077,077,Promo,Dragon,160,Stage 2,3,None,None,ME: Mega Evolution Promo,2025-09-26,Holofoil,9.74
694689,Goodra - 077 [Staff],077,Promo,Dragon,160,Stage 2,3,None,None,ME: Mega Evolution Promo,2025-09-26,Holofoil,22.86
694692,Toxel - 078 (Cosmos Holo),078,Promo,Darkness,70,Basic,1,Fx2,None,ME: Mega Evolution Promo,2025-09-26,Holofoil,0.28
694693,Charmeleon - 079 (Cosmos Holo),079,Promo,Fire,110,Stage 1,2,Wx2,None,ME: Mega Evolution Promo,2025-09-26,Holofoil,0.76
694694,Fennekin - 080,080,Promo,Fire,70,Basic,1,Wx2,,ME: Mega Evolution Promo,2025-09-26,Holofoil,1.99
694695,Fennekin - 080 (Pokemon Center Exclusive),080,Promo,Fire,70,Basic,1,Wx2,,ME: Mega Evolution Promo,2025-09-26,Holofoil,35.67
695311,Mega Zygarde ex - 071,071,Promo,Fighting,310,Basic,2,Gx2,,ME: Mega Evolution Promo,2025-09-26,Holofoil,0.56
696607,Mega Clefable ex - 072,072,Promo,Psychic,320,Stage 1,1,Mx2,,ME: Mega Evolution Promo,2025-09-26,Holofoil,0.85
696608,Mega Gengar ex - 073,073,Promo,Darkness,350,Stage 2,2,Fx2,,ME: Mega Evolution Promo,2025-09-26,Holofoil,4.79
699870,Chikorita - 046,046,Promo,Grass,70,Basic,1,Rx2,,ME: Mega Evolution Promo,2025-09-26,Holofoil,5.67
699871,Cyndaquil - 047,047,Promo,Fire,70,Basic,1,Wx2,,ME: Mega Evolution Promo,2025-09-26,Holofoil,7.71
699872,Totodile - 048,048,Promo,Water,80,Basic,2,Lx2,,ME: Mega Evolution Promo,2025-09-26,Holofoil,11.83
699873,Snivy - 049,049,Promo,Grass,60,Basic,1,Rx2,,ME: Mega Evolution Promo,2025-09-26,Holofoil,3.73
699874,Tepig - 050,050,Promo,Fire,80,Basic,2,Wx2,,ME: Mega Evolution Promo,2025-09-26,Holofoil,3.66
699875,Oshawott - 051,051,Promo,Water,70,Basic,1,Lx2,,ME: Mega Evolution Promo,2025-09-26,Holofoil,4.76
699876,Grookey - 052,052,Promo,Grass,70,Basic,1,Rx2,,ME: Mega Evolution Promo,2025-09-26,Holofoil,3.67
699877,Scorbunny - 053,053,Promo,Fire,70,Basic,1,Wx2,,ME: Mega Evolution Promo,2025-09-26,Holofoil,4.02
699878,Sobble - 054,054,Promo,Water,70,Basic,1,Lx2,,ME: Mega Evolution Promo,2025-09-26,Holofoil,2.79
704879,Mega Greninja ex - 081,081,Promo,Water,350,Stage 2,1,Lx2,,ME: Mega Evolution Promo,2025-09-26,Holofoil,0.99
706129,Slowbro - 083 (Pitch Black Stamped),083,Promo,Psychic,130,Stage 1,3,Dx2,F-30,ME: Mega Evolution Promo,2025-09-26,Holofoil,18.54
706130,Slowpoke - 086 (Cosmos Holo),086,Promo,Psychic,70,Basic,2,Dx2,F-30,ME: Mega Evolution Promo,2025-09-26,Holofoil,1.55
706131,Binacle - 087 (Cosmos Holo),087,Promo,Fighting,80,Basic,2,Gx2,,ME: Mega Evolution Promo,2025-09-26,Holofoil,0.22
706133,Bastiodon - 085 (Pitch Black Stamped),085,Promo,Metal,160,Stage 2,4,Rx2,G-30,ME: Mega Evolution Promo,2025-09-26,Holofoil,8.31
706135,Miraidon - 082 (Pitch Black Stamped),082,Promo,Lightning,120,Basic,1,Fx2,,ME: Mega Evolution Promo,2025-09-26,Holofoil,7.38
706137,Dhelmise - 084 (Prerelease),084,Promo,Psychic,140,Basic,3,Dx2,F-30,ME: Mega Evolution Promo,2025-09-26,Holofoil,12.54
706193,Zarude - 088,088,Promo,Darkness,130,Basic,2,Gx2,,ME: Mega Evolution Promo,2025-09-26,Holofoil,0.88
706199,Zarude - 088 (Pokemon Center Exclusive),088,Promo,Darkness,130,Basic,2,Gx2,,ME: Mega Evolution Promo,2025-09-26,Holofoil,25.43
707534,Miraidon - 082 [Staff],082,Promo,Lightning,120,Basic,1,Fx2,,ME: Mega Evolution Promo,2025-09-26,Holofoil,14.82
707701,Slowbro - 083 [Staff],083,Promo,Psychic,130,Stage 1,3,Dx2,F-30,ME: Mega Evolution Promo,2025-09-26,Holofoil,72.86
707702,Bastiodon - 085 [Staff],085,Promo,Metal,160,Stage 2,4,Rx2,G-30,ME: Mega Evolution Promo,2025-09-26,Holofoil,18.1
707703,Dhelmise - 084 [Staff],084,Promo,Psychic,140,Basic,3,Dx2,F-30,ME: Mega Evolution Promo,2025-09-26,Holofoil,18.77
709969,Treecko -  055,055,Promo,Grass,70,Basic,1,Rx2,None,ME: Mega Evolution Promo,2025-09-26,Holofoil,8.22
709970,Torchic -  056,056,Promo,Fire,60,Basic,1,Wx2,None,ME: Mega Evolution Promo,2025-09-26,Holofoil,8.67
709971,Mudkip -  057,057,Promo,Water,70,Basic,1,Lx2,None,ME: Mega Evolution Promo,2025-09-26,Holofoil,17.57
709972,Chespin -  058,058,Promo,Grass,70,Basic,2,Rx2,None,ME: Mega Evolution Promo,2025-09-26,Holofoil,3.69
709973,Fennekin -  059,059,Promo,Fire,70,Basic,1,Wx2,None,ME: Mega Evolution Promo,2025-09-26,Holofoil,5.11
709974,Froakie -  060,060,Promo,Water,70,Basic,1,Lx2,None,ME: Mega Evolution Promo,2025-09-26,Holofoil,8.3
709975,Sprigatito -  061,061,Promo,Grass,70,Basic,1,Rx2,None,ME: Mega Evolution Promo,2025-09-26,Holofoil,8.3
709976,Fuecoco -  062,062,Promo,Fire,90,Basic,3,Wx2,None,ME: Mega Evolution Promo,2025-09-26,Holofoil,7.53
709977,Quaxly -  063,063,Promo,Water,70,Basic,1,Lx2,None,ME: Mega Evolution Promo,2025-09-26,Holofoil,4.65
712963,Pikachu - 093,093,Promo,Lightning,70,Basic,1,Fx2,,ME: Mega Evolution Promo,2025-09-26,Normal,13.44
83860,Blaine's Arcanine,001/132,Holo Rare,Fire,90,Stage 1,3,W,,Gym Challenge,2000-10-16,1st Edition Holofoil,386.48
83860,Blaine's Arcanine,001/132,Holo Rare,Fire,90,Stage 1,3,W,,Gym Challenge,2000-10-16,Unlimited Holofoil,99.37
83861,Blaine's Charizard,002/132,Holo Rare,Fire,100,Stage 2,3,W,F-30,Gym Challenge,2000-10-16,1st Edition Holofoil,699.99
83861,Blaine's Charizard,002/132,Holo Rare,Fire,100,Stage 2,3,W,F-30,Gym Challenge,2000-10-16,Unlimited Holofoil,599.41
83863,Blaine's Charmander,060/132,Common,Fire,50,Basic,1,W,,Gym Challenge,2000-10-16,1st Edition,26.32
83863,Blaine's Charmander,060/132,Common,Fire,50,Basic,1,W,,Gym Challenge,2000-10-16,Unlimited,3.86
83864,Blaine's Charmeleon,031/132,Uncommon,Fire,70,Stage 1,2,W,,Gym Challenge,2000-10-16,1st Edition,20.13
83864,Blaine's Charmeleon,031/132,Uncommon,Fire,70,Stage 1,2,W,,Gym Challenge,2000-10-16,Unlimited,4.9
83865,Blaine's Dodrio,032/132,Uncommon,Colorless,70,Stage 1,1,L,F-30,Gym Challenge,2000-10-16,1st Edition,5.21
83865,Blaine's Dodrio,032/132,Uncommon,Colorless,70,Stage 1,1,L,F-30,Gym Challenge,2000-10-16,Unlimited,1.92
83866,Blaine's Doduo,061/132,Common,Colorless,50,Basic,,L,F-30,Gym Challenge,2000-10-16,1st Edition,2.12
83866,Blaine's Doduo,061/132,Common,Colorless,50,Basic,,L,F-30,Gym Challenge,2000-10-16,Unlimited,0.7
83870,Blaine's Growlithe,062/132,Common,Fire,60,Basic,1,W,,Gym Challenge,2000-10-16,1st Edition,11.72
83870,Blaine's Growlithe,062/132,Common,Fire,60,Basic,1,W,,Gym Challenge,2000-10-16,Unlimited,2.92
83874,Blaine's Mankey,063/132,Common,Fighting,40,Basic,,P,,Gym Challenge,2000-10-16,1st Edition,3.28
83874,Blaine's Mankey,063/132,Common,Fighting,40,Basic,,P,,Gym Challenge,2000-10-16,Unlimited,1.26
83876,Blaine's Ninetales,021/132,Rare,Fire,60,Stage 1,2,W,,Gym Challenge,2000-10-16,1st Edition,50.75
83876,Blaine's Ninetales,021/132,Rare,Fire,60,Stage 1,2,W,,Gym Challenge,2000-10-16,Unlimited,22.43
83878,Blaine's Ponyta,064/132,Common,Fire,50,Basic,1,W,,Gym Challenge,2000-10-16,1st Edition,2.84
83878,Blaine's Ponyta,064/132,Common,Fire,50,Basic,1,W,,Gym Challenge,2000-10-16,Unlimited,1.12
83882,Blaine's Rapidash,033/132,Uncommon,Fire,70,Stage 1,,W,,Gym Challenge,2000-10-16,1st Edition,6.93
83882,Blaine's Rapidash,033/132,Uncommon,Fire,70,Stage 1,,W,,Gym Challenge,2000-10-16,Unlimited,2.93
83883,Blaine's Rhyhorn,065/132,Common,Fighting,60,Basic,2,G,L-30,Gym Challenge,2000-10-16,1st Edition,2.67
83883,Blaine's Rhyhorn,065/132,Common,Fighting,60,Basic,2,G,L-30,Gym Challenge,2000-10-16,Unlimited,1.18
83886,Blaine's Vulpix,066/132,Common,Fire,50,Basic,1,W,,Gym Challenge,2000-10-16,1st Edition,5.94
83886,Blaine's Vulpix,066/132,Common,Fire,50,Basic,1,W,,Gym Challenge,2000-10-16,Unlimited,2.11
83961,Brock's Diglett,067/132,Common,Fighting,40,Basic,1,G,L-30,Gym Challenge,2000-10-16,1st Edition,2.55
83961,Brock's Diglett,067/132,Common,Fighting,40,Basic,1,G,L-30,Gym Challenge,2000-10-16,Unlimited,1.83
83962,Brock's Dugtrio,022/132,Rare,Fighting,60,Stage 1,1,G,L-30,Gym Challenge,2000-10-16,1st Edition,19.46
83962,Brock's Dugtrio,022/132,Rare,Fighting,60,Stage 1,1,G,L-30,Gym Challenge,2000-10-16,Unlimited,9.51
83965,Brock's Geodude,068/132,Common,Fighting,50,Basic,1,G,,Gym Challenge,2000-10-16,1st Edition,3.42
83965,Brock's Geodude,068/132,Common,Fighting,50,Basic,1,G,,Gym Challenge,2000-10-16,Unlimited,1.28
83968,Brock's Graveler,034/132,Uncommon,Fighting,70,Stage 1,2,G,,Gym Challenge,2000-10-16,1st Edition,4.55
83968,Brock's Graveler,034/132,Uncommon,Fighting,70,Stage 1,2,G,,Gym Challenge,2000-10-16,Unlimited,2.74
83973,Brock's Ninetales,003/132,Holo Rare,Fire,70,Stage 1,1,W,,Gym Challenge,2000-10-16,1st Edition Holofoil,145.0
83973,Brock's Ninetales,003/132,Holo Rare,Fire,70,Stage 1,1,W,,Gym Challenge,2000-10-16,Unlimited Holofoil,79.4
83976,Brock's Primeape,035/132,Uncommon,Fighting,70,Stage 1,1,P,,Gym Challenge,2000-10-16,1st Edition,7.01
83976,Brock's Primeape,035/132,Uncommon,Fighting,70,Stage 1,1,P,,Gym Challenge,2000-10-16,Unlimited,3.62
83984,Brock's Sandslash,036/132,Uncommon,Fighting,70,Stage 1,1,G,L-30,Gym Challenge,2000-10-16,1st Edition,8.27
83984,Brock's Sandslash,036/132,Uncommon,Fighting,70,Stage 1,1,G,L-30,Gym Challenge,2000-10-16,Unlimited,3.57
83986,Brock's Vulpix,037/132,Uncommon,Fire,50,Basic,1,W,,Gym Challenge,2000-10-16,1st Edition,16.81
83986,Brock's Vulpix,037/132,Uncommon,Fire,50,Basic,1,W,,Gym Challenge,2000-10-16,Unlimited,7.03
85283,Erika's Bellsprout,038/132,Uncommon,Grass,40,Basic,1,R,,Gym Challenge,2000-10-16,1st Edition,4.56
85283,Erika's Bellsprout,038/132,Uncommon,Grass,40,Basic,1,R,,Gym Challenge,2000-10-16,Unlimited,2.6
85286,Erika's Bulbasaur,039/132,Uncommon,Grass,50,Basic,1,R,,Gym Challenge,2000-10-16,1st Edition,40.87
85286,Erika's Bulbasaur,039/132,Uncommon,Grass,50,Basic,1,R,,Gym Challenge,2000-10-16,Unlimited,13.21
85289,Erika's Clefairy,040/132,Uncommon,Colorless,50,Basic,1,F,P-30,Gym Challenge,2000-10-16,1st Edition,21.54
85289,Erika's Clefairy,040/132,Uncommon,Colorless,50,Basic,1,F,P-30,Gym Challenge,2000-10-16,Unlimited,12.62
85297,Erika's Ivysaur,041/132,Uncommon,Grass,60,Stage 1,2,R,,Gym Challenge,2000-10-16,1st Edition,31.82
85297,Erika's Ivysaur,041/132,Uncommon,Grass,60,Stage 1,2,R,,Gym Challenge,2000-10-16,Unlimited,18.0
85298,Erika's Jigglypuff,069/132,Common,Colorless,50,Basic,1,F,P-30,Gym Challenge,2000-10-16,1st Edition,17.37
85298,Erika's Jigglypuff,069/132,Common,Colorless,50,Basic,1,F,P-30,Gym Challenge,2000-10-16,Unlimited,2.84
85302,Erika's Oddish,070/132,Common,Grass,40,Basic,1,R,,Gym Challenge,2000-10-16,1st Edition,5.11
85302,Erika's Oddish,070/132,Common,Grass,40,Basic,1,R,,Gym Challenge,2000-10-16,Unlimited,2.22
85304,Erika's Paras,071/132,Common,Grass,50,Basic,1,R,,Gym Challenge,2000-10-16,1st Edition,2.59
85304,Erika's Paras,071/132,Common,Grass,50,Basic,1,R,,Gym Challenge,2000-10-16,Unlimited,1.15
85307,Erika's Venusaur,004/132,Holo Rare,Grass,90,Stage 2,2,R,,Gym Challenge,2000-10-16,1st Edition Holofoil,314.48
85307,Erika's Venusaur,004/132,Holo Rare,Grass,90,Stage 2,2,R,,Gym Challenge,2000-10-16,Unlimited Holofoil,176.93
85710,Giovanni's Gyarados,005/132,Holo Rare,Water,90,Stage 1,3,G,F-30,Gym Challenge,2000-10-16,1st Edition Holofoil,321.99
85710,Giovanni's Gyarados,005/132,Holo Rare,Water,90,Stage 1,3,G,F-30,Gym Challenge,2000-10-16,Unlimited Holofoil,132.52
85712,Giovanni's Machamp,006/132,Holo Rare,Fighting,100,Stage 2,3,P,,Gym Challenge,2000-10-16,1st Edition Holofoil,167.49
85712,Giovanni's Machamp,006/132,Holo Rare,Fighting,100,Stage 2,3,P,,Gym Challenge,2000-10-16,Unlimited Holofoil,84.35
85713,Giovanni's Machoke,042/132,Uncommon,Fighting,80,Stage 1,2,P,,Gym Challenge,2000-10-16,1st Edition,6.15
85713,Giovanni's Machoke,042/132,Uncommon,Fighting,80,Stage 1,2,P,,Gym Challenge,2000-10-16,Unlimited,2.8
85714,Giovanni's Machop,072/132,Common,Fighting,50,Basic,1,P,,Gym Challenge,2000-10-16,1st Edition,4.76
85714,Giovanni's Machop,072/132,Common,Fighting,50,Basic,1,P,,Gym Challenge,2000-10-16,Unlimited,1.79
85715,Giovanni's Magikarp,073/132,Common,Water,30,Basic,1,L,,Gym Challenge,2000-10-16,1st Edition,18.97
85715,Giovanni's Magikarp,073/132,Common,Water,30,Basic,1,L,,Gym Challenge,2000-10-16,Unlimited,3.74
85716,Giovanni's Meowth (43),043/132,Uncommon,Colorless,40,Basic,1,F,P-30,Gym Challenge,2000-10-16,1st Edition,17.58
85716,Giovanni's Meowth (43),043/132,Uncommon,Colorless,40,Basic,1,F,P-30,Gym Challenge,2000-10-16,Unlimited,4.16
85717,Giovanni's Meowth (74),074/132,Common,Colorless,50,Basic,2,F,P-30,Gym Challenge,2000-10-16,1st Edition,8.52
85717,Giovanni's Meowth (74),074/132,Common,Colorless,50,Basic,2,F,P-30,Gym Challenge,2000-10-16,Unlimited,2.28
85718,Giovanni's Nidoking,007/132,Holo Rare,Grass,120,Stage 2,3,P,,Gym Challenge,2000-10-16,1st Edition Holofoil,219.99
85718,Giovanni's Nidoking,007/132,Holo Rare,Grass,120,Stage 2,3,P,,Gym Challenge,2000-10-16,Unlimited Holofoil,75.98
85719,Giovanni's Nidoqueen,023/132,Rare,Grass,100,Stage 2,3,P,,Gym Challenge,2000-10-16,1st Edition,31.48
85719,Giovanni's Nidoqueen,023/132,Rare,Grass,100,Stage 2,3,P,,Gym Challenge,2000-10-16,Unlimited,15.14
85720,Giovanni's Nidoran F,075/132,Common,Grass,50,Basic,1,P,,Gym Challenge,2000-10-16,1st Edition,2.74
85720,Giovanni's Nidoran F,075/132,Common,Grass,50,Basic,1,P,,Gym Challenge,2000-10-16,Unlimited,1.22
85721,Giovanni's Nidoran M,076/132,Common,Grass,40,Basic,1,P,,Gym Challenge,2000-10-16,1st Edition,3.8
85721,Giovanni's Nidoran M,076/132,Common,Grass,40,Basic,1,P,,Gym Challenge,2000-10-16,Unlimited,1.51
85722,Giovanni's Nidorina,044/132,Uncommon,Grass,80,Stage 1,2,P,,Gym Challenge,2000-10-16,1st Edition,5.01
85722,Giovanni's Nidorina,044/132,Uncommon,Grass,80,Stage 1,2,P,,Gym Challenge,2000-10-16,Unlimited,2.0
85723,Giovanni's Nidorino,045/132,Uncommon,Grass,70,Stage 1,2,P,,Gym Challenge,2000-10-16,1st Edition,11.03
85723,Giovanni's Nidorino,045/132,Uncommon,Grass,70,Stage 1,2,P,,Gym Challenge,2000-10-16,Unlimited,2.53
85724,Giovanni's Persian,008/132,Holo Rare,Colorless,60,Stage 1,,F,P-30,Gym Challenge,2000-10-16,1st Edition Holofoil,249.99
85724,Giovanni's Persian,008/132,Holo Rare,Colorless,60,Stage 1,,F,P-30,Gym Challenge,2000-10-16,Unlimited Holofoil,51.03
85725,Giovanni's Pinsir,024/132,Rare,Grass,70,Basic,2,R,,Gym Challenge,2000-10-16,1st Edition,24.79
85725,Giovanni's Pinsir,024/132,Rare,Grass,70,Basic,2,R,,Gym Challenge,2000-10-16,Unlimited,11.39
86504,Koga's Arbok,025/132,Rare,Grass,90,Stage 1,2,P,,Gym Challenge,2000-10-16,1st Edition,16.77
86504,Koga's Arbok,025/132,Rare,Grass,90,Stage 1,2,P,,Gym Challenge,2000-10-16,Unlimited,9.28
86505,Koga's Beedrill,009/132,Holo Rare,Grass,80,Stage 2,,R,F-30,Gym Challenge,2000-10-16,1st Edition Holofoil,137.1
86505,Koga's Beedrill,009/132,Holo Rare,Grass,80,Stage 2,,R,F-30,Gym Challenge,2000-10-16,Unlimited Holofoil,39.26
86506,Koga's Ditto,010/132,Holo Rare,Colorless,40,Basic,1,F,P-30,Gym Challenge,2000-10-16,1st Edition Holofoil,100.0
86506,Koga's Ditto,010/132,Holo Rare,Colorless,40,Basic,1,F,P-30,Gym Challenge,2000-10-16,Unlimited Holofoil,74.89
86507,Koga's Ekans,077/132,Common,Grass,50,Basic,1,P,,Gym Challenge,2000-10-16,1st Edition,3.47
86507,Koga's Ekans,077/132,Common,Grass,50,Basic,1,P,,Gym Challenge,2000-10-16,Unlimited,1.24
86508,Koga's Golbat,046/132,Uncommon,Grass,60,Stage 1,1,P,F-30,Gym Challenge,2000-10-16,1st Edition,5.55
86508,Koga's Golbat,046/132,Uncommon,Grass,60,Stage 1,1,P,F-30,Gym Challenge,2000-10-16,Unlimited,3.51
86509,Koga's Grimer,078/132,Common,Grass,50,Basic,1,P,,Gym Challenge,2000-10-16,1st Edition,4.49
86509,Koga's Grimer,078/132,Common,Grass,50,Basic,1,P,,Gym Challenge,2000-10-16,Unlimited,1.11
86510,Koga's Kakuna,047/132,Uncommon,Grass,60,Stage 1,2,R,,Gym Challenge,2000-10-16,1st Edition,5.98
86510,Koga's Kakuna,047/132,Uncommon,Grass,60,Stage 1,2,R,,Gym Challenge,2000-10-16,Unlimited,2.76
86511,Koga's Koffing (48),048/132,Uncommon,Grass,50,Basic,1,P,,Gym Challenge,2000-10-16,1st Edition,8.24
86511,Koga's Koffing (48),048/132,Uncommon,Grass,50,Basic,1,P,,Gym Challenge,2000-10-16,Unlimited,1.88
86512,Koga's Koffing (79),079/132,Common,Grass,40,Basic,1,P,,Gym Challenge,2000-10-16,1st Edition,2.68
86512,Koga's Koffing (79),079/132,Common,Grass,40,Basic,1,P,,Gym Challenge,2000-10-16,Unlimited,1.32
86513,Koga's Muk,026/132,Rare,Grass,80,Stage 1,3,P,,Gym Challenge,2000-10-16,1st Edition,16.5
86513,Koga's Muk,026/132,Rare,Grass,80,Stage 1,3,P,,Gym Challenge,2000-10-16,Unlimited,11.96
86515,Koga's Pidgeotto,027/132,Rare,Colorless,60,Stage 1,,L,F-30,Gym Challenge,2000-10-16,1st Edition,20.43
86515,Koga's Pidgeotto,027/132,Rare,Colorless,60,Stage 1,,L,F-30,Gym Challenge,2000-10-16,Unlimited,10.52
86516,Koga's Pidgey (49),049/132,Uncommon,Colorless,40,Basic,1,L,F-30,Gym Challenge,2000-10-16,1st Edition,6.2
86516,Koga's Pidgey (49),049/132,Uncommon,Colorless,40,Basic,1,L,F-30,Gym Challenge,2000-10-16,Unlimited,2.97
86517,Koga's Pidgey (80),080/132,Common,Colorless,50,Basic,1,L,F-30,Gym Challenge,2000-10-16,1st Edition,2.69
86517,Koga's Pidgey (80),080/132,Common,Colorless,50,Basic,1,L,F-30,Gym Challenge,2000-10-16,Unlimited,1.52
86518,Koga's Tangela,081/132,Common,Grass,50,Basic,2,R,,Gym Challenge,2000-10-16,1st Edition,4.93
86518,Koga's Tangela,081/132,Common,Grass,50,Basic,2,R,,Gym Challenge,2000-10-16,Unlimited,1.38
86519,Koga's Weedle,082/132,Common,Grass,40,Basic,1,R,,Gym Challenge,2000-10-16,1st Edition,3.69
86519,Koga's Weedle,082/132,Common,Grass,40,Basic,1,R,,Gym Challenge,2000-10-16,Unlimited,1.49
86520,Koga's Weezing,050/132,Uncommon,Grass,70,Stage 1,2,P,,Gym Challenge,2000-10-16,1st Edition,5.55
86520,Koga's Weezing,050/132,Uncommon,Grass,70,Stage 1,2,P,,Gym Challenge,2000-10-16,Unlimited,2.03
86521,Koga's Zubat,083/132,Common,Grass,40,Basic,,P,F-30,Gym Challenge,2000-10-16,1st Edition,2.77
86521,Koga's Zubat,083/132,Common,Grass,40,Basic,,P,F-30,Gym Challenge,2000-10-16,Unlimited,1.16
86850,Lt. Surge's Eevee,051/132,Uncommon,Colorless,40,Basic,1,F,P-30,Gym Challenge,2000-10-16,1st Edition,32.49
86850,Lt. Surge's Eevee,051/132,Uncommon,Colorless,40,Basic,1,F,P-30,Gym Challenge,2000-10-16,Unlimited,11.63
86853,Lt. Surge's Electrode,052/132,Uncommon,Lightning,70,Stage 1,2,F,,Gym Challenge,2000-10-16,1st Edition,5.83
86853,Lt. Surge's Electrode,052/132,Uncommon,Lightning,70,Stage 1,2,F,,Gym Challenge,2000-10-16,Unlimited,2.74
86855,Lt. Surge's Jolteon,028/132,Rare,Lightning,70,Stage 1,1,F,,Gym Challenge,2000-10-16,1st Edition,45.86
86855,Lt. Surge's Jolteon,028/132,Rare,Lightning,70,Stage 1,1,F,,Gym Challenge,2000-10-16,Unlimited,22.69
86860,Lt. Surge's Pikachu,084/132,Common,Lightning,40,Basic,,F,,Gym Challenge,2000-10-16,1st Edition,26.58
86860,Lt. Surge's Pikachu,084/132,Common,Lightning,40,Basic,,F,,Gym Challenge,2000-10-16,Unlimited,11.07
86861,Lt. Surge's Raichu,011/132,Holo Rare,Lightning,80,Stage 1,2,F,,Gym Challenge,2000-10-16,1st Edition Holofoil,139.64
86861,Lt. Surge's Raichu,011/132,Holo Rare,Lightning,80,Stage 1,2,F,,Gym Challenge,2000-10-16,Unlimited Holofoil,81.92
86864,Lt. Surge's Raticate,053/132,Uncommon,Colorless,60,Stage 1,1,F,P-30,Gym Challenge,2000-10-16,1st Edition,3.28
86864,Lt. Surge's Raticate,053/132,Uncommon,Colorless,60,Stage 1,1,F,P-30,Gym Challenge,2000-10-16,Unlimited,2.34
86866,Lt. Surge's Rattata,085/132,Common,Colorless,30,Basic,,F,P-30,Gym Challenge,2000-10-16,1st Edition,2.48
86866,Lt. Surge's Rattata,085/132,Common,Colorless,30,Basic,,F,P-30,Gym Challenge,2000-10-16,Unlimited,1.08
86872,Lt. Surge's Voltorb,086/132,Common,Lightning,50,Basic,1,F,,Gym Challenge,2000-10-16,1st Edition,2.17
86872,Lt. Surge's Voltorb,086/132,Common,Lightning,50,Basic,1,F,,Gym Challenge,2000-10-16,Unlimited,1.04
87526,Misty's Dewgong,054/132,Uncommon,Water,80,Stage 1,2,L,,Gym Challenge,2000-10-16,1st Edition,8.09
87526,Misty's Dewgong,054/132,Uncommon,Water,80,Stage 1,2,L,,Gym Challenge,2000-10-16,Unlimited,5.13
87530,Misty's Golduck,012/132,Holo Rare,Water,70,Stage 1,1,G,,Gym Challenge,2000-10-16,1st Edition Holofoil,114.49
87530,Misty's Golduck,012/132,Holo Rare,Water,70,Stage 1,1,G,,Gym Challenge,2000-10-16,Unlimited Holofoil,68.4
87531,Misty's Gyarados,013/132,Holo Rare,Water,100,Stage 1,3,G,F-30,Gym Challenge,2000-10-16,1st Edition Holofoil,410.0
87531,Misty's Gyarados,013/132,Holo Rare,Water,100,Stage 1,3,G,F-30,Gym Challenge,2000-10-16,Unlimited Holofoil,152.33
87533,Misty's Horsea,087/132,Common,Water,50,Basic,,L,,Gym Challenge,2000-10-16,1st Edition,2.71
87533,Misty's Horsea,087/132,Common,Water,50,Basic,,L,,Gym Challenge,2000-10-16,Unlimited,1.62
87534,Misty's Magikarp,088/132,Common,Water,30,Basic,1,L,,Gym Challenge,2000-10-16,1st Edition,12.52
87534,Misty's Magikarp,088/132,Common,Water,30,Basic,1,L,,Gym Challenge,2000-10-16,Unlimited,3.86
87536,Misty's Poliwag,089/132,Common,Water,50,Basic,1,G,,Gym Challenge,2000-10-16,1st Edition,4.16
87536,Misty's Poliwag,089/132,Common,Water,50,Basic,1,G,,Gym Challenge,2000-10-16,Unlimited,2.75
87540,Misty's Psyduck,090/132,Common,Water,60,Basic,1,G,,Gym Challenge,2000-10-16,1st Edition,32.54
87540,Misty's Psyduck,090/132,Common,Water,60,Basic,1,G,,Gym Challenge,2000-10-16,Unlimited,8.39
87544,Misty's Seel,091/132,Common,Water,50,Basic,1,L,,Gym Challenge,2000-10-16,1st Edition,2.92
87544,Misty's Seel,091/132,Common,Water,50,Basic,1,L,,Gym Challenge,2000-10-16,Unlimited,1.26
87548,Misty's Staryu,092/132,Common,Water,40,Basic,1,L,,Gym Challenge,2000-10-16,1st Edition,3.74
87548,Misty's Staryu,092/132,Common,Water,40,Basic,1,L,,Gym Challenge,2000-10-16,Unlimited,1.65
88777,Rocket's Mewtwo,014/132,Holo Rare,Psychic,70,Basic,2,P,,Gym Challenge,2000-10-16,1st Edition Holofoil,343.54
88777,Rocket's Mewtwo,014/132,Holo Rare,Psychic,70,Basic,2,P,,Gym Challenge,2000-10-16,Unlimited Holofoil,253.22
88800,Rocket's Zapdos,015/132,Holo Rare,Lightning,70,Basic,2,,F-30,Gym Challenge,2000-10-16,1st Edition Holofoil,218.06
88800,Rocket's Zapdos,015/132,Holo Rare,Lightning,70,Basic,2,,F-30,Gym Challenge,2000-10-16,Unlimited Holofoil,104.42
88864,Sabrina's Abra (93),093/132,Common,Psychic,40,Basic,,P,,Gym Challenge,2000-10-16,1st Edition,6.95
88864,Sabrina's Abra (93),093/132,Common,Psychic,40,Basic,,P,,Gym Challenge,2000-10-16,Unlimited,2.76
88865,Sabrina's Abra (94),094/132,Common,Psychic,50,Basic,1,P,,Gym Challenge,2000-10-16,1st Edition,13.05
88865,Sabrina's Abra (94),094/132,Common,Psychic,50,Basic,1,P,,Gym Challenge,2000-10-16,Unlimited,3.3
88866,Sabrina's Alakazam,016/132,Holo Rare,Psychic,80,Stage 2,3,P,,Gym Challenge,2000-10-16,1st Edition Holofoil,259.25
88866,Sabrina's Alakazam,016/132,Holo Rare,Psychic,80,Stage 2,3,P,,Gym Challenge,2000-10-16,Unlimited Holofoil,76.8
88868,Sabrina's Drowzee,095/132,Common,Psychic,50,Basic,1,P,,Gym Challenge,2000-10-16,1st Edition,3.32
88868,Sabrina's Drowzee,095/132,Common,Psychic,50,Basic,1,P,,Gym Challenge,2000-10-16,Unlimited,1.38
88871,Sabrina's Gastly (96),096/132,Common,Psychic,30,Basic,,,F-30,Gym Challenge,2000-10-16,1st Edition,16.36
88871,Sabrina's Gastly (96),096/132,Common,Psychic,30,Basic,,,F-30,Gym Challenge,2000-10-16,Unlimited,3.13
88872,Sabrina's Gastly (97),097/132,Common,Psychic,40,Basic,1,,F-30,Gym Challenge,2000-10-16,1st Edition,16.39
88872,Sabrina's Gastly (97),097/132,Common,Psychic,40,Basic,1,,F-30,Gym Challenge,2000-10-16,Unlimited,5.26
88875,Sabrina's Gengar,029/132,Rare,Psychic,90,Stage 2,2,,F-30,Gym Challenge,2000-10-16,1st Edition,463.75
88875,Sabrina's Gengar,029/132,Rare,Psychic,90,Stage 2,2,,F-30,Gym Challenge,2000-10-16,Unlimited,215.18
88876,Sabrina's Golduck,030/132,Rare,Water,70,Stage 1,2,L,,Gym Challenge,2000-10-16,1st Edition,28.93
88876,Sabrina's Golduck,030/132,Rare,Water,70,Stage 1,2,L,,Gym Challenge,2000-10-16,Unlimited,11.14
88877,Sabrina's Haunter,055/132,Uncommon,Psychic,70,Stage 1,,,F-30,Gym Challenge,2000-10-16,1st Edition,48.8
88877,Sabrina's Haunter,055/132,Uncommon,Psychic,70,Stage 1,,,F-30,Gym Challenge,2000-10-16,Unlimited,11.6
88879,Sabrina's Hypno,056/132,Uncommon,Psychic,70,Stage 1,2,P,,Gym Challenge,2000-10-16,1st Edition,9.26
88879,Sabrina's Hypno,056/132,Uncommon,Psychic,70,Stage 1,2,P,,Gym Challenge,2000-10-16,Unlimited,5.01
88880,Sabrina's Jynx,057/132,Uncommon,Psychic,60,Basic,1,P,,Gym Challenge,2000-10-16,1st Edition,8.38
88880,Sabrina's Jynx,057/132,Uncommon,Psychic,60,Basic,1,P,,Gym Challenge,2000-10-16,Unlimited,2.75
88882,Sabrina's Kadabra,058/132,Uncommon,Psychic,70,Stage 1,1,P,,Gym Challenge,2000-10-16,1st Edition,16.26
88882,Sabrina's Kadabra,058/132,Uncommon,Psychic,70,Stage 1,1,P,,Gym Challenge,2000-10-16,Unlimited,5.54
88883,Sabrina's Mr. Mime,059/132,Uncommon,Psychic,60,Basic,1,P,,Gym Challenge,2000-10-16,1st Edition,13.66
88883,Sabrina's Mr. Mime,059/132,Uncommon,Psychic,60,Basic,1,P,,Gym Challenge,2000-10-16,Unlimited,4.52
88885,Sabrina's Porygon,098/132,Common,Colorless,40,Basic,1,F,P-30,Gym Challenge,2000-10-16,1st Edition,6.08
88885,Sabrina's Porygon,098/132,Common,Colorless,40,Basic,1,F,P-30,Gym Challenge,2000-10-16,Unlimited,2.47
88887,Sabrina's Psyduck,099/132,Common,Water,50,Basic,1,L,,Gym Challenge,2000-10-16,1st Edition,25.25
88887,Sabrina's Psyduck,099/132,Common,Water,50,Basic,1,L,,Gym Challenge,2000-10-16,Unlimited,9.54
654340,Bulbasaur - 001/132,001/132,Common,Grass,80,Basic,2,Rx2,,ME01: Mega Evolution,2025-09-26,Reverse Holofoil,0.34
654340,Bulbasaur - 001/132,001/132,Common,Grass,80,Basic,2,Rx2,,ME01: Mega Evolution,2025-09-26,Normal,0.23
654341,Ivysaur - 002/132,002/132,Common,Grass,110,Stage 1,3,Rx2,,ME01: Mega Evolution,2025-09-26,Reverse Holofoil,0.33
654341,Ivysaur - 002/132,002/132,Common,Grass,110,Stage 1,3,Rx2,,ME01: Mega Evolution,2025-09-26,Normal,0.26
654342,Mega Venusaur ex - 003/132,003/132,Double Rare,Grass,380,Stage 2,4,Rx2,,ME01: Mega Evolution,2025-09-26,Holofoil,0.91
654343,Exeggcute,004/132,Common,Grass,60,Basic,1,Rx2,,ME01: Mega Evolution,2025-09-26,Reverse Holofoil,0.22
654343,Exeggcute,004/132,Common,Grass,60,Basic,1,Rx2,,ME01: Mega Evolution,2025-09-26,Normal,0.06
654344,Exeggutor - 005/132,005/132,Uncommon,Grass,140,Stage 1,2,Rx2,,ME01: Mega Evolution,2025-09-26,Normal,0.07
654344,Exeggutor - 005/132,005/132,Uncommon,Grass,140,Stage 1,2,Rx2,,ME01: Mega Evolution,2025-09-26,Reverse Holofoil,0.24
654345,Tangela,006/132,Common,Grass,80,Basic,2,Rx2,,ME01: Mega Evolution,2025-09-26,Reverse Holofoil,0.21
654345,Tangela,006/132,Common,Grass,80,Basic,2,Rx2,,ME01: Mega Evolution,2025-09-26,Normal,0.1
654346,Tangrowth,007/132,Uncommon,Grass,150,Stage 1,4,Rx2,,ME01: Mega Evolution,2025-09-26,Normal,0.04
654346,Tangrowth,007/132,Uncommon,Grass,150,Stage 1,4,Rx2,,ME01: Mega Evolution,2025-09-26,Reverse Holofoil,0.22
654347,Chikorita,008/132,Common,Grass,70,Basic,1,Rx2,,ME01: Mega Evolution,2025-09-26,Normal,0.23
654347,Chikorita,008/132,Common,Grass,70,Basic,1,Rx2,,ME01: Mega Evolution,2025-09-26,Reverse Holofoil,0.32
654348,Bayleef,009/132,Common,Grass,110,Stage 1,2,Rx2,,ME01: Mega Evolution,2025-09-26,Normal,0.21
654348,Bayleef,009/132,Common,Grass,110,Stage 1,2,Rx2,,ME01: Mega Evolution,2025-09-26,Reverse Holofoil,0.36
654349,Meganium,010/132,Rare,Grass,160,Stage 2,2,Rx2,,ME01: Mega Evolution,2025-09-26,Holofoil,0.2
654349,Meganium,010/132,Rare,Grass,160,Stage 2,2,Rx2,,ME01: Mega Evolution,2025-09-26,Reverse Holofoil,0.35
654350,Shuckle - 011/132,011/132,Uncommon,Grass,80,Basic,1,Rx2,,ME01: Mega Evolution,2025-09-26,Normal,0.15
654350,Shuckle - 011/132,011/132,Uncommon,Grass,80,Basic,1,Rx2,,ME01: Mega Evolution,2025-09-26,Reverse Holofoil,0.26
654351,Celebi,012/132,Uncommon,Grass,80,Basic,1,Rx2,,ME01: Mega Evolution,2025-09-26,Reverse Holofoil,0.26
654351,Celebi,012/132,Uncommon,Grass,80,Basic,1,Rx2,,ME01: Mega Evolution,2025-09-26,Normal,0.16
654352,Seedot,013/132,Common,Grass,60,Basic,1,Rx2,,ME01: Mega Evolution,2025-09-26,Reverse Holofoil,0.18
654352,Seedot,013/132,Common,Grass,60,Basic,1,Rx2,,ME01: Mega Evolution,2025-09-26,Normal,0.02
654353,Nuzleaf,014/132,Common,Grass,100,Stage 1,2,Rx2,,ME01: Mega Evolution,2025-09-26,Reverse Holofoil,0.24
654353,Nuzleaf,014/132,Common,Grass,100,Stage 1,2,Rx2,,ME01: Mega Evolution,2025-09-26,Normal,0.06
654354,Shiftry,015/132,Uncommon,Grass,160,Stage 2,2,Rx2,,ME01: Mega Evolution,2025-09-26,Reverse Holofoil,0.22
654354,Shiftry,015/132,Uncommon,Grass,160,Stage 2,2,Rx2,,ME01: Mega Evolution,2025-09-26,Normal,0.05
654355,Nincada,016/132,Common,Grass,50,Basic,1,Rx2,,ME01: Mega Evolution,2025-09-26,Normal,0.13
654355,Nincada,016/132,Common,Grass,50,Basic,1,Rx2,,ME01: Mega Evolution,2025-09-26,Reverse Holofoil,0.25
654356,Ninjask - 017/132,017/132,Uncommon,Grass,80,Stage 1,0,Rx2,,ME01: Mega Evolution,2025-09-26,Reverse Holofoil,0.26
654356,Ninjask - 017/132,017/132,Uncommon,Grass,80,Stage 1,0,Rx2,,ME01: Mega Evolution,2025-09-26,Normal,0.08
654357,Dhelmise,018/132,Common,Grass,120,Basic,2,Rx2,,ME01: Mega Evolution,2025-09-26,Normal,0.06
654357,Dhelmise,018/132,Common,Grass,120,Basic,2,Rx2,,ME01: Mega Evolution,2025-09-26,Reverse Holofoil,0.18
654358,Vulpix - 019/132,019/132,Common,Fire,70,Basic,1,Wx2,,ME01: Mega Evolution,2025-09-26,Normal,0.11
654358,Vulpix - 019/132,019/132,Common,Fire,70,Basic,1,Wx2,,ME01: Mega Evolution,2025-09-26,Reverse Holofoil,0.25
654359,Ninetales,020/132,Uncommon,Fire,120,Stage 1,1,Wx2,,ME01: Mega Evolution,2025-09-26,Normal,0.15
654359,Ninetales,020/132,Uncommon,Fire,120,Stage 1,1,Wx2,,ME01: Mega Evolution,2025-09-26,Reverse Holofoil,0.34
654360,Numel,021/132,Common,Fire,80,Basic,2,Wx2,,ME01: Mega Evolution,2025-09-26,Reverse Holofoil,0.27
654360,Numel,021/132,Common,Fire,80,Basic,2,Wx2,,ME01: Mega Evolution,2025-09-26,Normal,0.07
654361,Mega Camerupt ex - 022/132,022/132,Double Rare,Fire,340,Stage 1,4,Wx2,,ME01: Mega Evolution,2025-09-26,Holofoil,0.76
654362,Litleo - 023/132,023/132,Common,Fire,70,Basic,2,Wx2,,ME01: Mega Evolution,2025-09-26,Reverse Holofoil,0.23
654362,Litleo - 023/132,023/132,Common,Fire,70,Basic,2,Wx2,,ME01: Mega Evolution,2025-09-26,Normal,0.11
654363,Pyroar,024/132,Uncommon,Fire,130,Stage 1,2,Wx2,,ME01: Mega Evolution,2025-09-26,Normal,0.09
654363,Pyroar,024/132,Uncommon,Fire,130,Stage 1,2,Wx2,,ME01: Mega Evolution,2025-09-26,Reverse Holofoil,0.23
654364,Volcanion,025/132,Uncommon,Fire,130,Basic,2,Wx2,,ME01: Mega Evolution,2025-09-26,Normal,0.05
654364,Volcanion,025/132,Uncommon,Fire,130,Basic,2,Wx2,,ME01: Mega Evolution,2025-09-26,Reverse Holofoil,0.28
654365,Scorbunny,026/132,Common,Fire,70,Basic,1,Wx2,,ME01: Mega Evolution,2025-09-26,Reverse Holofoil,0.24
654365,Scorbunny,026/132,Common,Fire,70,Basic,1,Wx2,,ME01: Mega Evolution,2025-09-26,Normal,0.15
654366,Raboot,027/132,Common,Fire,100,Stage 1,1,Wx2,,ME01: Mega Evolution,2025-09-26,Normal,0.19
654366,Raboot,027/132,Common,Fire,100,Stage 1,1,Wx2,,ME01: Mega Evolution,2025-09-26,Reverse Holofoil,0.27
654367,Cinderace,028/132,Rare,Fire,160,Stage 2,0,Wx2,,ME01: Mega Evolution,2025-09-26,Holofoil,0.18
654367,Cinderace,028/132,Rare,Fire,160,Stage 2,0,Wx2,,ME01: Mega Evolution,2025-09-26,Reverse Holofoil,0.29
654368,Sizzlipede,029/132,Common,Fire,80,Basic,2,Wx2,,ME01: Mega Evolution,2025-09-26,Reverse Holofoil,0.27
654368,Sizzlipede,029/132,Common,Fire,80,Basic,2,Wx2,,ME01: Mega Evolution,2025-09-26,Normal,0.05
654369,Centiskorch,030/132,Uncommon,Fire,140,Stage 1,3,Wx2,,ME01: Mega Evolution,2025-09-26,Normal,0.05
654369,Centiskorch,030/132,Uncommon,Fire,140,Stage 1,3,Wx2,,ME01: Mega Evolution,2025-09-26,Reverse Holofoil,0.24
654370,Chi-Yu,031/132,Uncommon,Fire,110,Basic,1,Wx2,,ME01: Mega Evolution,2025-09-26,Normal,0.1
654370,Chi-Yu,031/132,Uncommon,Fire,110,Basic,1,Wx2,,ME01: Mega Evolution,2025-09-26,Reverse Holofoil,0.23
654371,Mantine,032/132,Common,Water,110,Basic,1,Lx2,,ME01: Mega Evolution,2025-09-26,Reverse Holofoil,0.27
654371,Mantine,032/132,Common,Water,110,Basic,1,Lx2,,ME01: Mega Evolution,2025-09-26,Normal,0.14
654372,Corphish,033/132,Common,Water,80,Basic,2,Lx2,,ME01: Mega Evolution,2025-09-26,Normal,0.05
654372,Corphish,033/132,Common,Water,80,Basic,2,Lx2,,ME01: Mega Evolution,2025-09-26,Reverse Holofoil,0.27
654373,Kyogre,034/132,Rare,Water,150,Basic,3,Lx2,,ME01: Mega Evolution,2025-09-26,Holofoil,0.21
654373,Kyogre,034/132,Rare,Water,150,Basic,3,Lx2,,ME01: Mega Evolution,2025-09-26,Reverse Holofoil,0.23
654374,Snover - 035/132,035/132,Common,Water,90,Basic,3,Mx2,,ME01: Mega Evolution,2025-09-26,Normal,0.08
654374,Snover - 035/132,035/132,Common,Water,90,Basic,3,Mx2,,ME01: Mega Evolution,2025-09-26,Reverse Holofoil,0.3
654375,Mega Abomasnow ex - 036/132,036/132,Double Rare,Water,350,Stage 1,4,Mx2,,ME01: Mega Evolution,2025-09-26,Holofoil,0.74
654376,Clauncher,037/132,Common,Water,80,Basic,2,Lx2,,ME01: Mega Evolution,2025-09-26,Normal,0.17
654376,Clauncher,037/132,Common,Water,80,Basic,2,Lx2,,ME01: Mega Evolution,2025-09-26,Reverse Holofoil,0.28
654377,Clawitzer - 038/132,038/132,Rare,Water,130,Stage 1,2,Lx2,,ME01: Mega Evolution,2025-09-26,Holofoil,0.15
654377,Clawitzer - 038/132,038/132,Rare,Water,130,Stage 1,2,Lx2,,ME01: Mega Evolution,2025-09-26,Reverse Holofoil,0.22
654378,Sobble,039/132,Common,Water,70,Basic,1,Lx2,,ME01: Mega Evolution,2025-09-26,Normal,0.16
654378,Sobble,039/132,Common,Water,70,Basic,1,Lx2,,ME01: Mega Evolution,2025-09-26,Reverse Holofoil,0.27
654379,Drizzile,040/132,Common,Water,100,Stage 1,1,Lx2,,ME01: Mega Evolution,2025-09-26,Normal,0.08
654379,Drizzile,040/132,Common,Water,100,Stage 1,1,Lx2,,ME01: Mega Evolution,2025-09-26,Reverse Holofoil,0.28
654380,Inteleon - 041/132,041/132,Uncommon,Water,150,Stage 2,1,Lx2,,ME01: Mega Evolution,2025-09-26,Normal,0.07
654380,Inteleon - 041/132,041/132,Uncommon,Water,150,Stage 2,1,Lx2,,ME01: Mega Evolution,2025-09-26,Reverse Holofoil,0.28
654381,Snom,042/132,Common,Water,50,Basic,1,Mx2,,ME01: Mega Evolution,2025-09-26,Normal,0.12
654381,Snom,042/132,Common,Water,50,Basic,1,Mx2,,ME01: Mega Evolution,2025-09-26,Reverse Holofoil,0.26
654382,Frosmoth,043/132,Uncommon,Water,110,Stage 1,2,Mx2,,ME01: Mega Evolution,2025-09-26,Normal,0.15
654382,Frosmoth,043/132,Uncommon,Water,110,Stage 1,2,Mx2,,ME01: Mega Evolution,2025-09-26,Reverse Holofoil,0.24
654383,Eiscue,044/132,Common,Water,110,Basic,1,Mx2,,ME01: Mega Evolution,2025-09-26,Normal,0.06
654383,Eiscue,044/132,Common,Water,110,Basic,1,Mx2,,ME01: Mega Evolution,2025-09-26,Reverse Holofoil,0.25
654384,Magnemite,045/132,Common,Lightning,70,Basic,1,Fx2,,ME01: Mega Evolution,2025-09-26,Reverse Holofoil,0.24
654384,Magnemite,045/132,Common,Lightning,70,Basic,1,Fx2,,ME01: Mega Evolution,2025-09-26,Normal,0.06
654385,Magneton,046/132,Common,Lightning,90,Stage 1,2,Fx2,,ME01: Mega Evolution,2025-09-26,Reverse Holofoil,0.26
654385,Magneton,046/132,Common,Lightning,90,Stage 1,2,Fx2,,ME01: Mega Evolution,2025-09-26,Normal,0.1
654386,Magnezone,047/132,Uncommon,Lightning,160,Stage 2,3,Fx2,,ME01: Mega Evolution,2025-09-26,Reverse Holofoil,0.24
654386,Magnezone,047/132,Uncommon,Lightning,160,Stage 2,3,Fx2,,ME01: Mega Evolution,2025-09-26,Normal,0.06
654387,Raikou,048/132,Rare,Lightning,120,Basic,1,Fx2,,ME01: Mega Evolution,2025-09-26,Holofoil,0.21
654387,Raikou,048/132,Rare,Lightning,120,Basic,1,Fx2,,ME01: Mega Evolution,2025-09-26,Reverse Holofoil,0.27
654388,Electrike,049/132,Common,Lightning,70,Basic,1,Fx2,,ME01: Mega Evolution,2025-09-26,Normal,0.12
654388,Electrike,049/132,Common,Lightning,70,Basic,1,Fx2,,ME01: Mega Evolution,2025-09-26,Reverse Holofoil,0.23
654389,Mega Manectric ex - 050/132,050/132,Double Rare,Lightning,330,Stage 1,0,Fx2,,ME01: Mega Evolution,2025-09-26,Holofoil,0.73
654390,Pachirisu,051/132,Common,Lightning,70,Basic,1,Fx2,,ME01: Mega Evolution,2025-09-26,Reverse Holofoil,0.28
654390,Pachirisu,051/132,Common,Lightning,70,Basic,1,Fx2,,ME01: Mega Evolution,2025-09-26,Normal,0.1
654391,Helioptile - 052/132,052/132,Common,Lightning,70,Basic,1,Fx2,,ME01: Mega Evolution,2025-09-26,Normal,0.13
654391,Helioptile - 052/132,052/132,Common,Lightning,70,Basic,1,Fx2,,ME01: Mega Evolution,2025-09-26,Reverse Holofoil,0.29
654392,Heliolisk,053/132,Common,Lightning,120,Stage 1,1,Fx2,,ME01: Mega Evolution,2025-09-26,Reverse Holofoil,0.22
654392,Heliolisk,053/132,Common,Lightning,120,Stage 1,1,Fx2,,ME01: Mega Evolution,2025-09-26,Normal,0.06
654393,Abra,054/132,Common,Psychic,50,Basic,1,Dx2,F-30,ME01: Mega Evolution,2025-09-26,Normal,0.18
654393,Abra,054/132,Common,Psychic,50,Basic,1,Dx2,F-30,ME01: Mega Evolution,2025-09-26,Reverse Holofoil,0.29
654394,Kadabra,055/132,Uncommon,Psychic,80,Stage 1,1,Dx2,F-30,ME01: Mega Evolution,2025-09-26,Normal,0.25
654394,Kadabra,055/132,Uncommon,Psychic,80,Stage 1,1,Dx2,F-30,ME01: Mega Evolution,2025-09-26,Reverse Holofoil,0.72
654395,Alakazam,056/132,Rare,Psychic,140,Stage 2,1,Dx2,F-30,ME01: Mega Evolution,2025-09-26,Holofoil,0.26
654395,Alakazam,056/132,Rare,Psychic,140,Stage 2,1,Dx2,F-30,ME01: Mega Evolution,2025-09-26,Reverse Holofoil,0.34
654396,Jynx,057/132,Common,Psychic,110,Basic,1,Dx2,F-30,ME01: Mega Evolution,2025-09-26,Reverse Holofoil,0.23
654396,Jynx,057/132,Common,Psychic,110,Basic,1,Dx2,F-30,ME01: Mega Evolution,2025-09-26,Normal,0.1
654397,Ralts,058/132,Common,Psychic,70,Basic,1,Dx2,F-30,ME01: Mega Evolution,2025-09-26,Normal,0.15
654397,Ralts,058/132,Common,Psychic,70,Basic,1,Dx2,F-30,ME01: Mega Evolution,2025-09-26,Reverse Holofoil,0.25
654398,Kirlia,059/132,Common,Psychic,100,Stage 1,1,Dx2,F-30,ME01: Mega Evolution,2025-09-26,Normal,0.22
654398,Kirlia,059/132,Common,Psychic,100,Stage 1,1,Dx2,F-30,ME01: Mega Evolution,2025-09-26,Reverse Holofoil,0.26
654399,Mega Gardevoir ex - 060/132,060/132,Double Rare,Psychic,360,Stage 2,2,Dx2,F-30,ME01: Mega Evolution,2025-09-26,Holofoil,0.79
654400,Shedinja - 061/132,061/132,Uncommon,Psychic,60,Stage 1,0,Dx2,F-30,ME01: Mega Evolution,2025-09-26,Reverse Holofoil,0.25
654400,Shedinja - 061/132,061/132,Uncommon,Psychic,60,Stage 1,0,Dx2,F-30,ME01: Mega Evolution,2025-09-26,Normal,0.08
654401,Spoink,062/132,Common,Psychic,70,Basic,1,Dx2,F-30,ME01: Mega Evolution,2025-09-26,Reverse Holofoil,0.22
654401,Spoink,062/132,Common,Psychic,70,Basic,1,Dx2,F-30,ME01: Mega Evolution,2025-09-26,Normal,0.06
654402,Grumpig,063/132,Uncommon,Psychic,120,Stage 1,2,Dx2,F-30,ME01: Mega Evolution,2025-09-26,Reverse Holofoil,0.24
654402,Grumpig,063/132,Uncommon,Psychic,120,Stage 1,2,Dx2,F-30,ME01: Mega Evolution,2025-09-26,Normal,0.07
654403,Xerneas,064/132,Rare,Psychic,120,Basic,1,Mx2,,ME01: Mega Evolution,2025-09-26,Holofoil,0.18
654403,Xerneas,064/132,Rare,Psychic,120,Basic,1,Mx2,,ME01: Mega Evolution,2025-09-26,Reverse Holofoil,0.25
654404,Greavard,065/132,Common,Psychic,80,Basic,3,Dx2,F-30,ME01: Mega Evolution,2025-09-26,Normal,0.09
654404,Greavard,065/132,Common,Psychic,80,Basic,3,Dx2,F-30,ME01: Mega Evolution,2025-09-26,Reverse Holofoil,0.27
654405,Houndstone - 066/132,066/132,Uncommon,Psychic,140,Stage 1,3,Dx2,F-30,ME01: Mega Evolution,2025-09-26,Reverse Holofoil,0.22
654405,Houndstone - 066/132,066/132,Uncommon,Psychic,140,Stage 1,3,Dx2,F-30,ME01: Mega Evolution,2025-09-26,Normal,0.11
654406,Gimmighoul,067/132,Common,Psychic,70,Basic,2,Dx2,F-30,ME01: Mega Evolution,2025-09-26,Normal,0.07
654406,Gimmighoul,067/132,Common,Psychic,70,Basic,2,Dx2,F-30,ME01: Mega Evolution,2025-09-26,Reverse Holofoil,0.22
654407,Sandshrew,068/132,Common,Fighting,70,Basic,1,Gx2,,ME01: Mega Evolution,2025-09-26,Normal,0.2
654407,Sandshrew,068/132,Common,Fighting,70,Basic,1,Gx2,,ME01: Mega Evolution,2025-09-26,Reverse Holofoil,0.27
654408,Sandslash,069/132,Common,Fighting,120,Stage 1,1,Gx2,,ME01: Mega Evolution,2025-09-26,Normal,0.07
654408,Sandslash,069/132,Common,Fighting,120,Stage 1,1,Gx2,,ME01: Mega Evolution,2025-09-26,Reverse Holofoil,0.24
654409,Onix,070/132,Common,Fighting,120,Basic,4,Gx2,,ME01: Mega Evolution,2025-09-26,Reverse Holofoil,0.23
654409,Onix,070/132,Common,Fighting,120,Basic,4,Gx2,,ME01: Mega Evolution,2025-09-26,Normal,0.11
654410,Tyrogue,071/132,Common,Fighting,30,Basic,,Px2,,ME01: Mega Evolution,2025-09-26,Normal,0.14
654410,Tyrogue,071/132,Common,Fighting,30,Basic,,Px2,,ME01: Mega Evolution,2025-09-26,Reverse Holofoil,0.23
654411,Makuhita,072/132,Common,Fighting,80,Basic,2,Px2,,ME01: Mega Evolution,2025-09-26,Reverse Holofoil,0.24
654411,Makuhita,072/132,Common,Fighting,80,Basic,2,Px2,,ME01: Mega Evolution,2025-09-26,Normal,0.13
654412,Hariyama,073/132,Rare,Fighting,150,Stage 1,3,Px2,,ME01: Mega Evolution,2025-09-26,Holofoil,0.16
654412,Hariyama,073/132,Rare,Fighting,150,Stage 1,3,Px2,,ME01: Mega Evolution,2025-09-26,Reverse Holofoil,0.28
654413,Lunatone,074/132,Rare,Fighting,110,Basic,1,Gx2,,ME01: Mega Evolution,2025-09-26,Reverse Holofoil,0.28
654413,Lunatone,074/132,Rare,Fighting,110,Basic,1,Gx2,,ME01: Mega Evolution,2025-09-26,Holofoil,0.21
654414,Solrock,075/132,Uncommon,Fighting,110,Basic,1,Gx2,,ME01: Mega Evolution,2025-09-26,Normal,0.15
654414,Solrock,075/132,Uncommon,Fighting,110,Basic,1,Gx2,,ME01: Mega Evolution,2025-09-26,Reverse Holofoil,0.25
654415,Riolu,076/132,Common,Fighting,80,Basic,2,Px2,,ME01: Mega Evolution,2025-09-26,Normal,0.18
654415,Riolu,076/132,Common,Fighting,80,Basic,2,Px2,,ME01: Mega Evolution,2025-09-26,Reverse Holofoil,0.27
654416,Mega Lucario ex - 077/132,077/132,Double Rare,Fighting,340,Stage 1,2,Px2,,ME01: Mega Evolution,2025-09-26,Holofoil,0.83
654417,Croagunk,078/132,Common,Fighting,70,Basic,1,Px2,,ME01: Mega Evolution,2025-09-26,Reverse Holofoil,0.21
654417,Croagunk,078/132,Common,Fighting,70,Basic,1,Px2,,ME01: Mega Evolution,2025-09-26,Normal,0.06
654418,Toxicroak,079/132,Common,Fighting,130,Stage 1,1,Px2,,ME01: Mega Evolution,2025-09-26,Normal,0.05
654418,Toxicroak,079/132,Common,Fighting,130,Stage 1,1,Px2,,ME01: Mega Evolution,2025-09-26,Reverse Holofoil,0.21
654419,Marshadow - 080/132,080/132,Uncommon,Fighting,90,Basic,1,Px2,,ME01: Mega Evolution,2025-09-26,Normal,0.05
654419,Marshadow - 080/132,080/132,Uncommon,Fighting,90,Basic,1,Px2,,ME01: Mega Evolution,2025-09-26,Reverse Holofoil,0.24
654420,Stonjourner,081/132,Uncommon,Fighting,130,Basic,2,Gx2,,ME01: Mega Evolution,2025-09-26,Reverse Holofoil,0.23
654420,Stonjourner,081/132,Uncommon,Fighting,130,Basic,2,Gx2,,ME01: Mega Evolution,2025-09-26,Normal,0.03
654421,Nacli,082/132,Common,Fighting,70,Basic,2,Gx2,,ME01: Mega Evolution,2025-09-26,Normal,0.08
654421,Nacli,082/132,Common,Fighting,70,Basic,2,Gx2,,ME01: Mega Evolution,2025-09-26,Reverse Holofoil,0.21
654422,Naclstack,083/132,Common,Fighting,110,Stage 1,3,Gx2,,ME01: Mega Evolution,2025-09-26,Reverse Holofoil,0.27
654422,Naclstack,083/132,Common,Fighting,110,Stage 1,3,Gx2,,ME01: Mega Evolution,2025-09-26,Normal,0.17
654423,Garganacl - 084/132,084/132,Uncommon,Fighting,180,Stage 2,4,Gx2,,ME01: Mega Evolution,2025-09-26,Normal,0.06
654423,Garganacl - 084/132,084/132,Uncommon,Fighting,180,Stage 2,4,Gx2,,ME01: Mega Evolution,2025-09-26,Reverse Holofoil,0.24
654424,Crawdaunt,085/132,Uncommon,Darkness,130,Stage 1,3,Gx2,,ME01: Mega Evolution,2025-09-26,Reverse Holofoil,0.26
654424,Crawdaunt,085/132,Uncommon,Darkness,130,Stage 1,3,Gx2,,ME01: Mega Evolution,2025-09-26,Normal,0.03
654425,Mega Absol ex - 086/132,086/132,Double Rare,Darkness,280,Basic,2,Gx2,,ME01: Mega Evolution,2025-09-26,Holofoil,0.79
654426,Spiritomb - 087/132,087/132,Uncommon,Darkness,80,Basic,1,Gx2,,ME01: Mega Evolution,2025-09-26,Normal,0.12
654426,Spiritomb - 087/132,087/132,Uncommon,Darkness,80,Basic,1,Gx2,,ME01: Mega Evolution,2025-09-26,Reverse Holofoil,0.22
654427,Yveltal,088/132,Rare,Darkness,110,Basic,,Lx2,F-30,ME01: Mega Evolution,2025-09-26,Reverse Holofoil,0.31
654427,Yveltal,088/132,Rare,Darkness,110,Basic,,Lx2,F-30,ME01: Mega Evolution,2025-09-26,Holofoil,0.22
654428,Nickit,089/132,Common,Darkness,70,Basic,1,Gx2,,ME01: Mega Evolution,2025-09-26,Normal,0.07
654428,Nickit,089/132,Common,Darkness,70,Basic,1,Gx2,,ME01: Mega Evolution,2025-09-26,Reverse Holofoil,0.26
654429,Thievul,090/132,Common,Darkness,120,Stage 1,1,Gx2,,ME01: Mega Evolution,2025-09-26,Reverse Holofoil,0.23
654429,Thievul,090/132,Common,Darkness,120,Stage 1,1,Gx2,,ME01: Mega Evolution,2025-09-26,Normal,0.06
654430,Shroodle - 091/132,091/132,Common,Darkness,60,Basic,1,Fx2,,ME01: Mega Evolution,2025-09-26,Reverse Holofoil,0.22
654430,Shroodle - 091/132,091/132,Common,Darkness,60,Basic,1,Fx2,,ME01: Mega Evolution,2025-09-26,Normal,0.07
654431,Grafaiai,092/132,Common,Darkness,100,Stage 1,1,Fx2,,ME01: Mega Evolution,2025-09-26,Normal,0.06
654431,Grafaiai,092/132,Common,Darkness,100,Stage 1,1,Fx2,,ME01: Mega Evolution,2025-09-26,Reverse Holofoil,0.23
654432,Steelix - 093/132,093/132,Rare,Metal,200,Stage 1,4,Rx2,G-30,ME01: Mega Evolution,2025-09-26,Holofoil,0.15
654432,Steelix - 093/132,093/132,Rare,Metal,200,Stage 1,4,Rx2,G-30,ME01: Mega Evolution,2025-09-26,Reverse Holofoil,0.24
654433,Mega Mawile ex - 094/132,094/132,Double Rare,Metal,270,Basic,2,Rx2,G-30,ME01: Mega Evolution,2025-09-26,Holofoil,0.83
654434,Dialga,095/132,Rare,Metal,140,Basic,2,Rx2,G-30,ME01: Mega Evolution,2025-09-26,Holofoil,0.17
654434,Dialga,095/132,Rare,Metal,140,Basic,2,Rx2,G-30,ME01: Mega Evolution,2025-09-26,Reverse Holofoil,0.25
654435,Tinkatink,096/132,Common,Metal,70,Basic,1,Rx2,G-30,ME01: Mega Evolution,2025-09-26,Reverse Holofoil,0.25
654435,Tinkatink,096/132,Common,Metal,70,Basic,1,Rx2,G-30,ME01: Mega Evolution,2025-09-26,Normal,0.09
654436,Tinkatuff,097/132,Common,Metal,90,Stage 1,2,Rx2,G-30,ME01: Mega Evolution,2025-09-26,Reverse Holofoil,0.25
654436,Tinkatuff,097/132,Common,Metal,90,Stage 1,2,Rx2,G-30,ME01: Mega Evolution,2025-09-26,Normal,0.14
654437,Tinkaton,098/132,Uncommon,Metal,160,Stage 2,2,Rx2,G-30,ME01: Mega Evolution,2025-09-26,Reverse Holofoil,0.26
654437,Tinkaton,098/132,Uncommon,Metal,160,Stage 2,2,Rx2,G-30,ME01: Mega Evolution,2025-09-26,Normal,0.08
654438,Gholdengo,099/132,Uncommon,Metal,130,Stage 1,2,Rx2,G-30,ME01: Mega Evolution,2025-09-26,Normal,0.07
654438,Gholdengo,099/132,Uncommon,Metal,130,Stage 1,2,Rx2,G-30,ME01: Mega Evolution,2025-09-26,Reverse Holofoil,0.23
654439,Mega Latias ex - 100/132,100/132,Double Rare,Dragon,280,Basic,1,,,ME01: Mega Evolution,2025-09-26,Holofoil,0.77
654440,Latios,101/132,Uncommon,Dragon,130,Basic,1,,,ME01: Mega Evolution,2025-09-26,Normal,0.11
654440,Latios,101/132,Uncommon,Dragon,130,Basic,1,,,ME01: Mega Evolution,2025-09-26,Reverse Holofoil,0.26
654441,Spearow - 102/132,102/132,Common,Colorless,60,Basic,1,Lx2,F-30,ME01: Mega Evolution,2025-09-26,Normal,0.05
654441,Spearow - 102/132,102/132,Common,Colorless,60,Basic,1,Lx2,F-30,ME01: Mega Evolution,2025-09-26,Reverse Holofoil,0.21
654442,Fearow,103/132,Common,Colorless,100,Stage 1,1,Lx2,F-30,ME01: Mega Evolution,2025-09-26,Reverse Holofoil,0.26
654442,Fearow,103/132,Common,Colorless,100,Stage 1,1,Lx2,F-30,ME01: Mega Evolution,2025-09-26,Normal,0.1
654443,Mega Kangaskhan ex - 104/132,104/132,Double Rare,Colorless,300,Basic,3,Fx2,,ME01: Mega Evolution,2025-09-26,Holofoil,1.26
654444,Delibird - 105/132,105/132,Common,Colorless,90,Basic,1,Lx2,F-30,ME01: Mega Evolution,2025-09-26,Reverse Holofoil,0.22
654444,Delibird - 105/132,105/132,Common,Colorless,90,Basic,1,Lx2,F-30,ME01: Mega Evolution,2025-09-26,Normal,0.06
654445,Miltank,106/132,Common,Colorless,120,Basic,2,Fx2,,ME01: Mega Evolution,2025-09-26,Reverse Holofoil,0.23
654445,Miltank,106/132,Common,Colorless,120,Basic,2,Fx2,,ME01: Mega Evolution,2025-09-26,Normal,0.06
654446,Buneary,107/132,Common,Colorless,70,Basic,1,Fx2,,ME01: Mega Evolution,2025-09-26,Normal,0.1
654446,Buneary,107/132,Common,Colorless,70,Basic,1,Fx2,,ME01: Mega Evolution,2025-09-26,Reverse Holofoil,0.27
654447,Lopunny,108/132,Common,Colorless,110,Stage 1,1,Fx2,,ME01: Mega Evolution,2025-09-26,Reverse Holofoil,0.23
654447,Lopunny,108/132,Common,Colorless,110,Stage 1,1,Fx2,,ME01: Mega Evolution,2025-09-26,Normal,0.11
654448,Yungoos,109/132,Common,Colorless,70,Basic,1,Fx2,,ME01: Mega Evolution,2025-09-26,Reverse Holofoil,0.27
654448,Yungoos,109/132,Common,Colorless,70,Basic,1,Fx2,,ME01: Mega Evolution,2025-09-26,Normal,0.12
654449,Gumshoos - 110/132,110/132,Uncommon,Colorless,100,Stage 1,1,Fx2,,ME01: Mega Evolution,2025-09-26,Normal,0.05
654449,Gumshoos - 110/132,110/132,Uncommon,Colorless,100,Stage 1,1,Fx2,,ME01: Mega Evolution,2025-09-26,Reverse Holofoil,0.26
654450,Stufful - 111/132,111/132,Common,Colorless,70,Basic,2,Fx2,,ME01: Mega Evolution,2025-09-26,Normal,0.08
654450,Stufful - 111/132,111/132,Common,Colorless,70,Basic,2,Fx2,,ME01: Mega Evolution,2025-09-26,Reverse Holofoil,0.26
654451,Bewear,112/132,Common,Colorless,130,Stage 1,3,Fx2,,ME01: Mega Evolution,2025-09-26,Reverse Holofoil,0.24
654451,Bewear,112/132,Common,Colorless,130,Stage 1,3,Fx2,,ME01: Mega Evolution,2025-09-26,Normal,0.1
654472,Bulbasaur - 133/132,133/132,Illustration Rare,Grass,80,Basic,2,Rx2,,ME01: Mega Evolution,2025-09-26,Holofoil,19.6
654473,Ivysaur - 134/132,134/132,Illustration Rare,Grass,110,Stage 1,3,Rx2,,ME01: Mega Evolution,2025-09-26,Holofoil,19.21
654474,Exeggutor - 135/132,135/132,Illustration Rare,Grass,140,Stage 1,2,Rx2,,ME01: Mega Evolution,2025-09-26,Holofoil,6.03
654475,Shuckle - 136/132,136/132,Illustration Rare,Grass,80,Basic,1,Rx2,,ME01: Mega Evolution,2025-09-26,Holofoil,8.49
654476,Ninjask - 137/132,137/132,Illustration Rare,Grass,80,Stage 1,0,Rx2,,ME01: Mega Evolution,2025-09-26,Holofoil,3.53
654477,Vulpix - 138/132,138/132,Illustration Rare,Fire,70,Basic,1,Wx2,,ME01: Mega Evolution,2025-09-26,Holofoil,20.12
654478,Litleo - 139/132,139/132,Illustration Rare,Fire,70,Basic,2,Wx2,,ME01: Mega Evolution,2025-09-26,Holofoil,5.0
654479,Snover - 140/132,140/132,Illustration Rare,Water,90,Basic,3,Mx2,,ME01: Mega Evolution,2025-09-26,Holofoil,2.1
654480,Clawitzer - 141/132,141/132,Illustration Rare,Water,130,Stage 1,2,Lx2,,ME01: Mega Evolution,2025-09-26,Holofoil,2.03
654481,Inteleon - 142/132,142/132,Illustration Rare,Water,150,Stage 2,1,Lx2,,ME01: Mega Evolution,2025-09-26,Holofoil,2.73
654482,Helioptile - 143/132,143/132,Illustration Rare,Lightning,70,Basic,1,Fx2,,ME01: Mega Evolution,2025-09-26,Holofoil,3.35
654483,Shedinja - 144/132,144/132,Illustration Rare,Psychic,60,Stage 1,0,Dx2,F-30,ME01: Mega Evolution,2025-09-26,Holofoil,3.04
654484,Houndstone - 145/132,145/132,Illustration Rare,Psychic,140,Stage 1,3,Dx2,F-30,ME01: Mega Evolution,2025-09-26,Holofoil,2.78
654485,Marshadow - 146/132,146/132,Illustration Rare,Fighting,90,Basic,1,Px2,,ME01: Mega Evolution,2025-09-26,Holofoil,12.63
654486,Garganacl - 147/132,147/132,Illustration Rare,Fighting,180,Stage 2,4,Gx2,,ME01: Mega Evolution,2025-09-26,Holofoil,1.29
654487,Spiritomb - 148/132,148/132,Illustration Rare,Darkness,80,Basic,1,Gx2,,ME01: Mega Evolution,2025-09-26,Holofoil,2.58
654488,Shroodle - 149/132,149/132,Illustration Rare,Darkness,60,Basic,1,Fx2,,ME01: Mega Evolution,2025-09-26,Holofoil,2.14
654489,Steelix - 150/132,150/132,Illustration Rare,Metal,200,Stage 1,4,Rx2,G-30,ME01: Mega Evolution,2025-09-26,Holofoil,7.36
654490,Spearow - 151/132,151/132,Illustration Rare,Colorless,60,Basic,1,Lx2,F-30,ME01: Mega Evolution,2025-09-26,Holofoil,4.33
654491,Delibird - 152/132,152/132,Illustration Rare,Colorless,90,Basic,1,Lx2,F-30,ME01: Mega Evolution,2025-09-26,Holofoil,2.97
654492,Gumshoos - 153/132,153/132,Illustration Rare,Colorless,100,Stage 1,1,Fx2,,ME01: Mega Evolution,2025-09-26,Holofoil,2.84
654493,Stufful - 154/132,154/132,Illustration Rare,Colorless,70,Basic,2,Fx2,,ME01: Mega Evolution,2025-09-26,Holofoil,7.36
654494,Mega Venusaur ex - 155/132,155/132,Ultra Rare,Grass,380,Stage 2,4,Rx2,,ME01: Mega Evolution,2025-09-26,Holofoil,11.81
654495,Mega Camerupt ex - 156/132,156/132,Ultra Rare,Fire,340,Stage 1,4,Wx2,,ME01: Mega Evolution,2025-09-26,Holofoil,1.65
654496,Mega Abomasnow ex - 157/132,157/132,Ultra Rare,Water,350,Stage 1,4,Mx2,,ME01: Mega Evolution,2025-09-26,Holofoil,2.01
654497,Mega Manectric ex - 158/132,158/132,Ultra Rare,Lightning,330,Stage 1,0,Fx2,,ME01: Mega Evolution,2025-09-26,Holofoil,2.61
654498,Mega Gardevoir ex - 159/132,159/132,Ultra Rare,Psychic,360,Stage 2,2,Dx2,F-30,ME01: Mega Evolution,2025-09-26,Holofoil,5.19
654499,Mega Lucario ex - 160/132,160/132,Ultra Rare,Fighting,340,Stage 1,2,Px2,,ME01: Mega Evolution,2025-09-26,Holofoil,12.57
654500,Mega Absol ex - 161/132,161/132,Ultra Rare,Darkness,280,Basic,2,Gx2,,ME01: Mega Evolution,2025-09-26,Holofoil,4.72
654501,Mega Mawile ex - 162/132,162/132,Ultra Rare,Metal,270,Basic,2,Rx2,G-30,ME01: Mega Evolution,2025-09-26,Holofoil,2.28
654502,Mega Latias ex - 163/132,163/132,Ultra Rare,Dragon,280,Basic,1,,,ME01: Mega Evolution,2025-09-26,Holofoil,5.1
654503,Mega Kangaskhan ex - 164/132,164/132,Ultra Rare,Colorless,300,Basic,3,Fx2,,ME01: Mega Evolution,2025-09-26,Holofoil,5.57
654516,Mega Venusaur ex - 177/132,177/132,Special Illustration Rare,Grass,380,Stage 2,4,Rx2,,ME01: Mega Evolution,2025-09-26,Holofoil,154.51
654517,Mega Gardevoir ex - 178/132,178/132,Special Illustration Rare,Psychic,360,Stage 2,2,Dx2,F-30,ME01: Mega Evolution,2025-09-26,Holofoil,186.39
654518,Mega Lucario ex - 179/132,179/132,Special Illustration Rare,Fighting,340,Stage 1,2,Px2,,ME01: Mega Evolution,2025-09-26,Holofoil,185.54
654519,Mega Absol ex - 180/132,180/132,Special Illustration Rare,Darkness,280,Basic,2,Gx2,,ME01: Mega Evolution,2025-09-26,Holofoil,52.03
654520,Mega Latias ex - 181/132,181/132,Special Illustration Rare,Dragon,280,Basic,1,,,ME01: Mega Evolution,2025-09-26,Holofoil,80.32
654521,Mega Kangaskhan ex - 182/132,182/132,Special Illustration Rare,Colorless,300,Basic,3,Fx2,,ME01: Mega Evolution,2025-09-26,Holofoil,58.26
654526,Mega Gardevoir ex - 187/132,187/132,Mega Hyper Rare,Psychic,360,Stage 2,2,Dx2,F-30,ME01: Mega Evolution,2025-09-26,Holofoil,196.43
654527,Mega Lucario ex - 188/132,188/132,Mega Hyper Rare,Fighting,340,Stage 1,2,Px2,,ME01: Mega Evolution,2025-09-26,Holofoil,252.61
83485,Aipom,026/111,Uncommon,Colorless,40,Basic,,F,P-30,Neo Genesis,2000-12-16,1st Edition,4.94
83485,Aipom,026/111,Uncommon,Colorless,40,Basic,,F,P-30,Neo Genesis,2000-12-16,Unlimited,2.62
83534,Ampharos,001/111,Holo Rare,Lightning,80,Stage 2,2,F,,Neo Genesis,2000-12-16,1st Edition Holofoil,91.95
83534,Ampharos,001/111,Holo Rare,Lightning,80,Stage 2,2,F,,Neo Genesis,2000-12-16,Unlimited Holofoil,38.7
83615,Ariados,027/111,Uncommon,Grass,60,Stage 1,1,R,,Neo Genesis,2000-12-16,1st Edition,4.36
83615,Ariados,027/111,Uncommon,Grass,60,Stage 1,1,R,,Neo Genesis,2000-12-16,Unlimited,1.23
83678,Azumarill,002/111,Holo Rare,Water,70,Stage 1,1,L,,Neo Genesis,2000-12-16,1st Edition Holofoil,103.74
83678,Azumarill,002/111,Holo Rare,Water,70,Stage 1,1,L,,Neo Genesis,2000-12-16,Unlimited Holofoil,28.53
83743,Bayleef (28),028/111,Uncommon,Grass,70,Stage 1,,R,,Neo Genesis,2000-12-16,1st Edition,12.31
83743,Bayleef (28),028/111,Uncommon,Grass,70,Stage 1,,R,,Neo Genesis,2000-12-16,Unlimited,3.27
83744,Bayleef (29),029/111,Uncommon,Grass,80,Stage 1,2,R,,Neo Genesis,2000-12-16,1st Edition,5.32
83744,Bayleef (29),029/111,Uncommon,Grass,80,Stage 1,2,R,,Neo Genesis,2000-12-16,Unlimited,3.6
83795,Bellossom,003/111,Holo Rare,Grass,70,Stage 2,2,R,,Neo Genesis,2000-12-16,1st Edition Holofoil,91.21
83795,Bellossom,003/111,Holo Rare,Grass,70,Stage 2,2,R,,Neo Genesis,2000-12-16,Unlimited Holofoil,27.3
84272,Chikorita (53),53/111,Common,Grass,40,Basic,1,R,,Neo Genesis,2000-12-16,1st Edition,7.6
84272,Chikorita (53),53/111,Common,Grass,40,Basic,1,R,,Neo Genesis,2000-12-16,Unlimited,2.99
84273,Chikorita (54),054/111,Common,Grass,50,Basic,1,R,,Neo Genesis,2000-12-16,1st Edition,5.22
84273,Chikorita (54),054/111,Common,Grass,50,Basic,1,R,,Neo Genesis,2000-12-16,Unlimited,1.99
84300,Chinchou,055/111,Common,Lightning,50,Basic,1,F,,Neo Genesis,2000-12-16,1st Edition,1.87
84300,Chinchou,055/111,Common,Lightning,50,Basic,1,F,,Neo Genesis,2000-12-16,Unlimited,0.54
84352,Clefairy,030/111,Uncommon,Colorless,50,Basic,1,F,P-30,Neo Genesis,2000-12-16,1st Edition,23.6
84352,Clefairy,030/111,Uncommon,Colorless,50,Basic,1,F,P-30,Neo Genesis,2000-12-16,Unlimited,6.16
84362,Cleffa,020/111,Rare,Colorless,30,Basic,,,,Neo Genesis,2000-12-16,1st Edition,22.67
84362,Cleffa,020/111,Rare,Colorless,30,Basic,,,,Neo Genesis,2000-12-16,Unlimited,15.25
84495,Croconaw (31),031/111,Uncommon,Water,70,Stage 1,2,G,,Neo Genesis,2000-12-16,1st Edition,6.83
84495,Croconaw (31),031/111,Uncommon,Water,70,Stage 1,2,G,,Neo Genesis,2000-12-16,Unlimited,2.94
84496,Croconaw (32),032/111,Uncommon,Water,80,Stage 1,2,G,,Neo Genesis,2000-12-16,1st Edition,4.91
84496,Croconaw (32),032/111,Uncommon,Water,80,Stage 1,2,G,,Neo Genesis,2000-12-16,Unlimited,1.8
84543,Cyndaquil (56),056/111,Common,Fire,40,Basic,1,W,,Neo Genesis,2000-12-16,1st Edition,17.16
84543,Cyndaquil (56),056/111,Common,Fire,40,Basic,1,W,,Neo Genesis,2000-12-16,Unlimited,1.99
84544,Cyndaquil (57),057/111,Common,Fire,50,Basic,1,W,,Neo Genesis,2000-12-16,1st Edition,14.18
84544,Cyndaquil (57),057/111,Common,Fire,50,Basic,1,W,,Neo Genesis,2000-12-16,Unlimited,2.73
84872,Donphan,021/111,Rare,Fighting,70,Stage 1,3,G,L-30,Neo Genesis,2000-12-16,1st Edition,7.05
84872,Donphan,021/111,Rare,Fighting,70,Stage 1,3,G,L-30,Neo Genesis,2000-12-16,Unlimited,6.14
85109,Electabuzz,033/111,Uncommon,Lightning,70,Basic,1,F,,Neo Genesis,2000-12-16,1st Edition,5.74
85109,Electabuzz,033/111,Uncommon,Lightning,70,Basic,1,F,,Neo Genesis,2000-12-16,Unlimited,1.94
85168,Elekid,022/111,Rare,Lightning,30,Baby,,,,Neo Genesis,2000-12-16,1st Edition,21.2
85168,Elekid,022/111,Rare,Lightning,30,Baby,,,,Neo Genesis,2000-12-16,Unlimited,4.48
85412,Feraligatr (4),004/111,Holo Rare,Water,100,Stage 2,3,G,,Neo Genesis,2000-12-16,1st Edition Holofoil,204.46
85412,Feraligatr (4),004/111,Holo Rare,Water,100,Stage 2,3,G,,Neo Genesis,2000-12-16,Unlimited Holofoil,132.36
85413,Feraligatr (5),005/111,Holo Rare,Water,120,Stage 2,3,G,,Neo Genesis,2000-12-16,1st Edition Holofoil,182.59
85413,Feraligatr (5),005/111,Holo Rare,Water,120,Stage 2,3,G,,Neo Genesis,2000-12-16,Unlimited Holofoil,136.49
85474,Flaaffy,034/111,Uncommon,Lightning,60,Stage 1,1,F,,Neo Genesis,2000-12-16,1st Edition,6.48
85474,Flaaffy,034/111,Uncommon,Lightning,60,Stage 1,1,F,,Neo Genesis,2000-12-16,Unlimited,5.18
85589,Furret,035/111,Uncommon,Colorless,60,Stage 1,1,F,P-30,Neo Genesis,2000-12-16,1st Edition,8.23
85589,Furret,035/111,Uncommon,Colorless,60,Stage 1,1,F,P-30,Neo Genesis,2000-12-16,Unlimited,2.08
85726,Girafarig,058/111,Common,Psychic,60,Basic,1,,,Neo Genesis,2000-12-16,1st Edition,2.5
85726,Girafarig,058/111,Common,Psychic,60,Basic,1,,,Neo Genesis,2000-12-16,Unlimited,0.69
85764,Gligar,059/111,Common,Fighting,60,Basic,,G,F-30,Neo Genesis,2000-12-16,1st Edition,1.96
85764,Gligar,059/111,Common,Fighting,60,Basic,,G,F-30,Neo Genesis,2000-12-16,Unlimited,0.91
85778,Gloom,036/111,Uncommon,Grass,60,Stage 1,1,R,,Neo Genesis,2000-12-16,1st Edition,5.87
85778,Gloom,036/111,Uncommon,Grass,60,Stage 1,1,R,,Neo Genesis,2000-12-16,Unlimited,2.14
85861,Granbull,037/111,Uncommon,Colorless,70,Stage 1,2,F,P-30,Neo Genesis,2000-12-16,1st Edition,2.35
85861,Granbull,037/111,Uncommon,Colorless,70,Stage 1,2,F,P-30,Neo Genesis,2000-12-16,Unlimited,1.89
86059,Heracross,006/111,Holo Rare,Grass,60,Basic,2,R,,Neo Genesis,2000-12-16,1st Edition Holofoil,188.95
86059,Heracross,006/111,Holo Rare,Grass,60,Basic,2,R,,Neo Genesis,2000-12-16,Unlimited Holofoil,45.98
86169,Hoothoot,060/111,Common,Colorless,50,Basic,1,L,F-30,Neo Genesis,2000-12-16,1st Edition,2.45
86169,Hoothoot,060/111,Common,Colorless,50,Basic,1,L,F-30,Neo Genesis,2000-12-16,Unlimited,1.3
86177,Hoppip,061/111,Common,Grass,50,Basic,,R,F-30,Neo Genesis,2000-12-16,1st Edition,2.29
86177,Hoppip,061/111,Common,Grass,50,Basic,,R,F-30,Neo Genesis,2000-12-16,Unlimited,0.62
86185,Horsea,062/111,Common,Water,50,Basic,,L,,Neo Genesis,2000-12-16,1st Edition,3.42
86185,Horsea,062/111,Common,Water,50,Basic,,L,,Neo Genesis,2000-12-16,Unlimited,1.09
86361,Jumpluff,007/111,Holo Rare,Grass,70,Stage 2,,R,F-30,Neo Genesis,2000-12-16,1st Edition Holofoil,73.2
86361,Jumpluff,007/111,Holo Rare,Grass,70,Stage 2,,R,F-30,Neo Genesis,2000-12-16,Unlimited Holofoil,11.42
86440,Kingdra,008/111,Holo Rare,Water,90,Stage 2,2,,,Neo Genesis,2000-12-16,1st Edition Holofoil,124.0
86440,Kingdra,008/111,Holo Rare,Water,90,Stage 2,2,,,Neo Genesis,2000-12-16,Unlimited Holofoil,22.08
86603,Lanturn,038/111,Uncommon,Lightning,70,Stage 1,2,F,,Neo Genesis,2000-12-16,1st Edition,2.79
86603,Lanturn,038/111,Uncommon,Lightning,70,Stage 1,2,F,,Neo Genesis,2000-12-16,Unlimited,1.1
86692,Ledian,039/111,Uncommon,Grass,60,Stage 1,,R,F-30,Neo Genesis,2000-12-16,1st Edition,2.71
86692,Ledian,039/111,Uncommon,Grass,60,Stage 1,,R,F-30,Neo Genesis,2000-12-16,Unlimited,1.58
86699,Ledyba,063/111,Common,Grass,40,Basic,,R,F-30,Neo Genesis,2000-12-16,1st Edition,2.5
86699,Ledyba,063/111,Common,Grass,40,Basic,,R,F-30,Neo Genesis,2000-12-16,Unlimited,1.19
86903,Lugia,009/111,Holo Rare,Colorless,90,Basic,2,P,F-30,Neo Genesis,2000-12-16,1st Edition Holofoil,1085.03
86903,Lugia,009/111,Holo Rare,Colorless,90,Basic,2,P,F-30,Neo Genesis,2000-12-16,Unlimited Holofoil,518.99
87001,Magby,023/111,Rare,Fire,30,Basic,,,,Neo Genesis,2000-12-16,1st Edition,13.32
87001,Magby,023/111,Rare,Fire,30,Basic,,,,Neo Genesis,2000-12-16,Unlimited,2.92
87042,Magmar,040/111,Uncommon,Fire,70,Basic,2,W,,Neo Genesis,2000-12-16,1st Edition,5.06
87042,Magmar,040/111,Uncommon,Fire,70,Basic,2,W,,Neo Genesis,2000-12-16,Unlimited,1.09
87179,Mantine,064/111,Common,Water,60,Basic,1,L,F-30,Neo Genesis,2000-12-16,1st Edition,2.32
87179,Mantine,064/111,Common,Water,60,Basic,1,L,F-30,Neo Genesis,2000-12-16,Unlimited,0.51
87193,Mareep,065/111,Common,Lightning,40,Basic,1,F,,Neo Genesis,2000-12-16,1st Edition,3.14
87193,Mareep,065/111,Common,Lightning,40,Basic,1,F,,Neo Genesis,2000-12-16,Unlimited,1.44
87213,Marill,066/111,Common,Water,40,Basic,1,L,,Neo Genesis,2000-12-16,1st Edition,8.21
87213,Marill,066/111,Common,Water,40,Basic,1,L,,Neo Genesis,2000-12-16,Unlimited,1.08
87286,Meganium (10),010/111,Holo Rare,Grass,100,Stage 2,3,R,,Neo Genesis,2000-12-16,1st Edition Holofoil,146.89
87286,Meganium (10),010/111,Holo Rare,Grass,100,Stage 2,3,R,,Neo Genesis,2000-12-16,Unlimited Holofoil,69.39
87287,Meganium (11),011/111,Holo Rare,Grass,100,Stage 2,3,R,,Neo Genesis,2000-12-16,1st Edition Holofoil,234.46
87287,Meganium (11),011/111,Holo Rare,Grass,100,Stage 2,3,R,,Neo Genesis,2000-12-16,Unlimited Holofoil,101.17
87461,Miltank,041/111,Uncommon,Colorless,70,Basic,2,F,P-30,Neo Genesis,2000-12-16,1st Edition,12.43
87461,Miltank,041/111,Uncommon,Colorless,70,Basic,2,F,P-30,Neo Genesis,2000-12-16,Unlimited,3.71
87646,Murkrow,024/111,Rare,Darkness,50,Basic,,,P-30,Neo Genesis,2000-12-16,1st Edition,9.63
87646,Murkrow,024/111,Rare,Darkness,50,Basic,,,P-30,Neo Genesis,2000-12-16,Unlimited,4.46
87681,Natu,067/111,Common,Psychic,30,Basic,,P,F-30,Neo Genesis,2000-12-16,1st Edition,2.1
87681,Natu,067/111,Common,Psychic,30,Basic,,P,F-30,Neo Genesis,2000-12-16,Unlimited,0.88
87791,Noctowl,042/111,Uncommon,Colorless,60,Stage 1,,L,F-30,Neo Genesis,2000-12-16,1st Edition,10.42
87791,Noctowl,042/111,Uncommon,Colorless,60,Stage 1,,L,F-30,Neo Genesis,2000-12-16,Unlimited,3.83
87838,Oddish,068/111,Common,Grass,40,Basic,1,R,,Neo Genesis,2000-12-16,1st Edition,2.04
87838,Oddish,068/111,Common,Grass,40,Basic,1,R,,Neo Genesis,2000-12-16,Unlimited,0.99
87875,Onix,069/111,Common,Fighting,60,Basic,2,G,,Neo Genesis,2000-12-16,1st Edition,3.38
87875,Onix,069/111,Common,Fighting,60,Basic,2,G,,Neo Genesis,2000-12-16,Unlimited,1.29
87995,Phanpy,043/111,Uncommon,Fighting,40,Basic,1,G,L-30,Neo Genesis,2000-12-16,1st Edition,3.3
87995,Phanpy,043/111,Uncommon,Fighting,40,Basic,1,G,L-30,Neo Genesis,2000-12-16,Unlimited,1.37
88011,Pichu,012/111,Holo Rare,Lightning,30,Basic,,,,Neo Genesis,2000-12-16,1st Edition Holofoil,272.54
88011,Pichu,012/111,Holo Rare,Lightning,30,Basic,,,,Neo Genesis,2000-12-16,Unlimited Holofoil,123.87
88072,Pikachu,070/111,Common,Lightning,50,Basic,1,F,,Neo Genesis,2000-12-16,1st Edition,41.53
88072,Pikachu,070/111,Common,Lightning,50,Basic,1,F,,Neo Genesis,2000-12-16,Unlimited,12.15
88116,Piloswine,044/111,Uncommon,Water,80,Stage 1,3,G,L-30,Neo Genesis,2000-12-16,1st Edition,3.5
88116,Piloswine,044/111,Uncommon,Water,80,Stage 1,3,G,L-30,Neo Genesis,2000-12-16,Unlimited,1.62
88468,Quagsire,045/111,Uncommon,Water,70,Stage 1,2,G,L-30,Neo Genesis,2000-12-16,1st Edition,8.77
88468,Quagsire,045/111,Uncommon,Water,70,Stage 1,2,G,L-30,Neo Genesis,2000-12-16,Unlimited,6.6
88480,Quilava (46),046/111,Uncommon,Fire,60,Stage 1,1,W,,Neo Genesis,2000-12-16,1st Edition,8.94
88480,Quilava (46),046/111,Uncommon,Fire,60,Stage 1,1,W,,Neo Genesis,2000-12-16,Unlimited,3.34
88481,Quilava (47),047/111,Uncommon,Fire,70,Stage 1,1,W,,Neo Genesis,2000-12-16,1st Edition,10.68
88481,Quilava (47),047/111,Uncommon,Fire,70,Stage 1,1,W,,Neo Genesis,2000-12-16,Unlimited,4.63
89009,Seadra,048/111,Uncommon,Water,70,Stage 1,1,L,,Neo Genesis,2000-12-16,1st Edition,3.19
89009,Seadra,048/111,Uncommon,Water,70,Stage 1,1,L,,Neo Genesis,2000-12-16,Unlimited,1.49
89062,Sentret,071/111,Common,Colorless,40,Basic,1,F,P-30,Neo Genesis,2000-12-16,1st Edition,3.07
89062,Sentret,071/111,Common,Colorless,40,Basic,1,F,P-30,Neo Genesis,2000-12-16,Unlimited,1.23
89188,Shuckle,072/111,Common,Grass,50,Basic,1,R,,Neo Genesis,2000-12-16,1st Edition,4.63
89188,Shuckle,072/111,Common,Grass,50,Basic,1,R,,Neo Genesis,2000-12-16,Unlimited,1.59
89232,Skarmory,013/111,Holo Rare,Metal,60,Basic,2,R,G-30,Neo Genesis,2000-12-16,1st Edition Holofoil,77.52
89232,Skarmory,013/111,Holo Rare,Metal,60,Basic,2,R,G-30,Neo Genesis,2000-12-16,Unlimited Holofoil,31.64
89252,Skiploom,049/111,Uncommon,Grass,60,Stage 1,,R,F-30,Neo Genesis,2000-12-16,1st Edition,2.19
89252,Skiploom,049/111,Uncommon,Grass,60,Stage 1,,R,F-30,Neo Genesis,2000-12-16,Unlimited,0.81
89311,Slowking,014/111,Holo Rare,Psychic,80,Stage 1,3,P,,Neo Genesis,2000-12-16,1st Edition Holofoil,202.94
89311,Slowking,014/111,Holo Rare,Psychic,80,Stage 1,3,P,,Neo Genesis,2000-12-16,Unlimited Holofoil,79.1
89323,Slowpoke,073/111,Common,Psychic,50,Basic,1,P,,Neo Genesis,2000-12-16,1st Edition,14.98
89323,Slowpoke,073/111,Common,Psychic,50,Basic,1,P,,Neo Genesis,2000-12-16,Unlimited,7.68
89367,Sneasel,025/111,Rare,Darkness,60,Basic,,,P-30,Neo Genesis,2000-12-16,1st Edition,17.23
89367,Sneasel,025/111,Rare,Darkness,60,Basic,,,P-30,Neo Genesis,2000-12-16,Unlimited,8.53
89412,Snubbull,074/111,Common,Colorless,50,Basic,1,F,P-30,Neo Genesis,2000-12-16,1st Edition,2.21
89412,Snubbull,074/111,Common,Colorless,50,Basic,1,F,P-30,Neo Genesis,2000-12-16,Unlimited,0.81
89453,Spinarak,075/111,Common,Grass,40,Basic,1,R,,Neo Genesis,2000-12-16,1st Edition,1.8
89453,Spinarak,075/111,Common,Grass,40,Basic,1,R,,Neo Genesis,2000-12-16,Unlimited,0.56
89501,Stantler,076/111,Common,Colorless,60,Basic,,F,P-30,Neo Genesis,2000-12-16,1st Edition,2.47
89501,Stantler,076/111,Common,Colorless,60,Basic,,F,P-30,Neo Genesis,2000-12-16,Unlimited,0.67
89555,Steelix,015/111,Holo Rare,Metal,110,Stage 1,4,R,G-30,Neo Genesis,2000-12-16,1st Edition Holofoil,117.51
89555,Steelix,015/111,Holo Rare,Metal,110,Stage 1,4,R,G-30,Neo Genesis,2000-12-16,Unlimited Holofoil,49.05
89592,Sudowoodo,077/111,Common,Fighting,60,Basic,3,G,,Neo Genesis,2000-12-16,1st Edition,4.55
89592,Sudowoodo,077/111,Common,Fighting,60,Basic,3,G,,Neo Genesis,2000-12-16,Unlimited,0.91
89612,Sunflora,050/111,Uncommon,Grass,70,Stage 1,1,R,,Neo Genesis,2000-12-16,1st Edition,3.93
89612,Sunflora,050/111,Uncommon,Grass,70,Stage 1,1,R,,Neo Genesis,2000-12-16,Unlimited,2.24
89617,Sunkern,078/111,Common,Grass,40,Basic,2,R,,Neo Genesis,2000-12-16,1st Edition,2.35
89617,Sunkern,078/111,Common,Grass,40,Basic,2,R,,Neo Genesis,2000-12-16,Unlimited,0.91
89698,Swinub,079/111,Common,Water,40,Basic,1,G,L-30,Neo Genesis,2000-12-16,1st Edition,2.24
89698,Swinub,079/111,Common,Water,40,Basic,1,G,L-30,Neo Genesis,2000-12-16,Unlimited,0.62
89929,Togepi,051/111,Uncommon,Colorless,40,Basic,1,,P-30,Neo Genesis,2000-12-16,1st Edition,33.42
89929,Togepi,051/111,Uncommon,Colorless,40,Basic,1,,P-30,Neo Genesis,2000-12-16,Unlimited,9.18
89939,Togetic,016/111,Holo Rare,Colorless,60,Stage 1,,,F-30,Neo Genesis,2000-12-16,1st Edition Holofoil,175.0
89939,Togetic,016/111,Holo Rare,Colorless,60,Stage 1,,,F-30,Neo Genesis,2000-12-16,Unlimited Holofoil,44.18
89991,Totodile (80),080/111,Common,Water,40,Basic,1,G,,Neo Genesis,2000-12-16,1st Edition,13.25
89991,Totodile (80),080/111,Common,Water,40,Basic,1,G,,Neo Genesis,2000-12-16,Unlimited,2.2
89992,Totodile (81),081/111,Common,Water,50,Basic,1,G,,Neo Genesis,2000-12-16,1st Edition,10.96
89992,Totodile (81),081/111,Common,Water,50,Basic,1,G,,Neo Genesis,2000-12-16,Unlimited,2.21
90098,Typhlosion (17),017/111,Holo Rare,Fire,100,Stage 2,2,W,,Neo Genesis,2000-12-16,1st Edition Holofoil,321.0
90098,Typhlosion (17),017/111,Holo Rare,Fire,100,Stage 2,2,W,,Neo Genesis,2000-12-16,Unlimited Holofoil,199.8
90099,Typhlosion (18),018/111,Holo Rare,Fire,100,Stage 2,2,W,,Neo Genesis,2000-12-16,1st Edition Holofoil,699.99
90099,Typhlosion (18),018/111,Holo Rare,Fire,100,Stage 2,2,W,,Neo Genesis,2000-12-16,Unlimited Holofoil,140.23
90632,Wooper,082/111,Common,Water,50,Basic,1,G,L-30,Neo Genesis,2000-12-16,1st Edition,9.52
90632,Wooper,082/111,Common,Water,50,Basic,1,G,L-30,Neo Genesis,2000-12-16,Unlimited,3.2
90661,Xatu,052/111,Uncommon,Psychic,80,Stage 1,1,P,F-30,Neo Genesis,2000-12-16,1st Edition,2.66
90661,Xatu,052/111,Uncommon,Psychic,80,Stage 1,1,P,F-30,Neo Genesis,2000-12-16,Unlimited,1.9
83767,Beedrill,18/75,Rare,Grass,80,Stage 2,,R,F-30,Neo Discovery,2001-06-01,1st Edition,26.44
83767,Beedrill,18/75,Rare,Grass,80,Stage 2,,R,F-30,Neo Discovery,2001-06-01,Unlimited,11.54
84061,Butterfree,19/75,Rare,Grass,80,Stage 2,,R,F-30,Neo Discovery,2001-06-01,1st Edition,28.86
84061,Butterfree,19/75,Rare,Grass,80,Stage 2,,R,F-30,Neo Discovery,2001-06-01,Unlimited,3.91
84133,Caterpie,53/75,Common,Grass,50,Basic,1,R,,Neo Discovery,2001-06-01,1st Edition,8.0
84133,Caterpie,53/75,Common,Grass,50,Basic,1,R,,Neo Discovery,2001-06-01,Unlimited,2.31
84437,Corsola,37/75,Uncommon,Water,50,Basic,1,G,,Neo Discovery,2001-06-01,1st Edition,27.38
84437,Corsola,37/75,Uncommon,Water,50,Basic,1,G,,Neo Discovery,2001-06-01,Unlimited,9.77
85007,Dunsparce,54/75,Common,Colorless,30,Basic,,F,P-30,Neo Discovery,2001-06-01,1st Edition,2.73
85007,Dunsparce,54/75,Common,Colorless,30,Basic,,F,P-30,Neo Discovery,2001-06-01,Unlimited,0.73
85075,Eevee,38/75,Uncommon,Colorless,50,Basic,1,F,P-30,Neo Discovery,2001-06-01,1st Edition,31.19
85075,Eevee,38/75,Uncommon,Colorless,50,Basic,1,F,P-30,Neo Discovery,2001-06-01,Unlimited,9.17
85316,Espeon (1),01/75,Holo Rare,Psychic,80,Stage 1,,P,,Neo Discovery,2001-06-01,1st Edition Holofoil,237.5
85316,Espeon (1),01/75,Holo Rare,Psychic,80,Stage 1,,P,,Neo Discovery,2001-06-01,Unlimited Holofoil,365.17
85320,Espeon (20),20/75,Rare,Psychic,70,Stage 1,1,P,,Neo Discovery,2001-06-01,1st Edition,94.57
85320,Espeon (20),20/75,Rare,Psychic,70,Stage 1,1,P,,Neo Discovery,2001-06-01,Unlimited,32.79
85542,Forretress (2),02/75,Holo Rare,Metal,80,Stage 1,3,R,G-30,Neo Discovery,2001-06-01,1st Edition Holofoil,64.99
85542,Forretress (2),02/75,Holo Rare,Metal,80,Stage 1,3,R,G-30,Neo Discovery,2001-06-01,Unlimited Holofoil,32.07
85545,Forretress (21),21/75,Rare,Metal,80,Stage 1,3,R,G-30,Neo Discovery,2001-06-01,1st Edition,13.7
85545,Forretress (21),21/75,Rare,Metal,80,Stage 1,3,R,G-30,Neo Discovery,2001-06-01,Unlimited,7.36
86110,Hitmontop (3),03/75,Holo Rare,Fighting,60,Basic,1,P,,Neo Discovery,2001-06-01,1st Edition Holofoil,161.45
86110,Hitmontop (3),03/75,Holo Rare,Fighting,60,Basic,1,P,,Neo Discovery,2001-06-01,Unlimited Holofoil,20.67
86111,Hitmontop (22),22/75,Rare,Fighting,60,Basic,1,P,,Neo Discovery,2001-06-01,1st Edition,16.15
86111,Hitmontop (22),22/75,Rare,Fighting,60,Basic,1,P,,Neo Discovery,2001-06-01,Unlimited,5.76
86176,Hoppip,55/75,Common,Grass,30,Basic,,R,F-30,Neo Discovery,2001-06-01,1st Edition,2.64
86176,Hoppip,55/75,Common,Grass,30,Basic,,R,F-30,Neo Discovery,2001-06-01,Unlimited,0.67
86197,Houndoom (4),04/75,Holo Rare,Darkness,70,Stage 1,1,,P-30,Neo Discovery,2001-06-01,1st Edition Holofoil,190.0
86197,Houndoom (4),04/75,Holo Rare,Darkness,70,Stage 1,1,,P-30,Neo Discovery,2001-06-01,Unlimited Holofoil,87.72
86204,Houndoom (23),23/75,Rare,Darkness,70,Stage 1,1,,P-30,Neo Discovery,2001-06-01,1st Edition,34.17
86204,Houndoom (23),23/75,Rare,Darkness,70,Stage 1,1,,P-30,Neo Discovery,2001-06-01,Unlimited,17.18
86216,Houndour (5),05/75,Holo Rare,Fire,50,Basic,1,W,,Neo Discovery,2001-06-01,1st Edition Holofoil,249.99
86216,Houndour (5),05/75,Holo Rare,Fire,50,Basic,1,W,,Neo Discovery,2001-06-01,Unlimited Holofoil,94.16
86217,Houndour (24),24/75,Rare,Fire,50,Basic,1,W,,Neo Discovery,2001-06-01,1st Edition,35.34
86217,Houndour (24),24/75,Rare,Fire,50,Basic,1,W,,Neo Discovery,2001-06-01,Unlimited,16.23
86218,Houndour (39),39/75,Uncommon,Darkness,40,Basic,1,,P-30,Neo Discovery,2001-06-01,1st Edition,11.04
86218,Houndour (39),39/75,Uncommon,Darkness,40,Basic,1,,P-30,Neo Discovery,2001-06-01,Unlimited,2.92
86257,Igglybuff,40/75,Uncommon,Colorless,30,Basic,,,,Neo Discovery,2001-06-01,1st Edition,16.65
86257,Igglybuff,40/75,Uncommon,Colorless,30,Basic,,,,Neo Discovery,2001-06-01,Unlimited,5.63
86383,Kabuto,56/75,Common,Water,50,Stage 1,1,G,,Neo Discovery,2001-06-01,1st Edition,13.07
86383,Kabuto,56/75,Common,Water,50,Stage 1,1,G,,Neo Discovery,2001-06-01,Unlimited,2.7
86389,Kabutops (6),06/75,Holo Rare,Water,90,Stage 2,2,G,,Neo Discovery,2001-06-01,1st Edition Holofoil,132.47
86389,Kabutops (6),06/75,Holo Rare,Water,90,Stage 2,2,G,,Neo Discovery,2001-06-01,Unlimited Holofoil,87.25
86394,Kabutops (25),25/75,Rare,Water,90,Stage 2,2,G,,Neo Discovery,2001-06-01,1st Edition,29.38
86394,Kabutops (25),25/75,Rare,Water,90,Stage 2,2,G,,Neo Discovery,2001-06-01,Unlimited,11.68
86408,Kakuna,41/75,Uncommon,Grass,70,Stage 1,2,R,,Neo Discovery,2001-06-01,1st Edition,4.25
86408,Kakuna,41/75,Uncommon,Grass,70,Stage 1,2,R,,Neo Discovery,2001-06-01,Unlimited,0.95
86632,Larvitar,57/75,Common,Fighting,40,Basic,1,G,L-30,Neo Discovery,2001-06-01,1st Edition,3.26
86632,Larvitar,57/75,Common,Fighting,40,Basic,1,G,L-30,Neo Discovery,2001-06-01,Unlimited,0.64
87064,Magnemite (7),07/75,Holo Rare,Metal,40,Basic,1,R,G-30,Neo Discovery,2001-06-01,1st Edition Holofoil,76.02
87064,Magnemite (7),07/75,Holo Rare,Metal,40,Basic,1,R,G-30,Neo Discovery,2001-06-01,Unlimited Holofoil,32.45
87065,Magnemite (26),26,Rare,Metal,40,Basic,1,R,G,Neo Discovery,2001-06-01,1st Edition,13.53
87065,Magnemite (26),26,Rare,Metal,40,Basic,1,R,G,Neo Discovery,2001-06-01,Unlimited,7.25
87192,Mareep,58/75,Common,Lightning,50,Basic,1,F,,Neo Discovery,2001-06-01,1st Edition,3.39
87192,Mareep,58/75,Common,Lightning,50,Basic,1,F,,Neo Discovery,2001-06-01,Unlimited,1.42
87385,Metapod,42/75,Uncommon,Grass,70,Stage 1,2,R,,Neo Discovery,2001-06-01,1st Edition,8.36
87385,Metapod,42/75,Uncommon,Grass,70,Stage 1,2,R,,Neo Discovery,2001-06-01,Unlimited,1.53
87680,Natu,59/75,Common,Psychic,40,Basic,1,P,F-30,Neo Discovery,2001-06-01,1st Edition,2.89
87680,Natu,59/75,Common,Psychic,40,Basic,1,P,F-30,Neo Discovery,2001-06-01,Unlimited,0.6
87856,Omanyte,60/75,Common,Fighting,50,Stage 1,1,G,,Neo Discovery,2001-06-01,1st Edition,14.41
87856,Omanyte,60/75,Common,Fighting,50,Stage 1,1,G,,Neo Discovery,2001-06-01,Unlimited,2.85
87866,Omastar,43/75,Uncommon,Fighting,80,Stage 2,2,G,,Neo Discovery,2001-06-01,1st Edition,4.47
87866,Omastar,43/75,Uncommon,Fighting,80,Stage 2,2,G,,Neo Discovery,2001-06-01,Unlimited,1.36
88122,Pineco,61/75,Common,Grass,40,Basic,2,R,,Neo Discovery,2001-06-01,1st Edition,3.36
88122,Pineco,61/75,Common,Grass,40,Basic,2,R,,Neo Discovery,2001-06-01,Unlimited,0.8
88246,Politoed (8),08/75,Holo Rare,Water,100,Stage 2,3,G,,Neo Discovery,2001-06-01,1st Edition Holofoil,189.36
88246,Politoed (8),08/75,Holo Rare,Water,100,Stage 2,3,G,,Neo Discovery,2001-06-01,Unlimited Holofoil,78.37
88249,Politoed (27),27/75,Rare,Water,100,Stage 2,3,G,,Neo Discovery,2001-06-01,1st Edition,32.39
88249,Politoed (27),27/75,Rare,Water,100,Stage 2,3,G,,Neo Discovery,2001-06-01,Unlimited,19.6
88254,Poliwag,62/75,Common,Water,40,Basic,1,G,,Neo Discovery,2001-06-01,1st Edition,7.92
88254,Poliwag,62/75,Common,Water,40,Basic,1,G,,Neo Discovery,2001-06-01,Unlimited,1.15
88262,Poliwhirl,44/75,Uncommon,Water,70,Stage 1,1,G,,Neo Discovery,2001-06-01,1st Edition,12.93
88262,Poliwhirl,44/75,Uncommon,Water,70,Stage 1,1,G,,Neo Discovery,2001-06-01,Unlimited,3.02
88269,Poliwrath (9),09/75,Holo Rare,Fighting,90,Stage 2,2,P,,Neo Discovery,2001-06-01,1st Edition Holofoil,78.9
88269,Poliwrath (9),09/75,Holo Rare,Fighting,90,Stage 2,2,P,,Neo Discovery,2001-06-01,Unlimited Holofoil,34.95
88274,Poliwrath (28),28/75,Rare,Fighting,90,Stage 2,2,P,,Neo Discovery,2001-06-01,1st Edition,17.12
88274,Poliwrath (28),28/75,Rare,Fighting,90,Stage 2,2,P,,Neo Discovery,2001-06-01,Unlimited,6.81
88445,Pupitar,45/75,Uncommon,Fighting,70,Stage 1,1,G,L-30,Neo Discovery,2001-06-01,1st Edition,5.58
88445,Pupitar,45/75,Uncommon,Fighting,70,Stage 1,1,G,L-30,Neo Discovery,2001-06-01,Unlimited,1.3
88956,Scizor (10),10/75,Holo Rare,Metal,80,Stage 1,2,R,G-30,Neo Discovery,2001-06-01,1st Edition Holofoil,199.0
88956,Scizor (10),10/75,Holo Rare,Metal,80,Stage 1,2,R,G-30,Neo Discovery,2001-06-01,Unlimited Holofoil,74.48
88958,Scizor (29),29/75,Rare,Metal,80,Stage 1,2,R,G-30,Neo Discovery,2001-06-01,1st Edition,38.1
88958,Scizor (29),29/75,Rare,Metal,80,Stage 1,2,R,G-30,Neo Discovery,2001-06-01,Unlimited,14.22
88994,Scyther,46/75,Uncommon,Grass,60,Basic,1,R,F-30,Neo Discovery,2001-06-01,1st Edition,10.68
88994,Scyther,46/75,Uncommon,Grass,60,Basic,1,R,F-30,Neo Discovery,2001-06-01,Unlimited,1.92
89061,Sentret,63/75,Common,Colorless,50,Basic,1,F,P-30,Neo Discovery,2001-06-01,1st Edition,1.95
89061,Sentret,63/75,Common,Colorless,50,Basic,1,F,P-30,Neo Discovery,2001-06-01,Unlimited,0.61
89350,Smeargle (11),11/75,Holo Rare,Colorless,50,Basic,1,F,P-30,Neo Discovery,2001-06-01,1st Edition Holofoil,120.83
89350,Smeargle (11),11/75,Holo Rare,Colorless,50,Basic,1,F,P-30,Neo Discovery,2001-06-01,Unlimited Holofoil,58.22
89351,Smeargle (30),30/75,Rare,Colorless,50,Basic,1,F,P-30,Neo Discovery,2001-06-01,1st Edition,25.33
89351,Smeargle (30),30/75,Rare,Colorless,50,Basic,1,F,P-30,Neo Discovery,2001-06-01,Unlimited,9.33
89452,Spinarak,64/75,Common,Grass,50,Basic,1,R,,Neo Discovery,2001-06-01,1st Edition,2.44
89452,Spinarak,64/75,Common,Grass,50,Basic,1,R,,Neo Discovery,2001-06-01,Unlimited,0.74
89855,Teddiursa,65/75,Common,Colorless,40,Basic,1,F,P-30,Neo Discovery,2001-06-01,1st Edition,5.55
89855,Teddiursa,65/75,Common,Colorless,40,Basic,1,F,P-30,Neo Discovery,2001-06-01,Unlimited,1.24
90113,Tyranitar (12),12/75,Holo Rare,Darkness,100,Stage 2,3,,P-30,Neo Discovery,2001-06-01,1st Edition Holofoil,450.0
90113,Tyranitar (12),12/75,Holo Rare,Darkness,100,Stage 2,3,,P-30,Neo Discovery,2001-06-01,Unlimited Holofoil,144.55
90116,Tyranitar (31),31/75,Rare,Darkness,100,Stage 2,3,,P-30,Neo Discovery,2001-06-01,1st Edition,90.3
90116,Tyranitar (31),31/75,Rare,Darkness,100,Stage 2,3,,P-30,Neo Discovery,2001-06-01,Unlimited,22.3
90128,Tyrogue,66/75,Common,Fighting,30,Basic,,,,Neo Discovery,2001-06-01,1st Edition,3.36
90128,Tyrogue,66/75,Common,Fighting,30,Basic,,,,Neo Discovery,2001-06-01,Unlimited,1.0
90137,Umbreon (13),13/75,Holo Rare,Darkness,80,Stage 1,1,,P-30,Neo Discovery,2001-06-01,Unlimited Holofoil,752.74
90142,Umbreon (32),32/75,Rare,Darkness,70,Stage 1,1,,P-30,Neo Discovery,2001-06-01,1st Edition,300.0
90142,Umbreon (32),32/75,Rare,Darkness,70,Stage 1,1,,P-30,Neo Discovery,2001-06-01,Unlimited,101.03
90196,Unown [A] (14),14/75,Holo Rare,Psychic,40,Basic,1,P,,Neo Discovery,2001-06-01,1st Edition Holofoil,84.99
90196,Unown [A] (14),14/75,Holo Rare,Psychic,40,Basic,1,P,,Neo Discovery,2001-06-01,Unlimited Holofoil,19.85
90197,Unown [A] (33),33/75,Rare,Psychic,40,Basic,1,P,,Neo Discovery,2001-06-01,1st Edition,19.73
90197,Unown [A] (33),33/75,Rare,Psychic,40,Basic,1,P,,Neo Discovery,2001-06-01,Unlimited,9.03
90203,Unown [D],47/75,Uncommon,Psychic,40,Basic,1,P,,Neo Discovery,2001-06-01,1st Edition,3.37
90203,Unown [D],47/75,Uncommon,Psychic,40,Basic,1,P,,Neo Discovery,2001-06-01,Unlimited,2.06
90205,Unown [E],67/75,Common,Psychic,40,Basic,1,P,,Neo Discovery,2001-06-01,1st Edition,2.84
90205,Unown [E],67/75,Common,Psychic,40,Basic,1,P,,Neo Discovery,2001-06-01,Unlimited,0.76
90207,Unown [F],48/75,Uncommon,Psychic,40,Basic,1,P,,Neo Discovery,2001-06-01,1st Edition,4.24
90207,Unown [F],48/75,Uncommon,Psychic,40,Basic,1,P,,Neo Discovery,2001-06-01,Unlimited,2.12
90213,Unown [I],68/75,Common,Psychic,40,Basic,1,P,,Neo Discovery,2001-06-01,1st Edition,2.39
90213,Unown [I],68/75,Common,Psychic,40,Basic,1,P,,Neo Discovery,2001-06-01,Unlimited,0.73
90221,Unown [M],49/75,Uncommon,Psychic,40,Basic,1,P,,Neo Discovery,2001-06-01,1st Edition,5.14
90221,Unown [M],49/75,Uncommon,Psychic,40,Basic,1,P,,Neo Discovery,2001-06-01,Unlimited,1.53
90223,Unown [N],50/75,Uncommon,Psychic,40,Basic,1,P,,Neo Discovery,2001-06-01,1st Edition,7.07
90223,Unown [N],50/75,Uncommon,Psychic,40,Basic,1,P,,Neo Discovery,2001-06-01,Unlimited,1.48
90225,Unown [O],69/75,Common,Psychic,40,Basic,1,P,,Neo Discovery,2001-06-01,1st Edition,2.77
90225,Unown [O],69/75,Common,Psychic,40,Basic,1,P,,Neo Discovery,2001-06-01,Unlimited,0.82
90236,Unown [U],51/75,Uncommon,Psychic,40,Basic,1,P,,Neo Discovery,2001-06-01,1st Edition,4.69
90236,Unown [U],51/75,Uncommon,Psychic,40,Basic,1,P,,Neo Discovery,2001-06-01,Unlimited,2.15
90249,Ursaring (15),15/75,Holo Rare,Colorless,80,Stage 1,3,F,P-30,Neo Discovery,2001-06-01,1st Edition Holofoil,154.99
90249,Ursaring (15),15/75,Holo Rare,Colorless,80,Stage 1,3,F,P-30,Neo Discovery,2001-06-01,Unlimited Holofoil,44.6
90250,Ursaring (34),34/75,Rare,Colorless,80,Stage 1,3,F,P-30,Neo Discovery,2001-06-01,1st Edition,16.7
90250,Ursaring (34),34/75,Rare,Colorless,80,Stage 1,3,F,P-30,Neo Discovery,2001-06-01,Unlimited,6.26
90538,Weedle,70/75,Common,Grass,40,Basic,1,R,,Neo Discovery,2001-06-01,1st Edition,3.78
90538,Weedle,70/75,Common,Grass,40,Basic,1,R,,Neo Discovery,2001-06-01,Unlimited,0.81
90612,Wobbuffet (16),16/75,Holo Rare,Psychic,90,Basic,3,P,,Neo Discovery,2001-06-01,1st Edition Holofoil,104.74
90612,Wobbuffet (16),16/75,Holo Rare,Psychic,90,Basic,3,P,,Neo Discovery,2001-06-01,Unlimited Holofoil,31.44
90614,Wobbuffet (35),35/75,Rare,Psychic,90,Basic,3,P,,Neo Discovery,2001-06-01,1st Edition,16.49
90614,Wobbuffet (35),35/75,Rare,Psychic,90,Basic,3,P,,Neo Discovery,2001-06-01,Unlimited,5.34
90631,Wooper,71/75,Common,Water,50,Basic,1,G,L-30,Neo Discovery,2001-06-01,1st Edition,17.44
90631,Wooper,71/75,Common,Water,50,Basic,1,G,L-30,Neo Discovery,2001-06-01,Unlimited,2.61
90660,Xatu,52/75,Uncommon,Psychic,70,Stage 1,1,P,F-30,Neo Discovery,2001-06-01,1st Edition,2.95
90660,Xatu,52/75,Uncommon,Psychic,70,Stage 1,1,P,F-30,Neo Discovery,2001-06-01,Unlimited,0.96
90680,Yanma (17),17/75,Holo Rare,Grass,60,Basic,,R,F-30,Neo Discovery,2001-06-01,1st Edition Holofoil,72.23
90680,Yanma (17),17/75,Holo Rare,Grass,60,Basic,,R,F-30,Neo Discovery,2001-06-01,Unlimited Holofoil,26.39
90681,Yanma (36),36/75,Rare,Grass,60,Basic,,R,F-30,Neo Discovery,2001-06-01,1st Edition,12.53
90681,Yanma (36),36/75,Rare,Grass,60,Basic,,R,F-30,Neo Discovery,2001-06-01,Unlimited,7.1
642116,Sewaddle,001/086,Common,Grass,50,Basic,1,Rx2,,SV: White Flare,2025-07-18,Reverse Holofoil,0.19
642116,Sewaddle,001/086,Common,Grass,50,Basic,1,Rx2,,SV: White Flare,2025-07-18,Normal,0.04
642117,Swadloon,002/086,Common,Grass,80,Stage 1,2,Rx2,,SV: White Flare,2025-07-18,Normal,0.17
642117,Swadloon,002/086,Common,Grass,80,Stage 1,2,Rx2,,SV: White Flare,2025-07-18,Reverse Holofoil,0.18
642118,Leavanny,003/086,Uncommon,Grass,130,Stage 2,1,Rx2,,SV: White Flare,2025-07-18,Normal,0.17
642118,Leavanny,003/086,Uncommon,Grass,130,Stage 2,1,Rx2,,SV: White Flare,2025-07-18,Reverse Holofoil,0.19
642119,Cottonee,004/086,Common,Grass,60,Basic,1,Rx2,,SV: White Flare,2025-07-18,Reverse Holofoil,0.17
642119,Cottonee,004/086,Common,Grass,60,Basic,1,Rx2,,SV: White Flare,2025-07-18,Normal,0.1
642120,Whimsicott ex,005/086,Double Rare,Grass,230,Stage 1,0,Rx2,,SV: White Flare,2025-07-18,Holofoil,0.75
642121,Deerling,006/086,Common,Grass,70,Basic,1,Rx2,,SV: White Flare,2025-07-18,Reverse Holofoil,0.16
642121,Deerling,006/086,Common,Grass,70,Basic,1,Rx2,,SV: White Flare,2025-07-18,Normal,0.06
642122,Sawsbuck,007/086,Uncommon,Grass,130,Stage 1,2,Rx2,,SV: White Flare,2025-07-18,Normal,0.14
642122,Sawsbuck,007/086,Uncommon,Grass,130,Stage 1,2,Rx2,,SV: White Flare,2025-07-18,Reverse Holofoil,0.24
642123,Shelmet,008/086,Common,Grass,60,Basic,3,Rx2,,SV: White Flare,2025-07-18,Reverse Holofoil,0.14
642123,Shelmet,008/086,Common,Grass,60,Basic,3,Rx2,,SV: White Flare,2025-07-18,Normal,0.11
642124,Accelgor,009/086,Uncommon,Grass,100,Stage 1,1,Rx2,,SV: White Flare,2025-07-18,Normal,0.09
642124,Accelgor,009/086,Uncommon,Grass,100,Stage 1,1,Rx2,,SV: White Flare,2025-07-18,Reverse Holofoil,0.18
642125,Virizion,010/086,Rare,Grass,120,Basic,1,Rx2,,SV: White Flare,2025-07-18,Holofoil,0.17
642125,Virizion,010/086,Rare,Grass,120,Basic,1,Rx2,,SV: White Flare,2025-07-18,Reverse Holofoil,0.24
642126,Tepig,011/086,Common,Fire,70,Basic,1,Wx2,,SV: White Flare,2025-07-18,Holofoil,0.15
642126,Tepig,011/086,Common,Fire,70,Basic,1,Wx2,,SV: White Flare,2025-07-18,Normal,0.14
642126,Tepig,011/086,Common,Fire,70,Basic,1,Wx2,,SV: White Flare,2025-07-18,Reverse Holofoil,0.26
642127,Pignite,012/086,Common,Fire,110,Stage 1,3,Wx2,,SV: White Flare,2025-07-18,Reverse Holofoil,0.19
642127,Pignite,012/086,Common,Fire,110,Stage 1,3,Wx2,,SV: White Flare,2025-07-18,Normal,0.13
642128,Emboar,013/086,Rare,Fire,180,Stage 2,4,Wx2,,SV: White Flare,2025-07-18,Reverse Holofoil,0.24
642128,Emboar,013/086,Rare,Fire,180,Stage 2,4,Wx2,,SV: White Flare,2025-07-18,Holofoil,0.21
642129,Pansear,014/086,Common,Fire,70,Basic,1,Wx2,,SV: White Flare,2025-07-18,Normal,0.05
642129,Pansear,014/086,Common,Fire,70,Basic,1,Wx2,,SV: White Flare,2025-07-18,Reverse Holofoil,0.13
642130,Simisear,015/086,Uncommon,Fire,100,Stage 1,1,Wx2,,SV: White Flare,2025-07-18,Reverse Holofoil,0.26
642130,Simisear,015/086,Uncommon,Fire,100,Stage 1,1,Wx2,,SV: White Flare,2025-07-18,Normal,0.04
642131,Heatmor,019/086,Uncommon,Fire,120,Basic,2,Wx2,,SV: White Flare,2025-07-18,Reverse Holofoil,0.21
642131,Heatmor,019/086,Uncommon,Fire,120,Basic,2,Wx2,,SV: White Flare,2025-07-18,Normal,0.16
642132,Reshiram ex,020/086,Double Rare,Fire,230,Basic,2,Wx2,,SV: White Flare,2025-07-18,Holofoil,0.77
642133,Oshawott,021/086,Common,Water,70,Basic,1,Lx2,,SV: White Flare,2025-07-18,Holofoil,0.22
642133,Oshawott,021/086,Common,Water,70,Basic,1,Lx2,,SV: White Flare,2025-07-18,Normal,0.19
642133,Oshawott,021/086,Common,Water,70,Basic,1,Lx2,,SV: White Flare,2025-07-18,Reverse Holofoil,0.2
642134,Dewott,022/086,Common,Water,100,Stage 1,1,Lx2,,SV: White Flare,2025-07-18,Normal,0.12
642134,Dewott,022/086,Common,Water,100,Stage 1,1,Lx2,,SV: White Flare,2025-07-18,Reverse Holofoil,0.19
642135,Samurott,023/086,Rare,Water,160,Stage 2,2,Lx2,,SV: White Flare,2025-07-18,Holofoil,0.21
642135,Samurott,023/086,Rare,Water,160,Stage 2,2,Lx2,,SV: White Flare,2025-07-18,Reverse Holofoil,0.25
642136,Basculin,024/086,Common,Water,90,Basic,1,Lx2,,SV: White Flare,2025-07-18,Normal,0.05
642136,Basculin,024/086,Common,Water,90,Basic,1,Lx2,,SV: White Flare,2025-07-18,Reverse Holofoil,0.11
642137,Ducklett,025/086,Common,Water,70,Basic,1,Lx2,F-30,SV: White Flare,2025-07-18,Reverse Holofoil,0.17
642137,Ducklett,025/086,Common,Water,70,Basic,1,Lx2,F-30,SV: White Flare,2025-07-18,Normal,0.08
642138,Swanna,026/086,Uncommon,Water,120,Stage 1,1,Lx2,F-30,SV: White Flare,2025-07-18,Normal,0.11
642138,Swanna,026/086,Uncommon,Water,120,Stage 1,1,Lx2,F-30,SV: White Flare,2025-07-18,Reverse Holofoil,0.2
642139,Vanillite,027/086,Common,Water,60,Basic,1,Mx2,,SV: White Flare,2025-07-18,Normal,0.07
642139,Vanillite,027/086,Common,Water,60,Basic,1,Mx2,,SV: White Flare,2025-07-18,Reverse Holofoil,0.21
642140,Vanillish,028/086,Common,Water,90,Stage 1,2,Mx2,,SV: White Flare,2025-07-18,Normal,0.15
642140,Vanillish,028/086,Common,Water,90,Stage 1,2,Mx2,,SV: White Flare,2025-07-18,Reverse Holofoil,0.18
642141,Vanilluxe,029/086,Uncommon,Water,150,Stage 2,2,Mx2,,SV: White Flare,2025-07-18,Normal,0.13
642141,Vanilluxe,029/086,Uncommon,Water,150,Stage 2,2,Mx2,,SV: White Flare,2025-07-18,Reverse Holofoil,0.25
642142,Keldeo ex,030/086,Double Rare,Water,210,Basic,2,Lx2,,SV: White Flare,2025-07-18,Holofoil,0.72
642143,Blitzle,031/086,Common,Lightning,60,Basic,1,Fx2,,SV: White Flare,2025-07-18,Reverse Holofoil,0.13
642143,Blitzle,031/086,Common,Lightning,60,Basic,1,Fx2,,SV: White Flare,2025-07-18,Normal,0.12
642144,Zebstrika,032/086,Uncommon,Lightning,120,Stage 1,1,Fx2,,SV: White Flare,2025-07-18,Normal,0.09
642144,Zebstrika,032/086,Uncommon,Lightning,120,Stage 1,1,Fx2,,SV: White Flare,2025-07-18,Reverse Holofoil,0.28
642145,Joltik,033/086,Common,Lightning,40,Basic,1,Fx2,,SV: White Flare,2025-07-18,Reverse Holofoil,0.17
642145,Joltik,033/086,Common,Lightning,40,Basic,1,Fx2,,SV: White Flare,2025-07-18,Normal,0.16
642146,Galvantula,034/086,Uncommon,Lightning,90,Stage 1,1,Fx2,,SV: White Flare,2025-07-18,Normal,0.04
642146,Galvantula,034/086,Uncommon,Lightning,90,Stage 1,1,Fx2,,SV: White Flare,2025-07-18,Reverse Holofoil,0.21
642147,Stunfisk,035/086,Uncommon,Lightning,110,Basic,2,Fx2,,SV: White Flare,2025-07-18,Reverse Holofoil,0.2
642147,Stunfisk,035/086,Uncommon,Lightning,110,Basic,2,Fx2,,SV: White Flare,2025-07-18,Normal,0.08
642148,Woobat,036/086,Common,Psychic,60,Basic,1,Lx2,F-30,SV: White Flare,2025-07-18,Reverse Holofoil,0.17
642148,Woobat,036/086,Common,Psychic,60,Basic,1,Lx2,F-30,SV: White Flare,2025-07-18,Normal,0.05
642149,Swoobat,037/086,Uncommon,Psychic,90,Stage 1,1,Lx2,F-30,SV: White Flare,2025-07-18,Normal,0.09
642149,Swoobat,037/086,Uncommon,Psychic,90,Stage 1,1,Lx2,F-30,SV: White Flare,2025-07-18,Reverse Holofoil,0.26
642150,Sigilyph,038/086,Uncommon,Psychic,120,Basic,1,Lx2,F-30,SV: White Flare,2025-07-18,Reverse Holofoil,0.25
642150,Sigilyph,038/086,Uncommon,Psychic,120,Basic,1,Lx2,F-30,SV: White Flare,2025-07-18,Normal,0.07
642151,Yamask,039/086,Common,Psychic,70,Basic,2,Dx2,F-30,SV: White Flare,2025-07-18,Reverse Holofoil,0.15
642151,Yamask,039/086,Common,Psychic,70,Basic,2,Dx2,F-30,SV: White Flare,2025-07-18,Normal,0.1
642152,Cofagrigus,040/086,Rare,Psychic,120,Stage 1,2,Dx2,F-30,SV: White Flare,2025-07-18,Reverse Holofoil,0.19
642152,Cofagrigus,040/086,Rare,Psychic,120,Stage 1,2,Dx2,F-30,SV: White Flare,2025-07-18,Holofoil,0.13
642153,Gothita,041/086,Common,Psychic,70,Basic,1,Dx2,F-30,SV: White Flare,2025-07-18,Reverse Holofoil,0.19
642153,Gothita,041/086,Common,Psychic,70,Basic,1,Dx2,F-30,SV: White Flare,2025-07-18,Normal,0.06
642154,Gothorita,042/086,Common,Psychic,90,Stage 1,1,Dx2,F-30,SV: White Flare,2025-07-18,Normal,0.16
642154,Gothorita,042/086,Common,Psychic,90,Stage 1,1,Dx2,F-30,SV: White Flare,2025-07-18,Reverse Holofoil,0.2
642155,Gothitelle,043/086,Rare,Psychic,150,Stage 2,2,Dx2,F-30,SV: White Flare,2025-07-18,Reverse Holofoil,0.21
642155,Gothitelle,043/086,Rare,Psychic,150,Stage 2,2,Dx2,F-30,SV: White Flare,2025-07-18,Holofoil,0.15
642156,Frillish,044/086,Common,Psychic,80,Basic,3,Dx2,F-30,SV: White Flare,2025-07-18,Reverse Holofoil,0.31
642156,Frillish,044/086,Common,Psychic,80,Basic,3,Dx2,F-30,SV: White Flare,2025-07-18,Normal,0.12
642157,Jellicent ex,045/086,Double Rare,Psychic,270,Stage 1,3,Dx2,F-30,SV: White Flare,2025-07-18,Holofoil,0.7
642158,Roggenrola,046/086,Common,Fighting,80,Basic,2,Gx2,,SV: White Flare,2025-07-18,Normal,0.11
642158,Roggenrola,046/086,Common,Fighting,80,Basic,2,Gx2,,SV: White Flare,2025-07-18,Reverse Holofoil,0.16
642159,Boldore,047/086,Common,Fighting,110,Stage 1,3,Gx2,,SV: White Flare,2025-07-18,Normal,0.14
642159,Boldore,047/086,Common,Fighting,110,Stage 1,3,Gx2,,SV: White Flare,2025-07-18,Reverse Holofoil,0.16
642160,Gigalith,048/086,Uncommon,Fighting,170,Stage 2,3,Gx2,,SV: White Flare,2025-07-18,Reverse Holofoil,0.21
642160,Gigalith,048/086,Uncommon,Fighting,170,Stage 2,3,Gx2,,SV: White Flare,2025-07-18,Normal,0.12
642161,Sawk,049/086,Uncommon,Fighting,110,Basic,1,Px2,,SV: White Flare,2025-07-18,Normal,0.05
642161,Sawk,049/086,Uncommon,Fighting,110,Basic,1,Px2,,SV: White Flare,2025-07-18,Reverse Holofoil,0.16
642162,Archen,050/086,Uncommon,Fighting,80,Stage 1,1,Gx2,,SV: White Flare,2025-07-18,Reverse Holofoil,0.23
642162,Archen,050/086,Uncommon,Fighting,80,Stage 1,1,Gx2,,SV: White Flare,2025-07-18,Normal,0.15
642163,Archeops,051/086,Rare,Fighting,140,Stage 2,1,Gx2,,SV: White Flare,2025-07-18,Holofoil,0.26
642163,Archeops,051/086,Rare,Fighting,140,Stage 2,1,Gx2,,SV: White Flare,2025-07-18,Reverse Holofoil,0.26
642164,Mienfoo,052/086,Common,Fighting,60,Basic,1,Px2,,SV: White Flare,2025-07-18,Normal,0.02
642164,Mienfoo,052/086,Common,Fighting,60,Basic,1,Px2,,SV: White Flare,2025-07-18,Reverse Holofoil,0.09
642165,Mienshao,053/086,Uncommon,Fighting,100,Stage 1,1,Px2,,SV: White Flare,2025-07-18,Reverse Holofoil,0.23
642165,Mienshao,053/086,Uncommon,Fighting,100,Stage 1,1,Px2,,SV: White Flare,2025-07-18,Normal,0.02
642166,Terrakion,054/086,Rare,Fighting,140,Basic,3,Gx2,,SV: White Flare,2025-07-18,Holofoil,0.18
642166,Terrakion,054/086,Rare,Fighting,140,Basic,3,Gx2,,SV: White Flare,2025-07-18,Reverse Holofoil,0.22
642167,Purrloin,055/086,Common,Darkness,60,Basic,1,Gx2,,SV: White Flare,2025-07-18,Reverse Holofoil,0.2
642167,Purrloin,055/086,Common,Darkness,60,Basic,1,Gx2,,SV: White Flare,2025-07-18,Normal,0.23
642168,Liepard,056/086,Uncommon,Darkness,110,Stage 1,1,Gx2,,SV: White Flare,2025-07-18,Reverse Holofoil,0.2
642168,Liepard,056/086,Uncommon,Darkness,110,Stage 1,1,Gx2,,SV: White Flare,2025-07-18,Normal,0.15
642169,Scraggy,057/086,Common,Darkness,70,Basic,1,Gx2,,SV: White Flare,2025-07-18,Normal,0.16
642169,Scraggy,057/086,Common,Darkness,70,Basic,1,Gx2,,SV: White Flare,2025-07-18,Reverse Holofoil,0.21
642170,Scrafty,058/086,Uncommon,Darkness,120,Stage 1,2,Gx2,,SV: White Flare,2025-07-18,Normal,0.13
642170,Scrafty,058/086,Uncommon,Darkness,120,Stage 1,2,Gx2,,SV: White Flare,2025-07-18,Reverse Holofoil,0.27
642171,Trubbish,059/086,Common,Darkness,70,Basic,2,Fx2,,SV: White Flare,2025-07-18,Reverse Holofoil,0.22
642171,Trubbish,059/086,Common,Darkness,70,Basic,2,Fx2,,SV: White Flare,2025-07-18,Normal,0.2
642172,Garbodor,060/086,Uncommon,Darkness,140,Stage 1,3,Fx2,,SV: White Flare,2025-07-18,Normal,0.19
642172,Garbodor,060/086,Uncommon,Darkness,140,Stage 1,3,Fx2,,SV: White Flare,2025-07-18,Reverse Holofoil,0.27
642173,Zorua,061/086,Common,Darkness,70,Basic,1,Gx2,,SV: White Flare,2025-07-18,Reverse Holofoil,0.24
642173,Zorua,061/086,Common,Darkness,70,Basic,1,Gx2,,SV: White Flare,2025-07-18,Normal,0.18
642174,Zoroark,062/086,Rare,Darkness,120,Stage 1,1,Gx2,,SV: White Flare,2025-07-18,Reverse Holofoil,0.2
642174,Zoroark,062/086,Rare,Darkness,120,Stage 1,1,Gx2,,SV: White Flare,2025-07-18,Holofoil,0.3
642175,Deino,065/086,Common,Darkness,80,Basic,2,Gx2,,SV: White Flare,2025-07-18,Normal,0.09
642175,Deino,065/086,Common,Darkness,80,Basic,2,Gx2,,SV: White Flare,2025-07-18,Reverse Holofoil,0.16
642176,Zweilous,066/086,Common,Darkness,110,Stage 1,3,Gx2,,SV: White Flare,2025-07-18,Normal,0.15
642176,Zweilous,066/086,Common,Darkness,110,Stage 1,3,Gx2,,SV: White Flare,2025-07-18,Reverse Holofoil,0.12
642177,Hydreigon ex,067/086,Double Rare,Darkness,330,Stage 2,3,Gx2,,SV: White Flare,2025-07-18,Holofoil,0.73
642178,Ferroseed,068/086,Common,Metal,70,Basic,2,Rx2,G-30,SV: White Flare,2025-07-18,Reverse Holofoil,0.16
642178,Ferroseed,068/086,Common,Metal,70,Basic,2,Rx2,G-30,SV: White Flare,2025-07-18,Normal,0.08
642179,Ferrothorn,069/086,Uncommon,Metal,140,Stage 1,3,Rx2,G-30,SV: White Flare,2025-07-18,Normal,0.05
642179,Ferrothorn,069/086,Uncommon,Metal,140,Stage 1,3,Rx2,G-30,SV: White Flare,2025-07-18,Reverse Holofoil,0.19
642183,Durant,070/086,Uncommon,Metal,110,Basic,1,Rx2,G-30,SV: White Flare,2025-07-18,Normal,0.19
642183,Durant,070/086,Uncommon,Metal,110,Basic,1,Rx2,G-30,SV: White Flare,2025-07-18,Reverse Holofoil,0.25
642184,Druddigon,071/086,Uncommon,Dragon,120,Basic,2,,,SV: White Flare,2025-07-18,Reverse Holofoil,0.2
642184,Druddigon,071/086,Uncommon,Dragon,120,Basic,2,,,SV: White Flare,2025-07-18,Normal,0.14
642185,Patrat,072/086,Common,Colorless,60,Basic,1,Fx2,,SV: White Flare,2025-07-18,Normal,0.11
642185,Patrat,072/086,Common,Colorless,60,Basic,1,Fx2,,SV: White Flare,2025-07-18,Reverse Holofoil,0.16
642186,Watchog,073/086,Uncommon,Colorless,90,Stage 1,1,Fx2,,SV: White Flare,2025-07-18,Normal,0.08
642186,Watchog,073/086,Uncommon,Colorless,90,Stage 1,1,Fx2,,SV: White Flare,2025-07-18,Reverse Holofoil,0.22
642187,Lillipup,074/086,Common,Colorless,60,Basic,1,Fx2,,SV: White Flare,2025-07-18,Normal,0.15
642187,Lillipup,074/086,Common,Colorless,60,Basic,1,Fx2,,SV: White Flare,2025-07-18,Reverse Holofoil,0.25
642188,Herdier,075/086,Common,Colorless,90,Stage 1,1,Fx2,,SV: White Flare,2025-07-18,Normal,0.12
642188,Herdier,075/086,Common,Colorless,90,Stage 1,1,Fx2,,SV: White Flare,2025-07-18,Reverse Holofoil,0.19
642189,Stoutland,076/086,Uncommon,Colorless,160,Stage 2,3,Fx2,,SV: White Flare,2025-07-18,Reverse Holofoil,0.27
642189,Stoutland,076/086,Uncommon,Colorless,160,Stage 2,3,Fx2,,SV: White Flare,2025-07-18,Normal,0.16
642190,Bouffalant ex,077/086,Double Rare,Colorless,220,Basic,2,Fx2,,SV: White Flare,2025-07-18,Holofoil,0.74
642193,Tornadus,078/086,Rare,Colorless,120,Basic,1,Lx2,F-30,SV: White Flare,2025-07-18,Holofoil,0.14
642193,Tornadus,078/086,Rare,Colorless,120,Basic,1,Lx2,F-30,SV: White Flare,2025-07-18,Reverse Holofoil,0.24
642196,Antique Plume Fossil,079/086,Common,Trainer - Item,60,,,,,SV: White Flare,2025-07-18,Normal,0.16
642196,Antique Plume Fossil,079/086,Common,Trainer - Item,60,,,,,SV: White Flare,2025-07-18,Reverse Holofoil,0.22
642202,Sewaddle - 087/086,087/086,Illustration Rare,Grass,50,Basic,1,Rx2,,SV: White Flare,2025-07-18,Holofoil,18.82
642203,Swadloon - 088/086,088/086,Illustration Rare,Grass,80,Stage 1,2,Rx2,,SV: White Flare,2025-07-18,Holofoil,10.94
642204,Leavanny - 089/086,089/086,Illustration Rare,Grass,130,Stage 2,1,Rx2,,SV: White Flare,2025-07-18,Holofoil,39.67
642205,Cottonee - 090/086,090/086,Illustration Rare,Grass,60,Basic,1,Rx2,,SV: White Flare,2025-07-18,Holofoil,10.76
642206,Deerling - 091/086,091/086,Illustration Rare,Grass,70,Basic,1,Rx2,,SV: White Flare,2025-07-18,Holofoil,22.48
642207,Sawsbuck - 092/086,092/086,Illustration Rare,Grass,130,Stage 1,2,Rx2,,SV: White Flare,2025-07-18,Holofoil,40.7
642208,Shelmet - 093/086,093/086,Illustration Rare,Grass,60,Basic,3,Rx2,,SV: White Flare,2025-07-18,Holofoil,7.47
642209,Accelgor - 094/086,094/086,Illustration Rare,Grass,100,Stage 1,1,Rx2,,SV: White Flare,2025-07-18,Holofoil,16.56
642210,Virizion - 095/086,095/086,Illustration Rare,Grass,120,Basic,1,Rx2,,SV: White Flare,2025-07-18,Holofoil,31.56
642211,Tepig - 096/086,096/086,Illustration Rare,Fire,70,Basic,1,Wx2,,SV: White Flare,2025-07-18,Holofoil,38.82
642212,Pignite - 097/086,097/086,Illustration Rare,Fire,110,Stage 1,3,Wx2,,SV: White Flare,2025-07-18,Holofoil,13.84
642213,Emboar - 098/086,098/086,Illustration Rare,Fire,180,Stage 2,4,Wx2,,SV: White Flare,2025-07-18,Holofoil,44.64
642214,Pansear - 099/086,099/086,Illustration Rare,Fire,70,Basic,1,Wx2,,SV: White Flare,2025-07-18,Holofoil,12.19
642215,Simisear - 100/086,100/086,Illustration Rare,Fire,100,Stage 1,1,Wx2,,SV: White Flare,2025-07-18,Holofoil,15.79
642216,Heatmor - 104/086,104/086,Illustration Rare,Fire,120,Basic,2,Wx2,,SV: White Flare,2025-07-18,Holofoil,7.29
642217,Oshawott - 105/086,105/086,Illustration Rare,Water,70,Basic,1,Lx2,,SV: White Flare,2025-07-18,Holofoil,90.53
642218,Dewott - 106/086,106/086,Illustration Rare,Water,100,Stage 1,1,Lx2,,SV: White Flare,2025-07-18,Holofoil,22.67
642219,Samurott - 107/086,107/086,Illustration Rare,Water,160,Stage 2,2,Lx2,,SV: White Flare,2025-07-18,Holofoil,54.82
642220,Basculin - 108/086,108/086,Illustration Rare,Water,90,Basic,1,Lx2,,SV: White Flare,2025-07-18,Holofoil,9.25
642221,Ducklett - 109/086,109/086,Illustration Rare,Water,70,Basic,1,Lx2,F-30,SV: White Flare,2025-07-18,Holofoil,33.18
642222,Swanna - 110/086,110/086,Illustration Rare,Water,120,Stage 1,1,Lx2,F-30,SV: White Flare,2025-07-18,Holofoil,13.77
642223,Vanillite - 111/086,111/086,Illustration Rare,Water,60,Basic,1,Mx2,,SV: White Flare,2025-07-18,Holofoil,16.84
642224,Vanillish - 112/086,112/086,Illustration Rare,Water,90,Stage 1,2,Mx2,,SV: White Flare,2025-07-18,Holofoil,13.85
642225,Vanilluxe - 113/086,113/086,Illustration Rare,Water,150,Stage 2,2,Mx2,,SV: White Flare,2025-07-18,Holofoil,41.46
642226,Blitzle - 114/086,114/086,Illustration Rare,Lightning,60,Basic,1,Fx2,,SV: White Flare,2025-07-18,Holofoil,11.29
642227,Zebstrika - 115/086,115/086,Illustration Rare,Lightning,120,Stage 1,1,Fx2,,SV: White Flare,2025-07-18,Holofoil,28.58
642228,Joltik - 116/086,116/086,Illustration Rare,Lightning,40,Basic,1,Fx2,,SV: White Flare,2025-07-18,Holofoil,32.9
642229,Galvantula - 117/086,117/086,Illustration Rare,Lightning,90,Stage 1,1,Fx2,,SV: White Flare,2025-07-18,Holofoil,19.9
642230,Stunfisk - 118/086,118/086,Illustration Rare,Lightning,110,Basic,2,Fx2,,SV: White Flare,2025-07-18,Holofoil,6.88
642231,Woobat - 119/086,119/086,Illustration Rare,Psychic,60,Basic,1,Lx2,F-30,SV: White Flare,2025-07-18,Holofoil,15.95
642232,Swoobat - 120/086,120/086,Illustration Rare,Psychic,90,Stage 1,1,Lx2,F-30,SV: White Flare,2025-07-18,Holofoil,14.8
642233,Sigilyph - 121/086,121/086,Illustration Rare,Psychic,120,Basic,1,Lx2,F-30,SV: White Flare,2025-07-18,Holofoil,11.98
642234,Yamask - 122/086,122/086,Illustration Rare,Psychic,70,Basic,2,Dx2,F-30,SV: White Flare,2025-07-18,Holofoil,10.15
642235,Cofagrigus - 123/086,123/086,Illustration Rare,Psychic,120,Stage 1,2,Dx2,F-30,SV: White Flare,2025-07-18,Holofoil,28.55
642236,Gothita - 124/086,124/086,Illustration Rare,Psychic,70,Basic,1,Dx2,F-30,SV: White Flare,2025-07-18,Holofoil,24.4
642237,Gothorita - 125/086,125/086,Illustration Rare,Psychic,90,Stage 1,1,Dx2,F-30,SV: White Flare,2025-07-18,Holofoil,19.33
642239,Frillish - 126/086,126/086,Illustration Rare,Psychic,80,Basic,3,Dx2,F-30,SV: White Flare,2025-07-18,Holofoil,13.09
642240,Roggenrola - 127/086,127/086,Illustration Rare,Fighting,80,Basic,2,Gx2,,SV: White Flare,2025-07-18,Holofoil,10.68
642241,Boldore - 128/086,128/086,Illustration Rare,Fighting,110,Stage 1,3,Gx2,,SV: White Flare,2025-07-18,Holofoil,6.1
642242,Gigalith - 129/086,129/086,Illustration Rare,Fighting,170,Stage 2,3,Gx2,,SV: White Flare,2025-07-18,Holofoil,17.8
642243,Sawk - 130/086,130/086,Illustration Rare,Fighting,110,Basic,1,Px2,,SV: White Flare,2025-07-18,Holofoil,12.3
642244,Archen - 131/086,131/086,Illustration Rare,Fighting,80,Stage 1,1,Gx2,,SV: White Flare,2025-07-18,Holofoil,11.02
642245,Archeops - 132/086,132/086,Illustration Rare,Fighting,140,Stage 2,1,Gx2,,SV: White Flare,2025-07-18,Holofoil,13.27
642246,Mienfoo - 133/086,133/086,Illustration Rare,Fighting,60,Basic,1,Px2,,SV: White Flare,2025-07-18,Holofoil,14.63
642247,Mienshao - 134/086,134/086,Illustration Rare,Fighting,100,Stage 1,1,Px2,,SV: White Flare,2025-07-18,Holofoil,8.93
642248,Terrakion - 135/086,135/086,Illustration Rare,Fighting,140,Basic,3,Gx2,,SV: White Flare,2025-07-18,Holofoil,25.57
642249,Purrloin - 136/086,136/086,Illustration Rare,Darkness,60,Basic,1,Gx2,,SV: White Flare,2025-07-18,Holofoil,19.04
642250,Liepard - 137/086,137/086,Illustration Rare,Darkness,110,Stage 1,1,Gx2,,SV: White Flare,2025-07-18,Holofoil,46.17
642251,Scraggy - 138/086,138/086,Illustration Rare,Darkness,70,Basic,1,Gx2,,SV: White Flare,2025-07-18,Holofoil,17.86
642252,Scrafty - 139/086,139/086,Illustration Rare,Darkness,120,Stage 1,2,Gx2,,SV: White Flare,2025-07-18,Holofoil,23.59
642253,Trubbish - 140/086,140/086,Illustration Rare,Darkness,70,Basic,2,Fx2,,SV: White Flare,2025-07-18,Holofoil,18.74
642254,Garbodor - 141/086,141/086,Illustration Rare,Darkness,140,Stage 1,3,Fx2,,SV: White Flare,2025-07-18,Holofoil,20.72
642255,Zorua - 142/086,142/086,Illustration Rare,Darkness,70,Basic,1,Gx2,,SV: White Flare,2025-07-18,Holofoil,44.54
642256,Zoroark - 143/086,143/086,Illustration Rare,Darkness,120,Stage 1,1,Gx2,,SV: White Flare,2025-07-18,Holofoil,77.72
642257,Deino - 146/086,146/086,Illustration Rare,Darkness,80,Basic,2,Gx2,,SV: White Flare,2025-07-18,Holofoil,17.36
642258,Zweilous - 147/086,147/086,Illustration Rare,Darkness,110,Stage 1,3,Gx2,,SV: White Flare,2025-07-18,Holofoil,12.72
642259,Ferroseed - 148/086,148/086,Illustration Rare,Metal,70,Basic,2,Rx2,G-30,SV: White Flare,2025-07-18,Holofoil,6.75
642260,Ferrothorn - 149/086,149/086,Illustration Rare,Metal,140,Stage 1,3,Rx2,G-30,SV: White Flare,2025-07-18,Holofoil,18.81
642264,Durant - 150/086,150/086,Illustration Rare,Metal,110,Basic,1,Rx2,G-30,SV: White Flare,2025-07-18,Holofoil,11.1
642265,Druddigon - 151/086,151/086,Illustration Rare,Dragon,120,Basic,2,,,SV: White Flare,2025-07-18,Holofoil,24.17
642266,Patrat - 152/086,152/086,Illustration Rare,Colorless,60,Basic,1,Fx2,,SV: White Flare,2025-07-18,Holofoil,9.85
642267,Watchog - 153/086,153/086,Illustration Rare,Colorless,90,Stage 1,1,Fx2,,SV: White Flare,2025-07-18,Holofoil,9.66
642268,Lillipup - 154/086,154/086,Illustration Rare,Colorless,60,Basic,1,Fx2,,SV: White Flare,2025-07-18,Holofoil,36.26
642269,Herdier - 155/086,155/086,Illustration Rare,Colorless,90,Stage 1,1,Fx2,,SV: White Flare,2025-07-18,Holofoil,18.58
642270,Stoutland - 156/086,156/086,Illustration Rare,Colorless,160,Stage 2,3,Fx2,,SV: White Flare,2025-07-18,Holofoil,23.45
642274,Whimsicott ex - 157/086,157/086,Ultra Rare,Grass,230,Stage 1,,Rx2,,SV: White Flare,2025-07-18,Holofoil,1.14
642275,Reshiram ex - 158/086,158/086,Ultra Rare,Fire,230,Basic,2,,,SV: White Flare,2025-07-18,Holofoil,3.3
642276,Keldeo ex - 159/086,159/086,Ultra Rare,Water,210,Basic,2,,,SV: White Flare,2025-07-18,Holofoil,1.49
642277,Jellicent ex - 160/086,160/086,Ultra Rare,Psychic,270,Stage 1,3,,,SV: White Flare,2025-07-18,Holofoil,1.06
642278,Hydreigon ex - 161/086,161/086,Ultra Rare,Darkness,330,Stage 2,3,,,SV: White Flare,2025-07-18,Holofoil,1.32
642279,Bouffalant ex - 162/086,162/086,Ultra Rare,Colorless,220,Basic,2,,,SV: White Flare,2025-07-18,Holofoil,0.89
642282,Whimsicott ex - 165/086,165/086,Special Illustration Rare,Grass,230,Stage 1,,Rx2,,SV: White Flare,2025-07-18,Holofoil,28.2
642283,Reshiram ex - 166/086,166/086,Special Illustration Rare,Fire,230,Basic,2,,,SV: White Flare,2025-07-18,Holofoil,191.67
642284,Keldeo ex - 167/086,167/086,Special Illustration Rare,Water,210,Basic,2,,,SV: White Flare,2025-07-18,Holofoil,78.42
642285,Jellicent ex - 168/086,168/086,Special Illustration Rare,Psychic,270,Stage 1,3,,,SV: White Flare,2025-07-18,Holofoil,25.42
642286,Hydreigon ex - 169/086,169/086,Special Illustration Rare,Darkness,330,Stage 2,3,,,SV: White Flare,2025-07-18,Holofoil,78.87
642287,Bouffalant ex - 170/086,170/086,Special Illustration Rare,Colorless,220,Basic,2,,,SV: White Flare,2025-07-18,Holofoil,17.6
642289,Reshiram ex - 173/086,173/086,Black White Rare,Fire,230,Basic,2,,,SV: White Flare,2025-07-18,Holofoil,479.33
642290,Sewaddle (Master Ball Pattern),001/086,Common,Grass,50,Basic,1,Rx2,,SV: White Flare,2025-07-18,Holofoil,2.97
642291,Swadloon (Master Ball Pattern),002/086,Common,Grass,80,Stage 1,2,Rx2,,SV: White Flare,2025-07-18,Holofoil,20.4
642292,Leavanny (Master Ball Pattern),003/086,Uncommon,Grass,130,Stage 2,1,Rx2,,SV: White Flare,2025-07-18,Holofoil,15.35
642293,Cottonee (Master Ball Pattern),004/086,Common,Grass,60,Basic,1,Rx2,,SV: White Flare,2025-07-18,Holofoil,2.92
642294,Deerling (Master Ball Pattern),006/086,Common,Grass,70,Basic,1,Rx2,,SV: White Flare,2025-07-18,Holofoil,2.97
642295,Sawsbuck (Master Ball Pattern),007/086,Uncommon,Grass,130,Stage 1,2,Rx2,,SV: White Flare,2025-07-18,Holofoil,12.35
642296,Shelmet (Master Ball Pattern),008/086,Common,Grass,60,Basic,3,Rx2,,SV: White Flare,2025-07-18,Holofoil,3.47
642297,Accelgor (Master Ball Pattern),009/086,Uncommon,Grass,100,Stage 1,1,Rx2,,SV: White Flare,2025-07-18,Holofoil,17.15
642298,Virizion (Master Ball Pattern),010/086,Rare,Grass,120,Basic,1,Rx2,,SV: White Flare,2025-07-18,Holofoil,12.97
642299,Tepig (Master Ball Pattern),011/086,Common,Fire,70,Basic,1,Wx2,,SV: White Flare,2025-07-18,Holofoil,5.13
642300,Pignite (Master Ball Pattern),012/086,Common,Fire,110,Stage 1,3,Wx2,,SV: White Flare,2025-07-18,Holofoil,12.72
642301,Emboar (Master Ball Pattern),013/086,Rare,Fire,180,Stage 2,4,Wx2,,SV: White Flare,2025-07-18,Holofoil,23.71
642302,Pansear (Master Ball Pattern),014/086,Common,Fire,70,Basic,1,Wx2,,SV: White Flare,2025-07-18,Holofoil,3.53
642303,Simisear (Master Ball Pattern),015/086,Uncommon,Fire,100,Stage 1,1,Wx2,,SV: White Flare,2025-07-18,Holofoil,13.71
642304,Heatmor (Master Ball Pattern),019/086,Uncommon,Fire,120,Basic,2,Wx2,,SV: White Flare,2025-07-18,Holofoil,11.67
642305,Oshawott (Master Ball Pattern),021/086,Common,Water,70,Basic,1,Lx2,,SV: White Flare,2025-07-18,Holofoil,10.66
642306,Dewott (Master Ball Pattern),022/086,Common,Water,100,Stage 1,1,Lx2,,SV: White Flare,2025-07-18,Holofoil,19.15
642307,Samurott (Master Ball Pattern),023/086,Rare,Water,160,Stage 2,2,Lx2,,SV: White Flare,2025-07-18,Holofoil,11.59
642308,Basculin (Master Ball Pattern),024/086,Common,Water,90,Basic,1,Lx2,,SV: White Flare,2025-07-18,Holofoil,1.8
642309,Ducklett (Master Ball Pattern),025/086,Common,Water,70,Basic,1,Lx2,F-30,SV: White Flare,2025-07-18,Holofoil,3.19
642310,Swanna (Master Ball Pattern),026/086,Uncommon,Water,120,Stage 1,1,Lx2,F-30,SV: White Flare,2025-07-18,Holofoil,8.53
642311,Vanillite (Master Ball Pattern),027/086,Common,Water,60,Basic,1,Mx2,,SV: White Flare,2025-07-18,Holofoil,2.17
642312,Vanillish (Master Ball Pattern),028/086,Common,Water,90,Stage 1,2,Mx2,,SV: White Flare,2025-07-18,Holofoil,9.82
642313,Vanilluxe (Master Ball Pattern),029/086,Uncommon,Water,150,Stage 2,2,Mx2,,SV: White Flare,2025-07-18,Holofoil,13.97
642314,Blitzle (Master Ball Pattern),031/086,Common,Lightning,60,Basic,1,Fx2,,SV: White Flare,2025-07-18,Holofoil,3.49
642315,Zebstrika (Master Ball Pattern),032/086,Uncommon,Lightning,120,Stage 1,1,Fx2,,SV: White Flare,2025-07-18,Holofoil,11.99
642316,Joltik (Master Ball Pattern),033/086,Common,Lightning,40,Basic,1,Fx2,,SV: White Flare,2025-07-18,Holofoil,4.45
642317,Galvantula (Master Ball Pattern),034/086,Uncommon,Lightning,90,Stage 1,1,Fx2,,SV: White Flare,2025-07-18,Holofoil,9.57
642318,Stunfisk (Master Ball Pattern),035/086,Uncommon,Lightning,110,Basic,2,Fx2,,SV: White Flare,2025-07-18,Holofoil,19.43
642319,Woobat (Master Ball Pattern),036/086,Common,Psychic,60,Basic,1,Lx2,F-30,SV: White Flare,2025-07-18,Holofoil,2.49
642320,Swoobat (Master Ball Pattern),037/086,Uncommon,Psychic,90,Stage 1,1,Lx2,F-30,SV: White Flare,2025-07-18,Holofoil,17.28
642321,Sigilyph (Master Ball Pattern),038/086,Uncommon,Psychic,120,Basic,1,Lx2,F-30,SV: White Flare,2025-07-18,Holofoil,9.1
642322,Yamask (Master Ball Pattern),039/086,Common,Psychic,70,Basic,2,Dx2,F-30,SV: White Flare,2025-07-18,Holofoil,3.01
642323,Cofagrigus (Master Ball Pattern),040/086,Rare,Psychic,120,Stage 1,2,Dx2,F-30,SV: White Flare,2025-07-18,Holofoil,11.44
642324,Gothita (Master Ball Pattern),041/086,Common,Psychic,70,Basic,1,Dx2,F-30,SV: White Flare,2025-07-18,Holofoil,2.38
642325,Gothorita (Master Ball Pattern),042/086,Common,Psychic,90,Stage 1,1,Dx2,F-30,SV: White Flare,2025-07-18,Holofoil,14.12
642326,Gothitelle (Master Ball Pattern),043/086,Rare,Psychic,150,Stage 2,2,Dx2,F-30,SV: White Flare,2025-07-18,Holofoil,13.19
642327,Frillish (Master Ball Pattern),044/086,Common,Psychic,80,Basic,3,Dx2,F-30,SV: White Flare,2025-07-18,Holofoil,3.38
642328,Roggenrola (Master Ball Pattern),046/086,Common,Fighting,80,Basic,2,Gx2,,SV: White Flare,2025-07-18,Holofoil,2.38
642329,Boldore (Master Ball Pattern),047/086,Common,Fighting,110,Stage 1,3,Gx2,,SV: White Flare,2025-07-18,Holofoil,15.74
642330,Gigalith (Master Ball Pattern),048/086,Uncommon,Fighting,170,Stage 2,3,Gx2,,SV: White Flare,2025-07-18,Holofoil,10.19
642331,Sawk (Master Ball Pattern),049/086,Uncommon,Fighting,110,Basic,1,Px2,,SV: White Flare,2025-07-18,Holofoil,15.3
642332,Archen (Master Ball Pattern),050/086,Uncommon,Fighting,80,Stage 1,1,Gx2,,SV: White Flare,2025-07-18,Holofoil,15.25
642333,Archeops (Master Ball Pattern),051/086,Rare,Fighting,140,Stage 2,1,Gx2,,SV: White Flare,2025-07-18,Holofoil,10.8
642334,Mienfoo (Master Ball Pattern),052/086,Common,Fighting,60,Basic,1,Px2,,SV: White Flare,2025-07-18,Holofoil,2.48
642335,Mienshao (Master Ball Pattern),053/086,Uncommon,Fighting,100,Stage 1,1,Px2,,SV: White Flare,2025-07-18,Holofoil,10.95
642336,Terrakion (Master Ball Pattern),054/086,Rare,Fighting,140,Basic,3,Gx2,,SV: White Flare,2025-07-18,Holofoil,8.39
642337,Purrloin (Master Ball Pattern),055/086,Common,Darkness,60,Basic,1,Gx2,,SV: White Flare,2025-07-18,Holofoil,2.74
642338,Liepard (Master Ball Pattern),056/086,Uncommon,Darkness,110,Stage 1,1,Gx2,,SV: White Flare,2025-07-18,Holofoil,12.57
642339,Scraggy (Master Ball Pattern),057/086,Common,Darkness,70,Basic,1,Gx2,,SV: White Flare,2025-07-18,Holofoil,2.1
642340,Scrafty (Master Ball Pattern),058/086,Uncommon,Darkness,120,Stage 1,2,Gx2,,SV: White Flare,2025-07-18,Holofoil,13.05
642341,Trubbish (Master Ball Pattern),059/086,Common,Darkness,70,Basic,2,Fx2,,SV: White Flare,2025-07-18,Holofoil,3.39
642342,Garbodor (Master Ball Pattern),060/086,Uncommon,Darkness,140,Stage 1,3,Fx2,,SV: White Flare,2025-07-18,Holofoil,11.34
642343,Zorua (Master Ball Pattern),061/086,Common,Darkness,70,Basic,1,Gx2,,SV: White Flare,2025-07-18,Holofoil,7.12
642344,Zoroark (Master Ball Pattern),062/086,Rare,Darkness,120,Stage 1,1,Gx2,,SV: White Flare,2025-07-18,Holofoil,19.58
642345,Deino (Master Ball Pattern),065/086,Common,Darkness,80,Basic,2,Gx2,,SV: White Flare,2025-07-18,Holofoil,2.78
642346,Zweilous (Master Ball Pattern),066/086,Common,Darkness,110,Stage 1,3,Gx2,,SV: White Flare,2025-07-18,Holofoil,10.84
642347,Ferroseed (Master Ball Pattern),068/086,Common,Metal,70,Basic,2,Rx2,G-30,SV: White Flare,2025-07-18,Holofoil,1.94
642348,Ferrothorn (Master Ball Pattern),069/086,Uncommon,Metal,140,Stage 1,3,Rx2,G-30,SV: White Flare,2025-07-18,Holofoil,10.65
642352,Durant (Master Ball Pattern),070/086,Uncommon,Metal,110,Basic,1,Rx2,G-30,SV: White Flare,2025-07-18,Holofoil,20.95
642353,Druddigon (Master Ball Pattern),071/086,Uncommon,Dragon,120,Basic,2,,,SV: White Flare,2025-07-18,Holofoil,11.85
642354,Patrat (Master Ball Pattern),072/086,Common,Colorless,60,Basic,1,Fx2,,SV: White Flare,2025-07-18,Holofoil,1.68
642355,Watchog (Master Ball Pattern),073/086,Uncommon,Colorless,90,Stage 1,1,Fx2,,SV: White Flare,2025-07-18,Holofoil,9.62
642356,Lillipup (Master Ball Pattern),074/086,Common,Colorless,60,Basic,1,Fx2,,SV: White Flare,2025-07-18,Holofoil,2.93
642357,Herdier (Master Ball Pattern),075/086,Common,Colorless,90,Stage 1,1,Fx2,,SV: White Flare,2025-07-18,Holofoil,19.24
642358,Stoutland (Master Ball Pattern),076/086,Uncommon,Colorless,160,Stage 2,3,Fx2,,SV: White Flare,2025-07-18,Holofoil,13.5
642361,Tornadus (Master Ball Pattern),078/086,Rare,Colorless,120,Basic,1,Lx2,F-30,SV: White Flare,2025-07-18,Holofoil,10.53
642362,Sewaddle (Poke Ball Pattern),001/086,Common,Grass,50,Basic,1,Rx2,,SV: White Flare,2025-07-18,Holofoil,0.27
642363,Swadloon (Poke Ball Pattern),002/086,Common,Grass,80,Stage 1,2,Rx2,,SV: White Flare,2025-07-18,Holofoil,0.38
642364,Leavanny (Poke Ball Pattern),003/086,Uncommon,Grass,130,Stage 2,1,Rx2,,SV: White Flare,2025-07-18,Holofoil,0.56
642365,Cottonee (Poke Ball Pattern),004/086,Common,Grass,60,Basic,1,Rx2,,SV: White Flare,2025-07-18,Holofoil,0.3
642366,Deerling (Poke Ball Pattern),006/086,Common,Grass,70,Basic,1,Rx2,,SV: White Flare,2025-07-18,Holofoil,0.28
642367,Sawsbuck (Poke Ball Pattern),007/086,Uncommon,Grass,130,Stage 1,2,Rx2,,SV: White Flare,2025-07-18,Holofoil,0.57
642368,Shelmet (Poke Ball Pattern),008/086,Common,Grass,60,Basic,3,Rx2,,SV: White Flare,2025-07-18,Holofoil,0.28
642369,Accelgor (Poke Ball Pattern),009/086,Uncommon,Grass,100,Stage 1,1,Rx2,,SV: White Flare,2025-07-18,Holofoil,0.4
642370,Virizion (Poke Ball Pattern),010/086,Rare,Grass,120,Basic,1,Rx2,,SV: White Flare,2025-07-18,Holofoil,0.69
642371,Tepig (Poke Ball Pattern),011/086,Common,Fire,70,Basic,1,Wx2,,SV: White Flare,2025-07-18,Holofoil,0.64
642372,Pignite (Poke Ball Pattern),012/086,Common,Fire,110,Stage 1,3,Wx2,,SV: White Flare,2025-07-18,Holofoil,0.38
642373,Emboar (Poke Ball Pattern),013/086,Rare,Fire,180,Stage 2,4,Wx2,,SV: White Flare,2025-07-18,Holofoil,0.45
642374,Pansear (Poke Ball Pattern),014/086,Common,Fire,70,Basic,1,Wx2,,SV: White Flare,2025-07-18,Holofoil,0.23
642375,Simisear (Poke Ball Pattern),015/086,Uncommon,Fire,100,Stage 1,1,Wx2,,SV: White Flare,2025-07-18,Holofoil,0.35
642376,Heatmor (Poke Ball Pattern),019/086,Uncommon,Fire,120,Basic,2,Wx2,,SV: White Flare,2025-07-18,Holofoil,0.48
642377,Oshawott (Poke Ball Pattern),021/086,Common,Water,70,Basic,1,Lx2,,SV: White Flare,2025-07-18,Holofoil,0.69
642378,Dewott (Poke Ball Pattern),022/086,Common,Water,100,Stage 1,1,Lx2,,SV: White Flare,2025-07-18,Holofoil,0.63
642379,Samurott (Poke Ball Pattern),023/086,Rare,Water,160,Stage 2,2,Lx2,,SV: White Flare,2025-07-18,Holofoil,0.51
642380,Basculin (Poke Ball Pattern),024/086,Common,Water,90,Basic,1,Lx2,,SV: White Flare,2025-07-18,Holofoil,0.39
642381,Ducklett (Poke Ball Pattern),025/086,Common,Water,70,Basic,1,Lx2,F-30,SV: White Flare,2025-07-18,Holofoil,0.31
642382,Swanna (Poke Ball Pattern),026/086,Uncommon,Water,120,Stage 1,1,Lx2,F-30,SV: White Flare,2025-07-18,Holofoil,0.47
642383,Vanillite (Poke Ball Pattern),027/086,Common,Water,60,Basic,1,Mx2,,SV: White Flare,2025-07-18,Holofoil,0.27
642384,Vanillish (Poke Ball Pattern),028/086,Common,Water,90,Stage 1,2,Mx2,,SV: White Flare,2025-07-18,Holofoil,0.52
642385,Vanilluxe (Poke Ball Pattern),029/086,Uncommon,Water,150,Stage 2,2,Mx2,,SV: White Flare,2025-07-18,Holofoil,0.42
642386,Blitzle (Poke Ball Pattern),031/086,Common,Lightning,60,Basic,1,Fx2,,SV: White Flare,2025-07-18,Holofoil,0.23
642387,Zebstrika (Poke Ball Pattern),032/086,Uncommon,Lightning,120,Stage 1,1,Fx2,,SV: White Flare,2025-07-18,Holofoil,0.47
642388,Joltik (Poke Ball Pattern),033/086,Common,Lightning,40,Basic,1,Fx2,,SV: White Flare,2025-07-18,Holofoil,0.32
642389,Galvantula (Poke Ball Pattern),034/086,Uncommon,Lightning,90,Stage 1,1,Fx2,,SV: White Flare,2025-07-18,Holofoil,0.66
642390,Stunfisk (Poke Ball Pattern),035/086,Uncommon,Lightning,110,Basic,2,Fx2,,SV: White Flare,2025-07-18,Holofoil,0.39
642391,Woobat (Poke Ball Pattern),036/086,Common,Psychic,60,Basic,1,Lx2,F-30,SV: White Flare,2025-07-18,Holofoil,0.26
642392,Swoobat (Poke Ball Pattern),037/086,Uncommon,Psychic,90,Stage 1,1,Lx2,F-30,SV: White Flare,2025-07-18,Holofoil,0.47
642393,Sigilyph (Poke Ball Pattern),038/086,Uncommon,Psychic,120,Basic,1,Lx2,F-30,SV: White Flare,2025-07-18,Holofoil,0.48
642394,Yamask (Poke Ball Pattern),039/086,Common,Psychic,70,Basic,2,Dx2,F-30,SV: White Flare,2025-07-18,Holofoil,0.23
642395,Cofagrigus (Poke Ball Pattern),040/086,Rare,Psychic,120,Stage 1,2,Dx2,F-30,SV: White Flare,2025-07-18,Holofoil,0.38
642396,Gothita (Poke Ball Pattern),041/086,Common,Psychic,70,Basic,1,Dx2,F-30,SV: White Flare,2025-07-18,Holofoil,0.3
642397,Gothorita (Poke Ball Pattern),042/086,Common,Psychic,90,Stage 1,1,Dx2,F-30,SV: White Flare,2025-07-18,Holofoil,0.49
642398,Gothitelle (Poke Ball Pattern),043/086,Rare,Psychic,150,Stage 2,2,Dx2,F-30,SV: White Flare,2025-07-18,Holofoil,0.56
642399,Frillish (Poke Ball Pattern),044/086,Common,Psychic,80,Basic,3,Dx2,F-30,SV: White Flare,2025-07-18,Holofoil,0.39
642400,Roggenrola (Poke Ball Pattern),046/086,Common,Fighting,80,Basic,2,Gx2,,SV: White Flare,2025-07-18,Holofoil,0.23
642401,Boldore (Poke Ball Pattern),047/086,Common,Fighting,110,Stage 1,3,Gx2,,SV: White Flare,2025-07-18,Holofoil,0.43
642402,Gigalith (Poke Ball Pattern),048/086,Uncommon,Fighting,170,Stage 2,3,Gx2,,SV: White Flare,2025-07-18,Holofoil,0.46
642403,Sawk (Poke Ball Pattern),049/086,Uncommon,Fighting,110,Basic,1,Px2,,SV: White Flare,2025-07-18,Holofoil,0.44
642404,Archen (Poke Ball Pattern),050/086,Uncommon,Fighting,80,Stage 1,1,Gx2,,SV: White Flare,2025-07-18,Holofoil,0.42
642405,Archeops (Poke Ball Pattern),051/086,Rare,Fighting,140,Stage 2,1,Gx2,,SV: White Flare,2025-07-18,Holofoil,0.42
642406,Mienfoo (Poke Ball Pattern),052/086,Common,Fighting,60,Basic,1,Px2,,SV: White Flare,2025-07-18,Holofoil,0.26
642407,Mienshao (Poke Ball Pattern),053/086,Uncommon,Fighting,100,Stage 1,1,Px2,,SV: White Flare,2025-07-18,Holofoil,0.36
642408,Terrakion (Poke Ball Pattern),054/086,Rare,Fighting,140,Basic,3,Gx2,,SV: White Flare,2025-07-18,Holofoil,0.56
642409,Purrloin (Poke Ball Pattern),055/086,Common,Darkness,60,Basic,1,Gx2,,SV: White Flare,2025-07-18,Holofoil,0.26
642410,Liepard (Poke Ball Pattern),056/086,Uncommon,Darkness,110,Stage 1,1,Gx2,,SV: White Flare,2025-07-18,Holofoil,0.53
642411,Scraggy (Poke Ball Pattern),057/086,Common,Darkness,70,Basic,1,Gx2,,SV: White Flare,2025-07-18,Holofoil,0.24
642412,Scrafty (Poke Ball Pattern),058/086,Uncommon,Darkness,120,Stage 1,2,Gx2,,SV: White Flare,2025-07-18,Holofoil,0.43
642413,Trubbish (Poke Ball Pattern),059/086,Common,Darkness,70,Basic,2,Fx2,,SV: White Flare,2025-07-18,Holofoil,0.3
642414,Garbodor (Poke Ball Pattern),060/086,Uncommon,Darkness,140,Stage 1,3,Fx2,,SV: White Flare,2025-07-18,Holofoil,0.5
642415,Zorua (Poke Ball Pattern),061/086,Common,Darkness,70,Basic,1,Gx2,,SV: White Flare,2025-07-18,Holofoil,0.72
642416,Zoroark (Poke Ball Pattern),062/086,Rare,Darkness,120,Stage 1,1,Gx2,,SV: White Flare,2025-07-18,Holofoil,0.75
642417,Deino (Poke Ball Pattern),065/086,Common,Darkness,80,Basic,2,Gx2,,SV: White Flare,2025-07-18,Holofoil,0.54
642418,Zweilous (Poke Ball Pattern),066/086,Common,Darkness,110,Stage 1,3,Gx2,,SV: White Flare,2025-07-18,Holofoil,0.58
642419,Ferroseed (Poke Ball Pattern),068/086,Common,Metal,70,Basic,2,Rx2,G-30,SV: White Flare,2025-07-18,Holofoil,0.25
642420,Ferrothorn (Poke Ball Pattern),069/086,Uncommon,Metal,140,Stage 1,3,Rx2,G-30,SV: White Flare,2025-07-18,Holofoil,0.38
642424,Durant (Poke Ball Pattern),070/086,Uncommon,Metal,110,Basic,1,Rx2,G-30,SV: White Flare,2025-07-18,Holofoil,0.53
642425,Druddigon (Poke Ball Pattern),071/086,Uncommon,Dragon,120,Basic,2,,,SV: White Flare,2025-07-18,Holofoil,0.4
642426,Patrat (Poke Ball Pattern),072/086,Common,Colorless,60,Basic,1,Fx2,,SV: White Flare,2025-07-18,Holofoil,0.4
642427,Watchog (Poke Ball Pattern),073/086,Uncommon,Colorless,90,Stage 1,1,Fx2,,SV: White Flare,2025-07-18,Holofoil,0.39
642428,Lillipup (Poke Ball Pattern),074/086,Common,Colorless,60,Basic,1,Fx2,,SV: White Flare,2025-07-18,Holofoil,0.28
642429,Herdier (Poke Ball Pattern),075/086,Common,Colorless,90,Stage 1,1,Fx2,,SV: White Flare,2025-07-18,Holofoil,0.48
642430,Stoutland (Poke Ball Pattern),076/086,Uncommon,Colorless,160,Stage 2,3,Fx2,,SV: White Flare,2025-07-18,Holofoil,0.63
642433,Tornadus (Poke Ball Pattern),078/086,Rare,Colorless,120,Basic,1,Lx2,F-30,SV: White Flare,2025-07-18,Holofoil,0.36
642464,Litwick,016/086,Common,Fire,60,Basic,1,Wx2,,SV: White Flare,2025-07-18,Reverse Holofoil,0.18
642464,Litwick,016/086,Common,Fire,60,Basic,1,Wx2,,SV: White Flare,2025-07-18,Normal,0.04
642465,Lampent,017/086,Common,Fire,80,Stage 1,1,Wx2,,SV: White Flare,2025-07-18,Normal,0.19
642465,Lampent,017/086,Common,Fire,80,Stage 1,1,Wx2,,SV: White Flare,2025-07-18,Reverse Holofoil,0.23
642466,Chandelure,018/086,Rare,Fire,150,Stage 2,2,Wx2,,SV: White Flare,2025-07-18,Holofoil,0.18
642466,Chandelure,018/086,Rare,Fire,150,Stage 2,2,Wx2,,SV: White Flare,2025-07-18,Reverse Holofoil,0.22
642512,Vullaby,063/086,Common,Darkness,70,Basic,1,Gx2,,SV: White Flare,2025-07-18,Reverse Holofoil,0.15
642512,Vullaby,063/086,Common,Darkness,70,Basic,1,Gx2,,SV: White Flare,2025-07-18,Normal,0.05
642513,Mandibuzz,064/086,Uncommon,Darkness,110,Stage 1,1,Gx2,,SV: White Flare,2025-07-18,Normal,0.07
642513,Mandibuzz,064/086,Uncommon,Darkness,110,Stage 1,1,Gx2,,SV: White Flare,2025-07-18,Reverse Holofoil,0.2
642549,Litwick - 101/086,101/086,Illustration Rare,Fire,60,Basic,1,Wx2,,SV: White Flare,2025-07-18,Holofoil,30.89
642550,Lampent - 102/086,102/086,Illustration Rare,Fire,80,Stage 1,1,Wx2,,SV: White Flare,2025-07-18,Holofoil,18.13
642551,Chandelure - 103/086,103/086,Illustration Rare,Fire,150,,2,Wx2,,SV: White Flare,2025-07-18,Holofoil,71.47
642593,Vullaby - 144/086,144/086,Illustration Rare,Darkness,70,,,Gx2,,SV: White Flare,2025-07-18,Holofoil,9.72
642594,Mandibuzz - 145/086,145/086,Illustration Rare,Darkness,110,,,Gx2,,SV: White Flare,2025-07-18,Holofoil,8.72
642637,Litwick (Master Ball Pattern),016/086,Common,Fire,60,Basic,1,Wx2,,SV: White Flare,2025-07-18,Holofoil,3.48
642638,Lampent (Master Ball Pattern),017/086,Common,Fire,80,Stage 1,1,Wx2,,SV: White Flare,2025-07-18,Holofoil,17.66
642639,Chandelure (Master Ball Pattern),018/086,Rare,Fire,150,Stage 2,2,Wx2,,SV: White Flare,2025-07-18,Holofoil,15.27
642681,Vullaby (Master Ball Pattern),063/086,Common,Darkness,70,Basic,1,Gx2,,SV: White Flare,2025-07-18,Holofoil,2.41
642682,Mandibuzz (Master Ball Pattern),064/086,Uncommon,Darkness,110,Stage 1,1,Gx2,,SV: White Flare,2025-07-18,Holofoil,13.72
642709,Litwick (Poke Ball Pattern),016/086,Common,Fire,60,Basic,1,Wx2,,SV: White Flare,2025-07-18,Holofoil,0.54
642710,Lampent (Poke Ball Pattern),017/086,Common,Fire,80,Stage 1,1,Wx2,,SV: White Flare,2025-07-18,Holofoil,0.45
642711,Chandelure (Poke Ball Pattern),018/086,Rare,Fire,150,Stage 2,2,Wx2,,SV: White Flare,2025-07-18,Holofoil,0.69
642754,Vullaby (Poke Ball Pattern),063/086,Common,Darkness,70,Basic,1,Gx2,,SV: White Flare,2025-07-18,Holofoil,0.36
642755,Mandibuzz (Poke Ball Pattern),064/086,Uncommon,Darkness,110,Stage 1,1,Gx2,,SV: White Flare,2025-07-18,Holofoil,0.42
644350,Victini - 172/086,172/086,Black White Rare,Fire,80,,,,,SV: White Flare,2025-07-18,Holofoil,564.25
645192,Antique Plume Fossil (Poke Ball Pattern),079/086,Common,Trainer - Item,60,,,,,SV: White Flare,2025-07-18,Holofoil,0.31
46466,Mew,01/18,Promo,Psychic,30,Basic,,P,,Southern Islands,2001-07-31,Reverse Holofoil,605.28
46467,Tentacruel,10/18,Promo,Water,60,Stage 1,1,L,,Southern Islands,2001-07-31,Normal,53.67
46468,Marill,11/18,Promo,Water,40,Basic,1,L,,Southern Islands,2001-07-31,Reverse Holofoil,156.74
46469,Lapras,12/18,Promo,Water,70,Basic,1,L,,Southern Islands,2001-07-31,Normal,73.71
46470,Exeggutor,13/18,Promo,Grass,70,Stage 1,2,R,,Southern Islands,2001-07-31,Normal,42.81
46471,Slowking,14/18,Promo,Psychic,70,Stage 1,2,P,,Southern Islands,2001-07-31,Reverse Holofoil,305.97
46472,Wartortle,15/18,Promo,Water,60,Stage 1,1,L,,Southern Islands,2001-07-31,Normal,76.23
46474,Vileplume,17/18,Promo,Grass,70,Stage 2,2,R,,Southern Islands,2001-07-31,Reverse Holofoil,89.36
46475,Primeape,18/18,Promo,Fighting,60,Stage 1,1,P,,Southern Islands,2001-07-31,Normal,37.23
46476,Pidgeot,02/18,Promo,Colorless,70,Stage 2,,L,F-30,Southern Islands,2001-07-31,Normal,43.01
46477,Onix,03/18,Promo,Fighting,90,Basic,3,G,,Southern Islands,2001-07-31,Normal,57.44
46478,Togepi,04/18,Promo,Colorless,40,Basic,1,,P-30,Southern Islands,2001-07-31,Reverse Holofoil,200.39
46479,Ivysaur,05/18,Promo,Grass,60,Stage 1,1,R,,Southern Islands,2001-07-31,Normal,65.27
46480,Raticate,06/18,Promo,Colorless,60,Stage 1,,F,P-30,Southern Islands,2001-07-31,Normal,33.26
46481,Ledyba,07/18,Promo,Grass,40,Basic,1,R,F-30,Southern Islands,2001-07-31,Reverse Holofoil,63.54
46482,Jigglypuff,08/18,Promo,Colorless,50,Basic,1,F,P-30,Southern Islands,2001-07-31,Normal,69.69
46483,Butterfree,09/18,Promo,Grass,80,Stage 2,1,R,F-30,Southern Islands,2001-07-31,Normal,46.54
642180,Klink,061/086,Common,Metal,60,Basic,1,Rx2,G-30,SV: Black Bolt,2025-07-18,Normal,0.05
642180,Klink,061/086,Common,Metal,60,Basic,1,Rx2,G-30,SV: Black Bolt,2025-07-18,Reverse Holofoil,0.22
642181,Klang,062/086,Common,Metal,90,Stage 1,2,Rx2,G-30,SV: Black Bolt,2025-07-18,Reverse Holofoil,0.17
642181,Klang,062/086,Common,Metal,90,Stage 1,2,Rx2,G-30,SV: Black Bolt,2025-07-18,Normal,0.09
642182,Klinklang,063/086,Rare,Metal,150,Stage 2,3,Rx2,G-30,SV: Black Bolt,2025-07-18,Reverse Holofoil,0.2
642182,Klinklang,063/086,Rare,Metal,150,Stage 2,3,Rx2,G-30,SV: Black Bolt,2025-07-18,Holofoil,0.11
642191,Rufflet,077/086,Common,Colorless,70,Basic,1,Lx2,F-30,SV: Black Bolt,2025-07-18,Reverse Holofoil,0.19
642191,Rufflet,077/086,Common,Colorless,70,Basic,1,Lx2,F-30,SV: Black Bolt,2025-07-18,Normal,0.12
642192,Braviary,078/086,Uncommon,Colorless,140,Stage 1,1,Lx2,F-30,SV: Black Bolt,2025-07-18,Reverse Holofoil,0.22
642192,Braviary,078/086,Uncommon,Colorless,140,Stage 1,1,Lx2,F-30,SV: Black Bolt,2025-07-18,Normal,0.12
642261,Klink - 139/086,139/086,Illustration Rare,Metal,60,Basic,1,Rx2,G-30,SV: Black Bolt,2025-07-18,Holofoil,7.73
642262,Klang - 140/086,140/086,Illustration Rare,Metal,90,Stage 1,2,Rx2,G-30,SV: Black Bolt,2025-07-18,Holofoil,6.72
642263,Klinklang - 141/086,141/086,Illustration Rare,Metal,150,Stage 2,3,Rx2,G-30,SV: Black Bolt,2025-07-18,Holofoil,33.07
642271,Rufflet - 154/086,154/086,Illustration Rare,Colorless,70,Basic,1,Lx2,F-30,SV: Black Bolt,2025-07-18,Holofoil,7.69
642272,Braviary - 155/086,155/086,Illustration Rare,Colorless,140,Stage 1,1,Lx2,F-30,SV: Black Bolt,2025-07-18,Holofoil,9.63
642349,Klink (Master Ball Pattern),061/086,Common,Metal,60,Basic,1,Rx2,G-30,SV: Black Bolt,2025-07-18,Holofoil,1.69
642350,Klang (Master Ball Pattern),062/086,Common,Metal,90,Stage 1,2,Rx2,G-30,SV: Black Bolt,2025-07-18,Holofoil,11.24
642351,Klinklang (Master Ball Pattern),063/086,Rare,Metal,150,Stage 2,3,Rx2,G-30,SV: Black Bolt,2025-07-18,Holofoil,12.57
642359,Rufflet (Master Ball Pattern),077/086,Common,Colorless,70,Basic,1,Lx2,F-30,SV: Black Bolt,2025-07-18,Holofoil,2.38
642360,Braviary (Master Ball Pattern),078/086,Uncommon,Colorless,140,Stage 1,1,Lx2,F-30,SV: Black Bolt,2025-07-18,Holofoil,10.46
642421,Klink (Poke Ball Pattern),061/086,Common,Metal,60,Basic,1,Rx2,G-30,SV: Black Bolt,2025-07-18,Holofoil,0.32
642422,Klang (Poke Ball Pattern),062/086,Common,Metal,90,Stage 1,2,Rx2,G-30,SV: Black Bolt,2025-07-18,Holofoil,0.41
642423,Klinklang (Poke Ball Pattern),063/086,Rare,Metal,150,Stage 2,3,Rx2,G-30,SV: Black Bolt,2025-07-18,Holofoil,0.5
642431,Rufflet (Poke Ball Pattern),077/086,Common,Colorless,70,Basic,1,Lx2,F-30,SV: Black Bolt,2025-07-18,Holofoil,0.44
642432,Braviary (Poke Ball Pattern),078/086,Uncommon,Colorless,140,Stage 1,1,Lx2,F-30,SV: Black Bolt,2025-07-18,Holofoil,0.49
642450,Snivy,001/086,Common,Grass,70,Basic,1,Rx2,,SV: Black Bolt,2025-07-18,Holofoil,0.13
642450,Snivy,001/086,Common,Grass,70,Basic,1,Rx2,,SV: Black Bolt,2025-07-18,Normal,0.07
642450,Snivy,001/086,Common,Grass,70,Basic,1,Rx2,,SV: Black Bolt,2025-07-18,Reverse Holofoil,0.22
642451,Servine,002/086,Common,Grass,100,Stage 1,1,Rx2,,SV: Black Bolt,2025-07-18,Normal,0.12
642451,Servine,002/086,Common,Grass,100,Stage 1,1,Rx2,,SV: Black Bolt,2025-07-18,Reverse Holofoil,0.19
642452,Serperior ex,003/086,Double Rare,Grass,320,Stage 2,2,Rx2,,SV: Black Bolt,2025-07-18,Holofoil,0.72
642453,Pansage,004/086,Common,Grass,70,Basic,1,Rx2,,SV: Black Bolt,2025-07-18,Reverse Holofoil,0.16
642453,Pansage,004/086,Common,Grass,70,Basic,1,Rx2,,SV: Black Bolt,2025-07-18,Normal,0.09
642454,Simisage,005/086,Uncommon,Grass,100,Stage 1,1,Rx2,,SV: Black Bolt,2025-07-18,Reverse Holofoil,0.22
642454,Simisage,005/086,Uncommon,Grass,100,Stage 1,1,Rx2,,SV: Black Bolt,2025-07-18,Normal,0.04
642455,Petilil,006/086,Common,Grass,60,Basic,1,Rx2,,SV: Black Bolt,2025-07-18,Normal,0.13
642455,Petilil,006/086,Common,Grass,60,Basic,1,Rx2,,SV: Black Bolt,2025-07-18,Reverse Holofoil,0.18
642456,Lilligant,007/086,Uncommon,Grass,100,Stage 1,1,Rx2,,SV: Black Bolt,2025-07-18,Normal,0.13
642456,Lilligant,007/086,Uncommon,Grass,100,Stage 1,1,Rx2,,SV: Black Bolt,2025-07-18,Reverse Holofoil,0.21
642457,Maractus,008/086,Common,Grass,100,Basic,1,Rx2,,SV: Black Bolt,2025-07-18,Reverse Holofoil,0.19
642457,Maractus,008/086,Common,Grass,100,Basic,1,Rx2,,SV: Black Bolt,2025-07-18,Normal,0.06
642458,Karrablast,009/086,Common,Grass,60,Basic,1,Rx2,,SV: Black Bolt,2025-07-18,Normal,0.08
642458,Karrablast,009/086,Common,Grass,60,Basic,1,Rx2,,SV: Black Bolt,2025-07-18,Reverse Holofoil,0.08
642459,Foongus,010/086,Common,Grass,50,Basic,1,Rx2,,SV: Black Bolt,2025-07-18,Normal,0.1
642459,Foongus,010/086,Common,Grass,50,Basic,1,Rx2,,SV: Black Bolt,2025-07-18,Reverse Holofoil,0.14
642460,Amoonguss,011/086,Uncommon,Grass,120,Stage 1,2,Rx2,,SV: Black Bolt,2025-07-18,Reverse Holofoil,0.22
642460,Amoonguss,011/086,Uncommon,Grass,120,Stage 1,2,Rx2,,SV: Black Bolt,2025-07-18,Normal,0.09
642461,Victini,012/086,Rare,Fire,80,Basic,1,Wx2,,SV: Black Bolt,2025-07-18,Reverse Holofoil,0.24
642461,Victini,012/086,Rare,Fire,80,Basic,1,Wx2,,SV: Black Bolt,2025-07-18,Holofoil,0.2
642462,Darumaka,013/086,Common,Fire,80,Basic,2,Wx2,,SV: Black Bolt,2025-07-18,Reverse Holofoil,0.18
642462,Darumaka,013/086,Common,Fire,80,Basic,2,Wx2,,SV: Black Bolt,2025-07-18,Normal,0.1
642463,Darmanitan,014/086,Uncommon,Fire,140,Stage 1,2,Wx2,,SV: Black Bolt,2025-07-18,Reverse Holofoil,0.2
642463,Darmanitan,014/086,Uncommon,Fire,140,Stage 1,2,Wx2,,SV: Black Bolt,2025-07-18,Normal,0.14
642467,Larvesta,015/086,Common,Fire,60,Basic,1,Wx2,,SV: Black Bolt,2025-07-18,Normal,0.11
642467,Larvesta,015/086,Common,Fire,60,Basic,1,Wx2,,SV: Black Bolt,2025-07-18,Reverse Holofoil,0.17
642468,Volcarona,016/086,Rare,Fire,120,Stage 1,1,Wx2,,SV: Black Bolt,2025-07-18,Holofoil,0.19
642468,Volcarona,016/086,Rare,Fire,120,Stage 1,1,Wx2,,SV: Black Bolt,2025-07-18,Reverse Holofoil,0.24
642469,Panpour,017/086,Common,Water,70,Basic,1,Lx2,,SV: Black Bolt,2025-07-18,Reverse Holofoil,0.17
642469,Panpour,017/086,Common,Water,70,Basic,1,Lx2,,SV: Black Bolt,2025-07-18,Normal,0.04
642470,Simipour,018/086,Uncommon,Water,100,Stage 1,1,Lx2,,SV: Black Bolt,2025-07-18,Reverse Holofoil,0.21
642470,Simipour,018/086,Uncommon,Water,100,Stage 1,1,Lx2,,SV: Black Bolt,2025-07-18,Normal,0.1
642471,Tympole,019/086,Common,Water,60,Basic,1,Lx2,,SV: Black Bolt,2025-07-18,Reverse Holofoil,0.14
642471,Tympole,019/086,Common,Water,60,Basic,1,Lx2,,SV: Black Bolt,2025-07-18,Normal,0.08
642472,Palpitoad,020/086,Common,Water,90,Stage 1,2,Lx2,,SV: Black Bolt,2025-07-18,Reverse Holofoil,0.15
642472,Palpitoad,020/086,Common,Water,90,Stage 1,2,Lx2,,SV: Black Bolt,2025-07-18,Normal,0.1
642473,Seismitoad,021/086,Uncommon,Water,170,Stage 2,3,Lx2,,SV: Black Bolt,2025-07-18,Normal,0.12
642473,Seismitoad,021/086,Uncommon,Water,170,Stage 2,3,Lx2,,SV: Black Bolt,2025-07-18,Reverse Holofoil,0.19
642474,Tirtouga,022/086,Uncommon,Water,100,Stage 1,3,Lx2,,SV: Black Bolt,2025-07-18,Reverse Holofoil,0.28
642474,Tirtouga,022/086,Uncommon,Water,100,Stage 1,3,Lx2,,SV: Black Bolt,2025-07-18,Normal,0.19
642475,Carracosta,023/086,Rare,Water,180,Stage 2,3,Lx2,,SV: Black Bolt,2025-07-18,Reverse Holofoil,0.24
642475,Carracosta,023/086,Rare,Water,180,Stage 2,3,Lx2,,SV: Black Bolt,2025-07-18,Holofoil,0.23
642476,Alomomola,024/086,Uncommon,Water,110,Basic,1,Lx2,,SV: Black Bolt,2025-07-18,Reverse Holofoil,0.27
642476,Alomomola,024/086,Uncommon,Water,110,Basic,1,Lx2,,SV: Black Bolt,2025-07-18,Normal,0.13
642477,Cubchoo,025/086,Common,Water,70,Basic,2,Mx2,,SV: Black Bolt,2025-07-18,Normal,0.17
642477,Cubchoo,025/086,Common,Water,70,Basic,2,Mx2,,SV: Black Bolt,2025-07-18,Reverse Holofoil,0.2
642478,Beartic,026/086,Rare,Water,150,Stage 1,3,Mx2,,SV: Black Bolt,2025-07-18,Reverse Holofoil,0.22
642478,Beartic,026/086,Rare,Water,150,Stage 1,3,Mx2,,SV: Black Bolt,2025-07-18,Holofoil,0.17
642479,Cryogonal,027/086,Uncommon,Water,90,Basic,1,Mx2,,SV: Black Bolt,2025-07-18,Reverse Holofoil,0.23
642479,Cryogonal,027/086,Uncommon,Water,90,Basic,1,Mx2,,SV: Black Bolt,2025-07-18,Normal,0.05
642480,Kyurem ex,028/086,Double Rare,Water,230,Basic,2,Mx2,,SV: Black Bolt,2025-07-18,Holofoil,0.73
642481,Emolga,029/086,Common,Lightning,70,Basic,0,Fx2,,SV: Black Bolt,2025-07-18,Reverse Holofoil,0.25
642481,Emolga,029/086,Common,Lightning,70,Basic,0,Fx2,,SV: Black Bolt,2025-07-18,Normal,0.09
642482,Tynamo,030/086,Common,Lightning,40,Basic,0,Fx2,,SV: Black Bolt,2025-07-18,Reverse Holofoil,0.25
642482,Tynamo,030/086,Common,Lightning,40,Basic,0,Fx2,,SV: Black Bolt,2025-07-18,Normal,0.24
642483,Eelektrik,031/086,Uncommon,Lightning,90,Stage 1,2,Fx2,,SV: Black Bolt,2025-07-18,Normal,0.15
642483,Eelektrik,031/086,Uncommon,Lightning,90,Stage 1,2,Fx2,,SV: Black Bolt,2025-07-18,Reverse Holofoil,0.28
642484,Eelektross,032/086,Uncommon,Lightning,160,Stage 2,3,Fx2,,SV: Black Bolt,2025-07-18,Normal,0.15
642484,Eelektross,032/086,Uncommon,Lightning,160,Stage 2,3,Fx2,,SV: Black Bolt,2025-07-18,Reverse Holofoil,0.23
642485,Thundurus,033/086,Rare,Lightning,120,Basic,1,Fx2,,SV: Black Bolt,2025-07-18,Holofoil,0.17
642485,Thundurus,033/086,Rare,Lightning,120,Basic,1,Fx2,,SV: Black Bolt,2025-07-18,Reverse Holofoil,0.2
642486,Zekrom ex,034/086,Double Rare,Lightning,230,Basic,2,Fx2,,SV: Black Bolt,2025-07-18,Holofoil,0.82
642487,Munna,035/086,Common,Psychic,70,Basic,1,Dx2,F-30,SV: Black Bolt,2025-07-18,Reverse Holofoil,0.16
642487,Munna,035/086,Common,Psychic,70,Basic,1,Dx2,F-30,SV: Black Bolt,2025-07-18,Normal,0.12
642488,Musharna,036/086,Uncommon,Psychic,120,Stage 1,2,Dx2,F-30,SV: Black Bolt,2025-07-18,Reverse Holofoil,0.23
642488,Musharna,036/086,Uncommon,Psychic,120,Stage 1,2,Dx2,F-30,SV: Black Bolt,2025-07-18,Normal,0.16
642489,Solosis,037/086,Common,Psychic,40,Basic,1,Dx2,F-30,SV: Black Bolt,2025-07-18,Reverse Holofoil,0.19
642489,Solosis,037/086,Common,Psychic,40,Basic,1,Dx2,F-30,SV: Black Bolt,2025-07-18,Normal,0.13
642490,Duosion,038/086,Common,Psychic,70,Stage 1,1,Dx2,F-30,SV: Black Bolt,2025-07-18,Reverse Holofoil,0.2
642490,Duosion,038/086,Common,Psychic,70,Stage 1,1,Dx2,F-30,SV: Black Bolt,2025-07-18,Normal,0.17
642491,Reuniclus,039/086,Uncommon,Psychic,140,Stage 2,1,Dx2,F-30,SV: Black Bolt,2025-07-18,Reverse Holofoil,0.28
642491,Reuniclus,039/086,Uncommon,Psychic,140,Stage 2,1,Dx2,F-30,SV: Black Bolt,2025-07-18,Normal,0.17
642492,Elgyem,040/086,Common,Psychic,60,Basic,1,Dx2,F-30,SV: Black Bolt,2025-07-18,Normal,0.24
642492,Elgyem,040/086,Common,Psychic,60,Basic,1,Dx2,F-30,SV: Black Bolt,2025-07-18,Reverse Holofoil,0.2
642493,Beheeyem,041/086,Uncommon,Psychic,90,Stage 1,1,Dx2,F-30,SV: Black Bolt,2025-07-18,Reverse Holofoil,0.22
642493,Beheeyem,041/086,Uncommon,Psychic,90,Stage 1,1,Dx2,F-30,SV: Black Bolt,2025-07-18,Normal,0.09
642494,Golett,042/086,Common,Psychic,90,Basic,3,Dx2,F-30,SV: Black Bolt,2025-07-18,Reverse Holofoil,0.15
642494,Golett,042/086,Common,Psychic,90,Basic,3,Dx2,F-30,SV: Black Bolt,2025-07-18,Normal,0.03
642495,Golurk,043/086,Uncommon,Psychic,160,Stage 1,3,Dx2,F-30,SV: Black Bolt,2025-07-18,Reverse Holofoil,0.25
642495,Golurk,043/086,Uncommon,Psychic,160,Stage 1,3,Dx2,F-30,SV: Black Bolt,2025-07-18,Normal,0.04
642496,Meloetta ex,044/086,Double Rare,Psychic,200,Basic,1,Dx2,F-30,SV: Black Bolt,2025-07-18,Holofoil,0.64
642497,Drilbur,045/086,Common,Fighting,70,Basic,1,Gx2,,SV: Black Bolt,2025-07-18,Normal,0.05
642497,Drilbur,045/086,Common,Fighting,70,Basic,1,Gx2,,SV: Black Bolt,2025-07-18,Reverse Holofoil,0.16
642498,Excadrill ex,046/086,Double Rare,Fighting,270,Stage 1,3,Gx2,,SV: Black Bolt,2025-07-18,Holofoil,0.67
642499,Timburr,047/086,Common,Fighting,70,Basic,2,Px2,,SV: Black Bolt,2025-07-18,Normal,0.14
642499,Timburr,047/086,Common,Fighting,70,Basic,2,Px2,,SV: Black Bolt,2025-07-18,Reverse Holofoil,0.19
642500,Gurdurr,048/086,Common,Fighting,100,Stage 1,3,Px2,,SV: Black Bolt,2025-07-18,Normal,0.08
642500,Gurdurr,048/086,Common,Fighting,100,Stage 1,3,Px2,,SV: Black Bolt,2025-07-18,Reverse Holofoil,0.15
642501,Conkeldurr,049/086,Rare,Fighting,140,Stage 2,3,Px2,,SV: Black Bolt,2025-07-18,Reverse Holofoil,0.23
642501,Conkeldurr,049/086,Rare,Fighting,140,Stage 2,3,Px2,,SV: Black Bolt,2025-07-18,Holofoil,0.16
642502,Throh,050/086,Uncommon,Fighting,130,Basic,2,Px2,,SV: Black Bolt,2025-07-18,Normal,0.13
642502,Throh,050/086,Uncommon,Fighting,130,Basic,2,Px2,,SV: Black Bolt,2025-07-18,Reverse Holofoil,0.21
642503,Dwebble,051/086,Common,Fighting,70,Basic,2,Gx2,,SV: Black Bolt,2025-07-18,Normal,0.16
642503,Dwebble,051/086,Common,Fighting,70,Basic,2,Gx2,,SV: Black Bolt,2025-07-18,Reverse Holofoil,0.15
642504,Crustle,052/086,Uncommon,Fighting,150,Stage 1,3,Gx2,,SV: Black Bolt,2025-07-18,Normal,0.11
642504,Crustle,052/086,Uncommon,Fighting,150,Stage 1,3,Gx2,,SV: Black Bolt,2025-07-18,Reverse Holofoil,0.21
642505,Landorus,053/086,Rare,Fighting,130,Basic,2,Gx2,,SV: Black Bolt,2025-07-18,Holofoil,0.14
642505,Landorus,053/086,Rare,Fighting,130,Basic,2,Gx2,,SV: Black Bolt,2025-07-18,Reverse Holofoil,0.2
642506,Venipede,054/086,Common,Darkness,80,Basic,3,Fx2,,SV: Black Bolt,2025-07-18,Normal,0.09
642506,Venipede,054/086,Common,Darkness,80,Basic,3,Fx2,,SV: Black Bolt,2025-07-18,Reverse Holofoil,0.19
642507,Whirlipede,055/086,Common,Darkness,100,Stage 1,3,Fx2,,SV: Black Bolt,2025-07-18,Reverse Holofoil,0.24
642507,Whirlipede,055/086,Common,Darkness,100,Stage 1,3,Fx2,,SV: Black Bolt,2025-07-18,Normal,0.15
642508,Scolipede,056/086,Uncommon,Darkness,160,Stage 2,3,Fx2,,SV: Black Bolt,2025-07-18,Reverse Holofoil,0.23
642508,Scolipede,056/086,Uncommon,Darkness,160,Stage 2,3,Fx2,,SV: Black Bolt,2025-07-18,Normal,0.16
642509,Sandile,057/086,Common,Darkness,70,Basic,2,Gx2,,SV: Black Bolt,2025-07-18,Reverse Holofoil,0.18
642509,Sandile,057/086,Common,Darkness,70,Basic,2,Gx2,,SV: Black Bolt,2025-07-18,Normal,0.15
642510,Krokorok,058/086,Common,Darkness,100,Stage 1,2,Gx2,,SV: Black Bolt,2025-07-18,Normal,0.14
642510,Krokorok,058/086,Common,Darkness,100,Stage 1,2,Gx2,,SV: Black Bolt,2025-07-18,Reverse Holofoil,0.15
642511,Krookodile,059/086,Uncommon,Darkness,170,Stage 2,3,Gx2,,SV: Black Bolt,2025-07-18,Normal,0.16
642511,Krookodile,059/086,Uncommon,Darkness,170,Stage 2,3,Gx2,,SV: Black Bolt,2025-07-18,Reverse Holofoil,0.22
642514,Escavalier,060/086,Uncommon,Metal,130,Stage 1,3,Rx2,G-30,SV: Black Bolt,2025-07-18,Normal,0.12
642514,Escavalier,060/086,Uncommon,Metal,130,Stage 1,3,Rx2,G-30,SV: Black Bolt,2025-07-18,Reverse Holofoil,0.16
642515,Pawniard,064/086,Common,Metal,60,Basic,1,Rx2,G-30,SV: Black Bolt,2025-07-18,Reverse Holofoil,0.12
642515,Pawniard,064/086,Common,Metal,60,Basic,1,Rx2,G-30,SV: Black Bolt,2025-07-18,Normal,0.03
642516,Bisharp,065/086,Uncommon,Metal,120,Stage 1,2,Rx2,G-30,SV: Black Bolt,2025-07-18,Reverse Holofoil,0.22
642516,Bisharp,065/086,Uncommon,Metal,120,Stage 1,2,Rx2,G-30,SV: Black Bolt,2025-07-18,Normal,0.1
642517,Cobalion,066/086,Rare,Metal,120,Basic,2,Rx2,G-30,SV: Black Bolt,2025-07-18,Holofoil,0.15
642517,Cobalion,066/086,Rare,Metal,120,Basic,2,Rx2,G-30,SV: Black Bolt,2025-07-18,Reverse Holofoil,0.22
642518,Genesect ex,067/086,Double Rare,Metal,220,Basic,2,Rx2,G-30,SV: Black Bolt,2025-07-18,Holofoil,1.27
642519,Axew,068/086,Common,Dragon,70,Basic,2,,,SV: Black Bolt,2025-07-18,Normal,0.17
642519,Axew,068/086,Common,Dragon,70,Basic,2,,,SV: Black Bolt,2025-07-18,Reverse Holofoil,0.2
642520,Fraxure,069/086,Common,Dragon,100,Stage 1,2,,,SV: Black Bolt,2025-07-18,Normal,0.12
642520,Fraxure,069/086,Common,Dragon,100,Stage 1,2,,,SV: Black Bolt,2025-07-18,Reverse Holofoil,0.17
642521,Haxorus,070/086,Rare,Dragon,170,Stage 2,3,,,SV: Black Bolt,2025-07-18,Holofoil,0.26
642521,Haxorus,070/086,Rare,Dragon,170,Stage 2,3,,,SV: Black Bolt,2025-07-18,Reverse Holofoil,0.22
642522,Pidove,071/086,Common,Colorless,60,Basic,1,Lx2,F-30,SV: Black Bolt,2025-07-18,Normal,0.1
642522,Pidove,071/086,Common,Colorless,60,Basic,1,Lx2,F-30,SV: Black Bolt,2025-07-18,Reverse Holofoil,0.2
642523,Tranquill,072/086,Common,Colorless,80,Stage 1,0,Lx2,F-30,SV: Black Bolt,2025-07-18,Normal,0.12
642523,Tranquill,072/086,Common,Colorless,80,Stage 1,0,Lx2,F-30,SV: Black Bolt,2025-07-18,Reverse Holofoil,0.17
642524,Unfezant,073/086,Uncommon,Colorless,150,Stage 2,0,Lx2,F-30,SV: Black Bolt,2025-07-18,Normal,0.17
642524,Unfezant,073/086,Uncommon,Colorless,150,Stage 2,0,Lx2,F-30,SV: Black Bolt,2025-07-18,Reverse Holofoil,0.2
642525,Audino - 074/086,074/086,Common,Colorless,100,Basic,1,Fx2,,SV: Black Bolt,2025-07-18,Normal,0.07
642525,Audino - 074/086,074/086,Common,Colorless,100,Basic,1,Fx2,,SV: Black Bolt,2025-07-18,Reverse Holofoil,0.21
642526,Minccino,075/086,Common,Colorless,60,Basic,1,Fx2,,SV: Black Bolt,2025-07-18,Reverse Holofoil,0.22
642526,Minccino,075/086,Common,Colorless,60,Basic,1,Fx2,,SV: Black Bolt,2025-07-18,Normal,0.18
642527,Cinccino,076/086,Uncommon,Colorless,100,Stage 1,1,Fx2,,SV: Black Bolt,2025-07-18,Reverse Holofoil,0.32
642527,Cinccino,076/086,Uncommon,Colorless,100,Stage 1,1,Fx2,,SV: Black Bolt,2025-07-18,Normal,0.16
642529,Antique Cover Fossil,080/086,Common,Trainer - Item,60,,,,,SV: Black Bolt,2025-07-18,Normal,0.17
642529,Antique Cover Fossil,080/086,Common,Trainer - Item,60,,,,,SV: Black Bolt,2025-07-18,Reverse Holofoil,0.24
642536,Snivy - 087/086,087/086,Illustration Rare,Grass,70,Basic,1,Rx2,,SV: Black Bolt,2025-07-18,Holofoil,30.24
642537,Servine - 088/086,088/086,Illustration Rare,Grass,100,Stage 1,1,Rx2,,SV: Black Bolt,2025-07-18,Holofoil,17.4
642538,Pansage - 089/086,089/086,Illustration Rare,Grass,70,Basic,1,Rx2,,SV: Black Bolt,2025-07-18,Holofoil,17.95
642539,Simisage - 090/086,090/086,Illustration Rare,Grass,100,Stage 1,1,Rx2,,SV: Black Bolt,2025-07-18,Holofoil,10.42
642540,Petilil - 091/086,091/086,Illustration Rare,Grass,60,Basic,1,Rx2,,SV: Black Bolt,2025-07-18,Holofoil,22.69
642541,Lilligant - 092/086,092/086,Illustration Rare,Grass,100,Stage 1,1,Rx2,,SV: Black Bolt,2025-07-18,Holofoil,54.18
642542,Maractus - 093/086,093/086,Illustration Rare,Grass,100,Basic,1,Rx2,,SV: Black Bolt,2025-07-18,Holofoil,7.3
642543,Karrablast - 094/086,094/086,Illustration Rare,Grass,60,Basic,1,Rx2,,SV: Black Bolt,2025-07-18,Holofoil,16.82
642544,Foongus - 095/086,095/086,Illustration Rare,Grass,50,Basic,1,Rx2,,SV: Black Bolt,2025-07-18,Holofoil,17.87
642545,Amoonguss - 096/086,096/086,Illustration Rare,Grass,120,Stage 1,2,Rx2,,SV: Black Bolt,2025-07-18,Holofoil,45.28
642546,Victini - 171/086,171/086,Black White Rare,Fire,80,Basic,1,Wx2,,SV: Black Bolt,2025-07-18,Holofoil,622.84
642547,Darumaka - 097/086,097/086,Illustration Rare,Fire,80,Basic,2,Wx2,,SV: Black Bolt,2025-07-18,Holofoil,16.3
642548,Darmanitan - 098/086,098/086,Illustration Rare,Fire,140,Stage 1,2,Wx2,,SV: Black Bolt,2025-07-18,Holofoil,11.28
642552,Larvesta - 099/086,099/086,Illustration Rare,Fire,60,Basic,1,Wx2,,SV: Black Bolt,2025-07-18,Holofoil,14.95
642553,Volcarona - 100/086,100/086,Illustration Rare,Fire,120,Stage 1,1,Wx2,,SV: Black Bolt,2025-07-18,Holofoil,61.71
642554,Panpour - 101/086,101/086,Illustration Rare,Water,70,Basic,1,Lx2,,SV: Black Bolt,2025-07-18,Holofoil,14.22
642555,Simipour - 102/086,102/086,Illustration Rare,Water,100,Stage 1,1,Lx2,,SV: Black Bolt,2025-07-18,Holofoil,12.33
642556,Tympole - 103/086,103/086,Illustration Rare,Water,60,Basic,1,Lx2,,SV: Black Bolt,2025-07-18,Holofoil,14.34
642557,Palpitoad - 104/086,104/086,Illustration Rare,Water,90,Stage 1,2,Lx2,,SV: Black Bolt,2025-07-18,Holofoil,11.13
642558,Seismitoad - 105/086,105/086,Illustration Rare,Water,170,Stage 2,3,Lx2,,SV: Black Bolt,2025-07-18,Holofoil,221.82
642559,Tirtouga - 106/086,106/086,Illustration Rare,Water,100,Basic,3,Lx2,,SV: Black Bolt,2025-07-18,Holofoil,32.17
642560,Carracosta - 107/086,107/086,Illustration Rare,Water,180,Stage 2,3,Lx2,,SV: Black Bolt,2025-07-18,Holofoil,12.11
642561,Alomomola - 108/086,108/086,Illustration Rare,Water,110,Basic,1,Lx2,,SV: Black Bolt,2025-07-18,Holofoil,24.56
642562,Cubchoo - 109/086,109/086,Illustration Rare,Water,70,Basic,2,Mx2,,SV: Black Bolt,2025-07-18,Holofoil,19.25
642563,Beartic - 110/086,110/086,Illustration Rare,Water,150,Stage 1,3,Mx2,,SV: Black Bolt,2025-07-18,Holofoil,9.75
642564,Cryogonal - 111/086,111/086,Illustration Rare,Water,90,Basic,1,Mx2,,SV: Black Bolt,2025-07-18,Holofoil,8.14
642565,Emolga - 112/086,112/086,Illustration Rare,Lightning,70,Basic,0,Fx2,,SV: Black Bolt,2025-07-18,Holofoil,13.59
642566,Tynamo - 113/086,113/086,Illustration Rare,Lightning,40,Basic,0,Fx2,,SV: Black Bolt,2025-07-18,Holofoil,18.68
642567,Eelektrik - 114/086,114/086,Illustration Rare,Lightning,90,Stage 1,2,Fx2,,SV: Black Bolt,2025-07-18,Holofoil,21.68
642568,Eelektross - 115/086,115/086,Illustration Rare,Lightning,160,Stage 2,3,Fx2,,SV: Black Bolt,2025-07-18,Holofoil,28.03
642570,Munna - 116/086,116/086,Illustration Rare,Psychic,70,Basic,1,Dx2,F-30,SV: Black Bolt,2025-07-18,Holofoil,18.86
642571,Musharna - 117/086,117/086,Illustration Rare,Psychic,120,Stage 1,2,Dx2,F-30,SV: Black Bolt,2025-07-18,Holofoil,11.63
642572,Solosis - 118/086,118/086,Illustration Rare,Psychic,40,Basic,1,Dx2,F-30,SV: Black Bolt,2025-07-18,Holofoil,30.99
642573,Duosion - 119/086,119/086,Illustration Rare,Psychic,70,Stage 1,1,Dx2,F-30,SV: Black Bolt,2025-07-18,Holofoil,14.82
642575,Elgyem - 120/086,120/086,Illustration Rare,Psychic,60,Basic,1,Dx2,F-30,SV: Black Bolt,2025-07-18,Holofoil,13.1
642576,Beheeyem - 121/086,121/086,Illustration Rare,Psychic,90,Stage 1,1,Dx2,F-30,SV: Black Bolt,2025-07-18,Holofoil,6.61
642577,Golett - 122/086,122/086,Illustration Rare,Psychic,90,Basic,3,Dx2,F-30,SV: Black Bolt,2025-07-18,Holofoil,9.39
642578,Golurk - 123/086,123/086,Illustration Rare,Psychic,160,,,,,SV: Black Bolt,2025-07-18,Holofoil,13.62
642579,Drilbur - 124/086,124/086,Illustration Rare,Fighting,70,Basic,1,Gx2,,SV: Black Bolt,2025-07-18,Holofoil,7.46
642580,Timburr - 125/086,125/086,Illustration Rare,Fighting,70,Basic,2,Px2,,SV: Black Bolt,2025-07-18,Holofoil,18.59
642581,Gurdurr - 126/086,126/086,Illustration Rare,Fighting,100,Stage 1,3,Px2,,SV: Black Bolt,2025-07-18,Holofoil,11.19
642582,Conkeldurr - 127/086,127/086,Illustration Rare,Fighting,140,Stage 2,3,Px2,,SV: Black Bolt,2025-07-18,Holofoil,35.36
642583,Throh - 128/086,128/086,Illustration Rare,Fighting,130,Basic,2,Px2,,SV: Black Bolt,2025-07-18,Holofoil,8.99
642584,Dwebble - 129/086,129/086,Illustration Rare,Fighting,70,Basic,2,Gx2,,SV: Black Bolt,2025-07-18,Holofoil,50.72
642585,Crustle - 130/086,130/086,Illustration Rare,Fighting,150,Stage 1,3,Gx2,,SV: Black Bolt,2025-07-18,Holofoil,7.33
642586,Landorus - 131/086,131/086,Illustration Rare,Fighting,130,Basic,2,Gx2,,SV: Black Bolt,2025-07-18,Holofoil,30.66
642587,Venipede - 132/086,132/086,Illustration Rare,Darkness,80,Basic,3,Fx2,,SV: Black Bolt,2025-07-18,Holofoil,8.24
642588,Whirlipede - 133/086,133/086,Illustration Rare,Darkness,100,Stage 1,3,Fx2,,SV: Black Bolt,2025-07-18,Holofoil,6.35
642589,Scolipede - 134/086,134/086,Illustration Rare,Darkness,160,Stage 2,3,Fx2,,SV: Black Bolt,2025-07-18,Holofoil,27.74
642590,Sandile - 135/086,135/086,Illustration Rare,Darkness,70,Basic,2,Gx2,,SV: Black Bolt,2025-07-18,Holofoil,15.14
642591,Krokorok - 136/086,136/086,Illustration Rare,Darkness,100,Stage 1,2,Gx2,,SV: Black Bolt,2025-07-18,Holofoil,12.92
642592,Krookodile - 137/086,137/086,Illustration Rare,Darkness,170,Stage 2,3,Gx2,,SV: Black Bolt,2025-07-18,Holofoil,47.29
642595,Escavalier - 138/086,138/086,Illustration Rare,Metal,130,Stage 1,3,Rx2,G-30,SV: Black Bolt,2025-07-18,Holofoil,17.37
642596,Pawniard - 142/086,142/086,Illustration Rare,Metal,60,Basic,1,Rx2,G-30,SV: Black Bolt,2025-07-18,Holofoil,7.94
642597,Bisharp - 143/086,143/086,Illustration Rare,Metal,120,Basic,2,Rx2,G-30,SV: Black Bolt,2025-07-18,Holofoil,12.3
642598,Cobalion - 144/086,144/086,Illustration Rare,Metal,120,Basic,2,,,SV: Black Bolt,2025-07-18,Holofoil,31.36
642599,Axew - 145/086,145/086,Illustration Rare,Dragon,70,Stage 1,2,,,SV: Black Bolt,2025-07-18,Holofoil,20.04
642600,Fraxure - 146/086,146/086,Illustration Rare,Dragon,100,Stage 2,3,,,SV: Black Bolt,2025-07-18,Holofoil,33.04
642601,Haxorus - 147/086,147/086,Illustration Rare,Dragon,170,Basic,1,Lx2,F-30,SV: Black Bolt,2025-07-18,Holofoil,66.43
642602,Pidove - 148/086,148/086,Illustration Rare,Colorless,60,Basic,1,Lx2,F-30,SV: Black Bolt,2025-07-18,Holofoil,38.08
642603,Tranquill - 149/086,149/086,Illustration Rare,Colorless,80,Stage 1,0,Lx2,F-30,SV: Black Bolt,2025-07-18,Holofoil,5.57
642604,Unfezant - 150/086,150/086,Illustration Rare,Colorless,150,Stage 2,0,Lx2,F-30,SV: Black Bolt,2025-07-18,Holofoil,31.66
642605,Audino - 151/086,151/086,Illustration Rare,Colorless,100,Basic,1,Fx2,,SV: Black Bolt,2025-07-18,Holofoil,44.34
642606,Minccino - 152/086,152/086,Illustration Rare,Colorless,60,Basic,1,Fx2,,SV: Black Bolt,2025-07-18,Holofoil,26.52
642607,Cinccino - 153/086,153/086,Illustration Rare,Colorless,100,Stage 1,1,Fx2,,SV: Black Bolt,2025-07-18,Holofoil,29.79
642608,Serperior ex - 156/086,156/086,Ultra Rare,Grass,320,Stage 2,2,Rx2,,SV: Black Bolt,2025-07-18,Holofoil,1.28
642609,Kyurem ex - 157/086,157/086,Ultra Rare,Water,230,Basic,2,Mx2,,SV: Black Bolt,2025-07-18,Holofoil,1.39
642610,Zekrom ex - 158/086,158/086,Ultra Rare,Lightning,230,Basic,2,Fx2,,SV: Black Bolt,2025-07-18,Holofoil,4.75
642611,Meloetta ex - 159/086,159/086,Ultra Rare,Psychic,200,Basic,1,Dx2,F-30,SV: Black Bolt,2025-07-18,Holofoil,1.35
642612,Excadrill ex - 160/086,160/086,Ultra Rare,Fighting,270,Stage 1,3,Gx2,,SV: Black Bolt,2025-07-18,Holofoil,1.01
642613,Genesect ex - 161/086,161/086,Ultra Rare,Metal,220,Basic,2,Rx2,G-30,SV: Black Bolt,2025-07-18,Holofoil,2.22
642616,Serperior ex - 164/086,164/086,Special Illustration Rare,Grass,320,Stage 2,2,Rx2,,SV: Black Bolt,2025-07-18,Holofoil,44.59
642617,Kyurem ex - 165/086,165/086,Special Illustration Rare,Water,230,Basic,2,Mx2,,SV: Black Bolt,2025-07-18,Holofoil,74.66
642618,Zekrom ex - 166/086,166/086,Special Illustration Rare,Lightning,230,Basic,2,Fx2,,SV: Black Bolt,2025-07-18,Holofoil,282.48
642619,Meloetta ex - 167/086,167/086,Special Illustration Rare,Psychic,200,Basic,1,Dx2,F-30,SV: Black Bolt,2025-07-18,Holofoil,38.38
642620,Excadrill ex - 168/086,168/086,Special Illustration Rare,Fighting,270,Stage 1,3,Gx2,,SV: Black Bolt,2025-07-18,Holofoil,20.51
642621,Genesect ex - 169/086,169/086,Special Illustration Rare,Metal,220,Basic,2,Rx2,G-30,SV: Black Bolt,2025-07-18,Holofoil,45.75
642623,Zekrom ex - 172/086,172/086,Black White Rare,Lightning,230,Basic,2,Fx2,,SV: Black Bolt,2025-07-18,Holofoil,624.58
642624,Snivy (Master Ball Pattern),001/086,Common,Grass,70,Basic,1,Rx2,,SV: Black Bolt,2025-07-18,Holofoil,6.78
642625,Servine (Master Ball Pattern),002/086,Common,Grass,100,Stage 1,1,Rx2,,SV: Black Bolt,2025-07-18,Holofoil,4.9
642626,Pansage (Master Ball Pattern),004/086,Common,Grass,70,Basic,1,Rx2,,SV: Black Bolt,2025-07-18,Holofoil,2.83
642627,Simisage (Master Ball Pattern),005/086,Uncommon,Grass,100,Stage 1,1,Rx2,,SV: Black Bolt,2025-07-18,Holofoil,20.43
642628,Petilil (Master Ball Pattern),006/086,Common,Grass,60,Basic,1,Rx2,,SV: Black Bolt,2025-07-18,Holofoil,3.79
642629,Lilligant (Master Ball Pattern),007/086,Uncommon,Grass,100,Stage 1,1,Rx2,,SV: Black Bolt,2025-07-18,Holofoil,17.92
642630,Maractus (Master Ball Pattern),008/086,Common,Grass,100,Basic,1,Rx2,,SV: Black Bolt,2025-07-18,Holofoil,27.02
642631,Karrablast (Master Ball Pattern),009/086,Common,Grass,60,Basic,1,Rx2,,SV: Black Bolt,2025-07-18,Holofoil,2.85
642632,Foongus (Master Ball Pattern),010/086,Common,Grass,50,Basic,1,Rx2,,SV: Black Bolt,2025-07-18,Holofoil,2.69
642633,Amoonguss (Master Ball Pattern),011/086,Uncommon,Grass,120,Stage 1,2,Rx2,,SV: Black Bolt,2025-07-18,Holofoil,17.0
642634,Victini (Master Ball Pattern),012/086,Rare,Fire,80,Basic,1,Wx2,,SV: Black Bolt,2025-07-18,Holofoil,56.29
642635,Darumaka (Master Ball Pattern),013/086,Common,Fire,80,Basic,2,Wx2,,SV: Black Bolt,2025-07-18,Holofoil,2.92
642636,Darmanitan (Master Ball Pattern),014/086,Uncommon,Fire,140,Stage 1,2,Wx2,,SV: Black Bolt,2025-07-18,Holofoil,22.91
642640,Larvesta (Master Ball Pattern),015/086,Common,Fire,60,Basic,1,Wx2,,SV: Black Bolt,2025-07-18,Holofoil,3.64
642641,Volcarona (Master Ball Pattern),016/086,Rare,Fire,120,Stage 1,1,Wx2,,SV: Black Bolt,2025-07-18,Holofoil,16.41
642642,Panpour (Master Ball Pattern),017/086,Common,Water,70,Basic,1,Lx2,,SV: Black Bolt,2025-07-18,Holofoil,1.98
642643,Simipour (Master Ball Pattern),018/086,Uncommon,Water,100,Stage 1,1,Lx2,,SV: Black Bolt,2025-07-18,Holofoil,16.74
642644,Tympole (Master Ball Pattern),019/086,Common,Water,60,Basic,1,Lx2,,SV: Black Bolt,2025-07-18,Holofoil,2.54
642645,Palpitoad (Master Ball Pattern),020/086,Common,Water,90,Stage 1,2,Lx2,,SV: Black Bolt,2025-07-18,Holofoil,14.26
642646,Seismitoad (Master Ball Pattern),021/086,Uncommon,Water,170,Stage 2,3,Lx2,,SV: Black Bolt,2025-07-18,Holofoil,12.35
642647,Tirtouga (Master Ball Pattern),022/086,Uncommon,Water,100,Stage 1,3,Lx2,,SV: Black Bolt,2025-07-18,Holofoil,13.74
642648,Carracosta (Master Ball Pattern),023/086,Rare,Water,180,Stage 2,3,Lx2,,SV: Black Bolt,2025-07-18,Holofoil,13.2
642649,Alomomola (Master Ball Pattern),024/086,Uncommon,Water,110,Basic,1,Lx2,,SV: Black Bolt,2025-07-18,Holofoil,19.21
642650,Cubchoo (Master Ball Pattern),025/086,Common,Water,70,Basic,2,Mx2,,SV: Black Bolt,2025-07-18,Holofoil,4.48
642651,Beartic (Master Ball Pattern),026/086,Rare,Water,150,Stage 1,3,Mx2,,SV: Black Bolt,2025-07-18,Holofoil,13.21
642652,Cryogonal (Master Ball Pattern),027/086,Uncommon,Water,90,Basic,1,Mx2,,SV: Black Bolt,2025-07-18,Holofoil,14.88
642653,Emolga (Master Ball Pattern),029/086,Common,Lightning,70,Basic,0,Fx2,,SV: Black Bolt,2025-07-18,Holofoil,20.48
642654,Tynamo (Master Ball Pattern),030/086,Common,Lightning,40,Basic,0,Fx2,,SV: Black Bolt,2025-07-18,Holofoil,2.87
642655,Eelektrik (Master Ball Pattern),031/086,Uncommon,Lightning,90,Stage 1,2,Fx2,,SV: Black Bolt,2025-07-18,Holofoil,10.39
642656,Eelektross (Master Ball Pattern),032/086,Uncommon,Lightning,160,Stage 2,3,Fx2,,SV: Black Bolt,2025-07-18,Holofoil,11.44
642657,Thundurus (Master Ball Pattern),033/086,Rare,Lightning,120,Basic,1,Fx2,,SV: Black Bolt,2025-07-18,Holofoil,11.38
642658,Munna (Master Ball Pattern),035/086,Common,Psychic,70,Basic,1,Dx2,F-30,SV: Black Bolt,2025-07-18,Holofoil,3.05
642659,Musharna (Master Ball Pattern),036/086,Uncommon,Psychic,120,Stage 1,2,Dx2,F-30,SV: Black Bolt,2025-07-18,Holofoil,27.25
642660,Solosis (Master Ball Pattern),037/086,Common,Psychic,40,Basic,1,Dx2,F-30,SV: Black Bolt,2025-07-18,Holofoil,3.97
642661,Duosion (Master Ball Pattern),038/086,Common,Psychic,70,Stage 1,1,Dx2,F-30,SV: Black Bolt,2025-07-18,Holofoil,14.24
642662,Reuniclus (Master Ball Pattern),039/086,Uncommon,Psychic,140,Stage 2,1,Dx2,F-30,SV: Black Bolt,2025-07-18,Holofoil,13.93
642663,Elgyem (Master Ball Pattern),040/086,Common,Psychic,60,Basic,1,Dx2,F-30,SV: Black Bolt,2025-07-18,Holofoil,3.46
642664,Beheeyem (Master Ball Pattern),041/086,Uncommon,Psychic,90,Stage 1,1,Dx2,F-30,SV: Black Bolt,2025-07-18,Holofoil,15.15
642665,Golett (Master Ball Pattern),042/086,Common,Psychic,90,Basic,3,Dx2,F-30,SV: Black Bolt,2025-07-18,Holofoil,2.48
642666,Golurk (Master Ball Pattern),043/086,Uncommon,Psychic,160,Stage 1,3,Dx2,F-30,SV: Black Bolt,2025-07-18,Holofoil,13.33
642667,Drilbur (Master Ball Pattern),045/086,Common,Fighting,70,Basic,1,Gx2,,SV: Black Bolt,2025-07-18,Holofoil,2.97
642668,Timburr (Master Ball Pattern),047/086,Common,Fighting,70,Basic,2,Px2,,SV: Black Bolt,2025-07-18,Holofoil,14.82
642669,Gurdurr (Master Ball Pattern),048/086,Common,Fighting,100,Stage 1,3,Px2,,SV: Black Bolt,2025-07-18,Holofoil,1.74
642670,Conkeldurr (Master Ball Pattern),049/086,Rare,Fighting,140,Stage 2,3,Px2,,SV: Black Bolt,2025-07-18,Holofoil,15.49
642671,Throh (Master Ball Pattern),050/086,Uncommon,Fighting,130,Basic,2,Px2,,SV: Black Bolt,2025-07-18,Holofoil,12.98
642672,Dwebble (Master Ball Pattern),051/086,Common,Fighting,70,Basic,2,Gx2,,SV: Black Bolt,2025-07-18,Holofoil,2.19
642673,Crustle (Master Ball Pattern),052/086,Uncommon,Fighting,150,Stage 1,3,Gx2,,SV: Black Bolt,2025-07-18,Holofoil,11.99
642674,Landorus (Master Ball Pattern),053/086,Rare,Fighting,130,Basic,2,Gx2,,SV: Black Bolt,2025-07-18,Holofoil,14.61
642675,Venipede (Master Ball Pattern),054/086,Common,Darkness,80,Basic,3,Fx2,,SV: Black Bolt,2025-07-18,Holofoil,2.74
642676,Whirlipede (Master Ball Pattern),055/086,Common,Darkness,100,Stage 1,3,Fx2,,SV: Black Bolt,2025-07-18,Holofoil,22.62
642677,Scolipede (Master Ball Pattern),056/086,Uncommon,Darkness,160,Stage 2,3,Fx2,,SV: Black Bolt,2025-07-18,Holofoil,22.19
642678,Sandile (Master Ball Pattern),057/086,Common,Darkness,70,Basic,2,Gx2,,SV: Black Bolt,2025-07-18,Holofoil,3.27
642679,Krokorok (Master Ball Pattern),058/086,Common,Darkness,100,Stage 1,2,Gx2,,SV: Black Bolt,2025-07-18,Holofoil,12.67
642680,Krookodile (Master Ball Pattern),059/086,Uncommon,Darkness,170,Stage 2,3,Gx2,,SV: Black Bolt,2025-07-18,Holofoil,19.56
642683,Escavalier (Master Ball Pattern),060/086,Common,Metal,130,Stage 1,3,Rx2,G-30,SV: Black Bolt,2025-07-18,Holofoil,12.23
642684,Pawniard (Master Ball Pattern),064/086,Common,Metal,60,Basic,1,Rx2,G-30,SV: Black Bolt,2025-07-18,Holofoil,1.74
642685,Bisharp (Master Ball Pattern),065/086,Uncommon,Metal,120,Stage 1,2,Rx2,G-30,SV: Black Bolt,2025-07-18,Holofoil,13.84
642686,Cobalion (Master Ball Pattern),066/086,Rare,Metal,120,Basic,2,Rx2,G-30,SV: Black Bolt,2025-07-18,Holofoil,13.8
642687,Axew (Master Ball Pattern),068/086,Common,Dragon,70,Basic,2,,,SV: Black Bolt,2025-07-18,Holofoil,3.01
642688,Fraxure (Master Ball Pattern),069/086,Common,Dragon,100,Stage 1,2,,,SV: Black Bolt,2025-07-18,Holofoil,16.19
642689,Haxorus (Master Ball Pattern),070/086,Rare,Dragon,170,Stage 2,3,,,SV: Black Bolt,2025-07-18,Holofoil,13.07
642690,Pidove (Master Ball Pattern),071/086,Common,Colorless,60,Basic,1,Lx2,F-30,SV: Black Bolt,2025-07-18,Holofoil,2.78
642691,Tranquill (Master Ball Pattern),072/086,Common,Colorless,80,Stage 1,0,Lx2,F-30,SV: Black Bolt,2025-07-18,Holofoil,3.11
642692,Unfezant (Master Ball Pattern),073/086,Uncommon,Colorless,150,Stage 2,0,Lx2,F-30,SV: Black Bolt,2025-07-18,Holofoil,10.17
642693,Audino - 074/086 (Master Ball Pattern),074/086,Common,Colorless,100,Basic,1,Fx2,,SV: Black Bolt,2025-07-18,Holofoil,14.7
642694,Minccino (Master Ball Pattern),075/086,Common,Colorless,60,Basic,1,Fx2,,SV: Black Bolt,2025-07-18,Holofoil,6.37
642695,Cinccino (Master Ball Pattern),076/086,Uncommon,Colorless,100,Stage 1,1,Fx2,,SV: Black Bolt,2025-07-18,Holofoil,14.14
642696,Snivy (Poke Ball Pattern),001/086,Common,Grass,70,Basic,1,Rx2,,SV: Black Bolt,2025-07-18,Holofoil,0.72
642697,Servine (Poke Ball Pattern),002/086,Common,Grass,100,Stage 1,1,Rx2,,SV: Black Bolt,2025-07-18,Holofoil,0.52
642698,Pansage (Poke Ball Pattern),004/086,Common,Grass,70,Basic,1,Rx2,,SV: Black Bolt,2025-07-18,Holofoil,0.28
642699,Simisage (Poke Ball Pattern),005/086,Uncommon,Grass,100,Stage 1,1,Rx2,,SV: Black Bolt,2025-07-18,Holofoil,0.48
642700,Petilil (Poke Ball Pattern),006/086,Common,Grass,60,Basic,1,Rx2,,SV: Black Bolt,2025-07-18,Holofoil,0.3
642701,Lilligant (Poke Ball Pattern),007/086,Uncommon,Grass,100,Stage 1,1,Rx2,,SV: Black Bolt,2025-07-18,Holofoil,0.42
642702,Maractus (Poke Ball Pattern),008/086,Common,Grass,100,Basic,1,Rx2,,SV: Black Bolt,2025-07-18,Holofoil,0.6
642703,Karrablast (Poke Ball Pattern),009/086,Common,Grass,60,Basic,1,Rx2,,SV: Black Bolt,2025-07-18,Holofoil,0.29
642704,Foongus (Poke Ball Pattern),010/086,Common,Grass,50,Basic,1,Rx2,,SV: Black Bolt,2025-07-18,Holofoil,0.58
642705,Amoonguss (Poke Ball Pattern),011/086,Uncommon,Grass,120,Stage 1,2,Rx2,,SV: Black Bolt,2025-07-18,Holofoil,0.52
642706,Victini (Poke Ball Pattern),012/086,Rare,Fire,80,Basic,1,Wx2,,SV: Black Bolt,2025-07-18,Holofoil,0.36
642707,Darumaka (Poke Ball Pattern),013/086,Common,Fire,80,Basic,2,Wx2,,SV: Black Bolt,2025-07-18,Holofoil,0.27
642708,Darmanitan (Poke Ball Pattern),014/086,Uncommon,Fire,140,Stage 1,2,Wx2,,SV: Black Bolt,2025-07-18,Holofoil,0.47
642712,Larvesta (Poke Ball Pattern),015/086,Common,Fire,60,Basic,1,Wx2,,SV: Black Bolt,2025-07-18,Holofoil,0.29
642713,Volcarona (Poke Ball Pattern),016/086,Rare,Fire,120,Stage 1,1,Wx2,,SV: Black Bolt,2025-07-18,Holofoil,0.45
642714,Panpour (Poke Ball Pattern),017/086,Common,Water,70,Basic,1,Lx2,,SV: Black Bolt,2025-07-18,Holofoil,0.29
642715,Simipour (Poke Ball Pattern),018/086,Uncommon,Water,100,Stage 1,1,Lx2,,SV: Black Bolt,2025-07-18,Holofoil,0.48
642716,Tympole (Poke Ball Pattern),019/086,Common,Water,60,Basic,1,Lx2,,SV: Black Bolt,2025-07-18,Holofoil,0.29
642717,Palpitoad (Poke Ball Pattern),020/086,Common,Water,90,Stage 1,2,Lx2,,SV: Black Bolt,2025-07-18,Holofoil,0.41
642718,Seismitoad (Poke Ball Pattern),021/086,Uncommon,Water,170,Stage 2,3,Lx2,,SV: Black Bolt,2025-07-18,Holofoil,0.57
642719,Tirtouga (Poke Ball Pattern),022/086,Uncommon,Water,100,Stage 1,3,Lx2,,SV: Black Bolt,2025-07-18,Holofoil,0.5
642720,Carracosta (Poke Ball Pattern),023/086,Rare,Water,180,Stage 2,3,Lx2,,SV: Black Bolt,2025-07-18,Holofoil,0.49
642721,Alomomola (Poke Ball Pattern),024/086,Uncommon,Water,110,Basic,1,Lx2,,SV: Black Bolt,2025-07-18,Holofoil,0.43
642722,Cubchoo (Poke Ball Pattern),025/086,Common,Water,70,Basic,2,Mx2,,SV: Black Bolt,2025-07-18,Holofoil,0.28
642723,Beartic (Poke Ball Pattern),026/086,Rare,Water,150,Stage 1,3,Mx2,,SV: Black Bolt,2025-07-18,Holofoil,0.54
642724,Cryogonal (Poke Ball Pattern),027/086,Uncommon,Water,90,Basic,1,Mx2,,SV: Black Bolt,2025-07-18,Holofoil,0.44
642726,Emolga (Poke Ball Pattern),029/086,Common,Lightning,70,Basic,0,Fx2,,SV: Black Bolt,2025-07-18,Holofoil,0.61
642727,Tynamo (Poke Ball Pattern),030/086,Common,Lightning,40,Basic,0,Fx2,,SV: Black Bolt,2025-07-18,Holofoil,0.38
642728,Eelektrik (Poke Ball Pattern),031/086,Uncommon,Lightning,90,Stage 1,2,Fx2,,SV: Black Bolt,2025-07-18,Holofoil,0.7
642729,Eelektross (Poke Ball Pattern),032/086,Uncommon,Lightning,160,Stage 2,3,Fx2,,SV: Black Bolt,2025-07-18,Holofoil,0.54
642730,Thundurus (Poke Ball Pattern),033/086,Rare,Lightning,120,Basic,1,Fx2,,SV: Black Bolt,2025-07-18,Holofoil,0.55
642731,Munna (Poke Ball Pattern),035/086,Common,Psychic,70,Basic,1,Dx2,F-30,SV: Black Bolt,2025-07-18,Holofoil,0.3
642732,Musharna (Poke Ball Pattern),036/086,Uncommon,Psychic,120,Stage 1,2,Dx2,F-30,SV: Black Bolt,2025-07-18,Holofoil,0.52
642733,Solosis (Poke Ball Pattern),037/086,Common,Psychic,40,Basic,1,Dx2,F-30,SV: Black Bolt,2025-07-18,Holofoil,0.31
642734,Duosion (Poke Ball Pattern),038/086,Common,Psychic,70,Stage 1,1,Dx2,F-30,SV: Black Bolt,2025-07-18,Holofoil,0.6
642735,Reuniclus (Poke Ball Pattern),039/086,Uncommon,Psychic,140,Stage 2,1,Dx2,F-30,SV: Black Bolt,2025-07-18,Holofoil,0.66
642736,Elgyem (Poke Ball Pattern),040/086,Common,Psychic,60,Basic,1,Dx2,F-30,SV: Black Bolt,2025-07-18,Holofoil,0.28
642737,Beheeyem (Poke Ball Pattern),041/086,Uncommon,Psychic,90,Stage 1,1,Dx2,F-30,SV: Black Bolt,2025-07-18,Holofoil,0.45
642738,Golett (Poke Ball Pattern),042/086,Common,Psychic,90,Basic,3,Dx2,F-30,SV: Black Bolt,2025-07-18,Holofoil,0.29
642739,Golurk (Poke Ball Pattern),043/086,Uncommon,Psychic,160,Stage 1,3,Dx2,F-30,SV: Black Bolt,2025-07-18,Holofoil,0.49
642740,Drilbur (Poke Ball Pattern),045/086,Common,Fighting,70,Basic,1,Gx2,,SV: Black Bolt,2025-07-18,Holofoil,0.28
642741,Timburr (Poke Ball Pattern),047/086,Common,Fighting,70,Basic,2,Px2,,SV: Black Bolt,2025-07-18,Holofoil,0.28
642742,Gurdurr (Poke Ball Pattern),048/086,Common,Fighting,100,Stage 1,3,Px2,,SV: Black Bolt,2025-07-18,Holofoil,0.41
642743,Conkeldurr (Poke Ball Pattern),049/086,Rare,Fighting,140,Stage 2,3,Px2,,SV: Black Bolt,2025-07-18,Holofoil,0.41
642744,Throh (Poke Ball Pattern),050/086,Uncommon,Fighting,130,Basic,2,Px2,,SV: Black Bolt,2025-07-18,Holofoil,0.5
642745,Dwebble (Poke Ball Pattern),051/086,Common,Fighting,70,Basic,2,Gx2,,SV: Black Bolt,2025-07-18,Holofoil,0.31
642746,Crustle (Poke Ball Pattern),052/086,Uncommon,Fighting,150,Stage 1,3,Gx2,,SV: Black Bolt,2025-07-18,Holofoil,0.35
642747,Landorus (Poke Ball Pattern),053/086,Rare,Fighting,130,Basic,2,Gx2,,SV: Black Bolt,2025-07-18,Holofoil,0.46
642748,Venipede (Poke Ball Pattern),054/086,Common,Darkness,80,Basic,3,Fx2,,SV: Black Bolt,2025-07-18,Holofoil,0.45
642749,Whirlipede (Poke Ball Pattern),055/086,Common,Darkness,100,Stage 1,3,Fx2,,SV: Black Bolt,2025-07-18,Holofoil,0.44
642750,Scolipede (Poke Ball Pattern),056/086,Uncommon,Darkness,160,Stage 2,3,Fx2,,SV: Black Bolt,2025-07-18,Holofoil,0.58
642751,Sandile (Poke Ball Pattern),057/086,Common,Darkness,70,Basic,2,Gx2,,SV: Black Bolt,2025-07-18,Holofoil,0.44
642752,Krokorok (Poke Ball Pattern),058/086,Common,Darkness,100,Stage 1,2,Gx2,,SV: Black Bolt,2025-07-18,Holofoil,0.52
642753,Krookodile (Poke Ball Pattern),059/086,Uncommon,Darkness,170,Stage 2,3,Gx2,,SV: Black Bolt,2025-07-18,Holofoil,0.77
642756,Escavalier (Poke Ball Pattern),060/086,Common,Metal,130,Stage 1,3,Rx2,G-30,SV: Black Bolt,2025-07-18,Holofoil,0.41
642757,Pawniard (Poke Ball Pattern),064/086,Common,Metal,60,Basic,1,Rx2,G-30,SV: Black Bolt,2025-07-18,Holofoil,0.29
642758,Bisharp (Poke Ball Pattern),065/086,Uncommon,Metal,120,Stage 1,2,Rx2,G-30,SV: Black Bolt,2025-07-18,Holofoil,0.4
642759,Cobalion (Poke Ball Pattern),066/086,Rare,Metal,120,Basic,2,Rx2,G-30,SV: Black Bolt,2025-07-18,Holofoil,0.52
642760,Axew (Poke Ball Pattern),068/086,Common,Dragon,70,Basic,2,,,SV: Black Bolt,2025-07-18,Holofoil,0.35
642761,Fraxure (Poke Ball Pattern),069/086,Common,Dragon,100,Stage 1,2,,,SV: Black Bolt,2025-07-18,Holofoil,0.4
642762,Haxorus (Poke Ball Pattern),070/086,Rare,Dragon,170,Stage 2,3,,,SV: Black Bolt,2025-07-18,Holofoil,0.5
642763,Pidove (Poke Ball Pattern),071/086,Common,Colorless,60,Basic,1,Lx2,F-30,SV: Black Bolt,2025-07-18,Holofoil,0.32
642764,Tranquill (Poke Ball Pattern),072/086,Common,Colorless,80,Stage 1,0,Lx2,F-30,SV: Black Bolt,2025-07-18,Holofoil,0.44
642765,Unfezant (Poke Ball Pattern),073/086,Uncommon,Colorless,150,Stage 2,0,Lx2,F-30,SV: Black Bolt,2025-07-18,Holofoil,0.42
642766,Audino - 074/086 (Poke Ball Pattern),074/086,Common,Colorless,100,Basic,1,Fx2,,SV: Black Bolt,2025-07-18,Holofoil,0.61
642767,Minccino (Poke Ball Pattern),075/086,Common,Colorless,60,Basic,1,Fx2,,SV: Black Bolt,2025-07-18,Holofoil,0.34
642768,Cinccino (Poke Ball Pattern),076/086,Uncommon,Colorless,100,Stage 1,1,Fx2,,SV: Black Bolt,2025-07-18,Holofoil,0.58
644864,Antique Cover Fossil (Poke Ball Pattern),080/086,Common,Trainer - Item,60,,,,,SV: Black Bolt,2025-07-18,Holofoil,0.39
83466,Aerodactyl,15/64,Rare,Fighting,60,Stage 1,2,G,F-30,Neo Revelation,2001-09-21,1st Edition,34.31
83466,Aerodactyl,15/64,Rare,Fighting,60,Stage 1,2,G,F-30,Neo Revelation,2001-09-21,Unlimited,8.68
83486,Aipom,41/64,Common,Colorless,40,Basic,,F,P-30,Neo Revelation,2001-09-21,1st Edition,2.12
83486,Aipom,41/64,Common,Colorless,40,Basic,,F,P-30,Neo Revelation,2001-09-21,Unlimited,0.85
83535,Ampharos,01/64,Holo Rare,Lightning,90,Stage 2,3,F,,Neo Revelation,2001-09-21,1st Edition Holofoil,219.9
83535,Ampharos,01/64,Holo Rare,Lightning,90,Stage 2,3,F,,Neo Revelation,2001-09-21,Unlimited Holofoil,77.67
83918,Blissey,02/64,Holo Rare,Colorless,120,Stage 1,2,F,P-30,Neo Revelation,2001-09-21,1st Edition Holofoil,232.5
83918,Blissey,02/64,Holo Rare,Colorless,120,Stage 1,2,F,P-30,Neo Revelation,2001-09-21,Unlimited Holofoil,127.1
84141,Celebi (3),3/64,Holo Rare,Psychic,50,Basic,1,P,,Neo Revelation,2001-09-21,1st Edition Holofoil,349.99
84141,Celebi (3),3/64,Holo Rare,Psychic,50,Basic,1,P,,Neo Revelation,2001-09-21,Unlimited Holofoil,132.57
84142,Celebi (16),16/64,Rare,Grass,50,Basic,1,R,,Neo Revelation,2001-09-21,1st Edition,41.02
84142,Celebi (16),16/64,Rare,Grass,50,Basic,1,R,,Neo Revelation,2001-09-21,Unlimited,16.5
84299,Chinchou,42/64,Common,Lightning,50,Basic,1,F,,Neo Revelation,2001-09-21,1st Edition,1.92
84299,Chinchou,42/64,Common,Lightning,50,Basic,1,F,,Neo Revelation,2001-09-21,Unlimited,0.45
84482,Crobat,04/64,Holo Rare,Grass,90,Stage 2,1,P,F-30,Neo Revelation,2001-09-21,1st Edition Holofoil,129.99
84482,Crobat,04/64,Holo Rare,Grass,90,Stage 2,1,P,F-30,Neo Revelation,2001-09-21,Unlimited Holofoil,46.79
84745,Delibird,05/64,Holo Rare,Colorless,60,Basic,1,L,F-30,Neo Revelation,2001-09-21,1st Edition Holofoil,102.38
84745,Delibird,05/64,Holo Rare,Colorless,60,Basic,1,L,F-30,Neo Revelation,2001-09-21,Unlimited Holofoil,52.41
85266,Entei (6),06/64,Holo Rare,Fire,80,Basic,1,W,,Neo Revelation,2001-09-21,1st Edition Holofoil,500.0
85266,Entei (6),06/64,Holo Rare,Fire,80,Basic,1,W,,Neo Revelation,2001-09-21,Unlimited Holofoil,190.12
85269,Entei (17),17/64,Rare,Fire,60,Basic,,W,,Neo Revelation,2001-09-21,1st Edition,83.12
85269,Entei (17),17/64,Rare,Fire,60,Basic,,W,,Neo Revelation,2001-09-21,Unlimited,21.56
85382,Farfetch'd,43/64,Common,Colorless,50,Basic,1,L,F-30,Neo Revelation,2001-09-21,1st Edition,3.38
85382,Farfetch'd,43/64,Common,Colorless,50,Basic,1,L,F-30,Neo Revelation,2001-09-21,Unlimited,1.13
85473,Flaaffy,28/64,Uncommon,Lightning,70,Stage 1,1,F,,Neo Revelation,2001-09-21,1st Edition,5.17
85473,Flaaffy,28/64,Uncommon,Lightning,70,Stage 1,1,F,,Neo Revelation,2001-09-21,Unlimited,2.57
85683,Geodude,44/64,Common,Fighting,40,Basic,1,G,,Neo Revelation,2001-09-21,1st Edition,2.04
85683,Geodude,44/64,Common,Fighting,40,Basic,1,G,,Neo Revelation,2001-09-21,Unlimited,0.55
85790,Golbat,29/64,Uncommon,Grass,60,Stage 1,,G,F-30,Neo Revelation,2001-09-21,1st Edition,3.0
85790,Golbat,29/64,Uncommon,Grass,60,Stage 1,,G,F-30,Neo Revelation,2001-09-21,Unlimited,1.55
85801,Goldeen,45/64,Common,Water,40,Basic,,L,,Neo Revelation,2001-09-21,1st Edition,4.7
85801,Goldeen,45/64,Common,Water,40,Basic,,L,,Neo Revelation,2001-09-21,Unlimited,4.49
85885,Graveler,30/64,Uncommon,Fighting,70,Stage 1,2,G,,Neo Revelation,2001-09-21,1st Edition,2.85
85885,Graveler,30/64,Uncommon,Fighting,70,Stage 1,2,G,,Neo Revelation,2001-09-21,Unlimited,1.4
86118,Ho-oh (7),07/64,Holo Rare,Fire,90,Basic,2,W,F-30,Neo Revelation,2001-09-21,1st Edition Holofoil,488.52
86118,Ho-oh (7),07/64,Holo Rare,Fire,90,Basic,2,W,F-30,Neo Revelation,2001-09-21,Unlimited Holofoil,269.79
86119,Ho-oh (18),18/64,Rare,Colorless,90,Basic,2,W,F-30,Neo Revelation,2001-09-21,1st Edition,104.47
86119,Ho-oh (18),18/64,Rare,Colorless,90,Basic,2,W,F-30,Neo Revelation,2001-09-21,Unlimited,28.13
86198,Houndoom,08/64,Holo Rare,Darkness,70,Stage 1,1,,P-30,Neo Revelation,2001-09-21,1st Edition Holofoil,439.99
86198,Houndoom,08/64,Holo Rare,Darkness,70,Stage 1,1,,P-30,Neo Revelation,2001-09-21,Unlimited Holofoil,337.5
86362,Jumpluff,09/64,Holo Rare,Grass,70,Stage 2,,R,F-30,Neo Revelation,2001-09-21,1st Edition Holofoil,94.99
86362,Jumpluff,09/64,Holo Rare,Grass,70,Stage 2,,R,F-30,Neo Revelation,2001-09-21,Unlimited Holofoil,35.63
86373,Jynx,31/64,Uncommon,Water,60,Basic,2,P,,Neo Revelation,2001-09-21,1st Edition,13.23
86373,Jynx,31/64,Uncommon,Water,60,Basic,2,P,,Neo Revelation,2001-09-21,Unlimited,8.31
86442,Kingdra,19/64,Rare,Water,90,Stage 2,2,,,Neo Revelation,2001-09-21,1st Edition,21.94
86442,Kingdra,19/64,Rare,Water,90,Stage 2,2,,,Neo Revelation,2001-09-21,Unlimited,9.0
86602,Lanturn,32/64,Uncommon,Lightning,80,Stage 1,2,F,,Neo Revelation,2001-09-21,1st Edition,3.65
86602,Lanturn,32/64,Uncommon,Lightning,80,Stage 1,2,F,,Neo Revelation,2001-09-21,Unlimited,1.22
86904,Lugia,20/64,Rare,Psychic,90,Basic,2,P,F-30,Neo Revelation,2001-09-21,1st Edition,117.96
86904,Lugia,20/64,Rare,Psychic,90,Basic,2,P,F-30,Neo Revelation,2001-09-21,Unlimited,45.81
87012,Magcargo,33/64,Uncommon,Fire,80,Stage 1,3,W,,Neo Revelation,2001-09-21,1st Edition,6.67
87012,Magcargo,33/64,Uncommon,Fire,80,Stage 1,3,W,,Neo Revelation,2001-09-21,Unlimited,4.28
87092,Magneton,10/64,Holo Rare,Metal,80,Stage 1,2,R,G-30,Neo Revelation,2001-09-21,1st Edition Holofoil,83.91
87092,Magneton,10/64,Holo Rare,Metal,80,Stage 1,2,R,G-30,Neo Revelation,2001-09-21,Unlimited Holofoil,30.78
87501,Misdreavus,11/64,Holo Rare,Psychic,50,Basic,1,,F-30,Neo Revelation,2001-09-21,1st Edition Holofoil,143.0
87501,Misdreavus,11/64,Holo Rare,Psychic,50,Basic,1,,F-30,Neo Revelation,2001-09-21,Unlimited Holofoil,78.56
87647,Murkrow,46/64,Common,Darkness,40,Basic,,,P-30,Neo Revelation,2001-09-21,1st Edition,4.2
87647,Murkrow,46/64,Common,Darkness,40,Basic,,,P-30,Neo Revelation,2001-09-21,Unlimited,0.85
87830,Octillery,34/64,Uncommon,Water,80,Stage 1,2,L,,Neo Revelation,2001-09-21,1st Edition,8.97
87830,Octillery,34/64,Uncommon,Water,80,Stage 1,2,L,,Neo Revelation,2001-09-21,Unlimited,3.4
87947,Paras,47/64,Common,Grass,40,Basic,1,R,,Neo Revelation,2001-09-21,1st Edition,3.11
87947,Paras,47/64,Common,Grass,40,Basic,1,R,,Neo Revelation,2001-09-21,Unlimited,0.76
87955,Parasect,35/64,Uncommon,Grass,60,Stage 1,2,R,,Neo Revelation,2001-09-21,1st Edition,3.55
87955,Parasect,35/64,Uncommon,Grass,60,Stage 1,2,R,,Neo Revelation,2001-09-21,Unlimited,1.47
88114,Piloswine,36/64,Uncommon,Fighting,90,Stage 1,3,G,L-30,Neo Revelation,2001-09-21,1st Edition,2.69
88114,Piloswine,36/64,Uncommon,Fighting,90,Stage 1,3,G,L-30,Neo Revelation,2001-09-21,Unlimited,1.23
88322,Porygon2,12/64,Holo Rare,Colorless,70,Stage 1,1,F,P-30,Neo Revelation,2001-09-21,1st Edition Holofoil,120.0
88322,Porygon2,12/64,Holo Rare,Colorless,70,Stage 1,1,F,P-30,Neo Revelation,2001-09-21,Unlimited Holofoil,48.33
88469,Quagsire,48/64,Common,Water,70,Stage 1,2,G,L-30,Neo Revelation,2001-09-21,1st Edition,15.6
88469,Quagsire,48/64,Common,Water,70,Stage 1,2,G,L-30,Neo Revelation,2001-09-21,Unlimited,7.1
88492,Qwilfish,49/64,Common,Water,60,Basic,1,L,,Neo Revelation,2001-09-21,1st Edition,2.59
88492,Qwilfish,49/64,Common,Water,60,Basic,1,L,,Neo Revelation,2001-09-21,Unlimited,0.83
88500,Raichu,21/64,Rare,Lightning,80,Stage 1,1,F,,Neo Revelation,2001-09-21,1st Edition,39.31
88500,Raichu,21/64,Rare,Lightning,80,Stage 1,1,F,,Neo Revelation,2001-09-21,Unlimited,16.11
88529,Raikou (13),13/64,Holo Rare,Lightning,80,Basic,1,F,,Neo Revelation,2001-09-21,1st Edition Holofoil,496.24
88529,Raikou (13),13/64,Holo Rare,Lightning,80,Basic,1,F,,Neo Revelation,2001-09-21,Unlimited Holofoil,201.84
88530,Raikou (22),22/64,Rare,Lightning,60,Basic,,F,,Neo Revelation,2001-09-21,1st Edition,54.05
88530,Raikou (22),22/64,Rare,Lightning,60,Basic,,F,,Neo Revelation,2001-09-21,Unlimited,15.96
88692,Remoraid,50/64,Common,Water,40,Basic,,L,,Neo Revelation,2001-09-21,1st Edition,1.85
88692,Remoraid,50/64,Common,Water,40,Basic,,L,,Neo Revelation,2001-09-21,Unlimited,0.66
89022,Seaking,37/64,Uncommon,Water,70,Stage 1,1,L,,Neo Revelation,2001-09-21,1st Edition,3.05
89022,Seaking,37/64,Uncommon,Water,70,Stage 1,1,L,,Neo Revelation,2001-09-21,Unlimited,2.61
89164,Shining Gyarados,65/64,Secret Rare,Water,100,Basic,3,G,F-30,Neo Revelation,2001-09-21,Unlimited Holofoil,718.66
89166,Shining Magikarp,66/64,Secret Rare,Water,30,Basic,1,L,,Neo Revelation,2001-09-21,Unlimited Holofoil,445.0
89187,Shuckle,51/64,Common,Fighting,40,Basic,1,G,,Neo Revelation,2001-09-21,1st Edition,17.78
89187,Shuckle,51/64,Common,Fighting,40,Basic,1,G,,Neo Revelation,2001-09-21,Unlimited,5.95
89233,Skarmory,23/64,Rare,Metal,60,Basic,2,R,G-30,Neo Revelation,2001-09-21,1st Edition,30.56
89233,Skarmory,23/64,Rare,Metal,60,Basic,2,R,G-30,Neo Revelation,2001-09-21,Unlimited,13.94
89253,Skiploom,52/64,Common,Grass,60,Stage 1,2,R,F-30,Neo Revelation,2001-09-21,1st Edition,2.41
89253,Skiploom,52/64,Common,Grass,60,Stage 1,2,R,F-30,Neo Revelation,2001-09-21,Unlimited,0.85
89336,Slugma,53/64,Common,Fire,50,Basic,2,W,,Neo Revelation,2001-09-21,1st Edition,2.15
89336,Slugma,53/64,Common,Fire,50,Basic,2,W,,Neo Revelation,2001-09-21,Unlimited,0.63
89359,Smoochum,54/64,Common,Psychic,30,Basic,,,,Neo Revelation,2001-09-21,1st Edition,6.24
89359,Smoochum,54/64,Common,Psychic,30,Basic,,,,Neo Revelation,2001-09-21,Unlimited,1.67
89366,Sneasel,24/64,Rare,Darkness,60,Basic,,,P-30,Neo Revelation,2001-09-21,1st Edition,21.83
89366,Sneasel,24/64,Rare,Darkness,60,Basic,,,P-30,Neo Revelation,2001-09-21,Unlimited,7.37
89411,Snubbull,55/64,Common,Colorless,50,Basic,1,F,P-30,Neo Revelation,2001-09-21,1st Edition,3.82
89411,Snubbull,55/64,Common,Colorless,50,Basic,1,F,P-30,Neo Revelation,2001-09-21,Unlimited,1.17
89500,Stantler,38/64,Uncommon,Colorless,60,Basic,1,F,P-30,Neo Revelation,2001-09-21,1st Edition,3.8
89500,Stantler,38/64,Uncommon,Colorless,60,Basic,1,F,P-30,Neo Revelation,2001-09-21,Unlimited,1.28
89527,Starmie,25/64,Rare,Psychic,70,Stage 1,1,P,,Neo Revelation,2001-09-21,1st Edition,13.79
89527,Starmie,25/64,Rare,Psychic,70,Stage 1,1,P,,Neo Revelation,2001-09-21,Unlimited,7.7
89542,Staryu,56/64,Common,Water,40,Basic,1,L,,Neo Revelation,2001-09-21,1st Edition,2.62
89542,Staryu,56/64,Common,Water,40,Basic,1,L,,Neo Revelation,2001-09-21,Unlimited,0.65
89590,Sudowoodo,26/64,Rare,Fighting,60,Basic,3,W,,Neo Revelation,2001-09-21,1st Edition,21.75
89590,Sudowoodo,26/64,Rare,Fighting,60,Basic,3,W,,Neo Revelation,2001-09-21,Unlimited,10.94
89597,Suicune (14),14/64,Holo Rare,Water,70,Basic,1,L,,Neo Revelation,2001-09-21,1st Edition Holofoil,346.65
89597,Suicune (14),14/64,Holo Rare,Water,70,Basic,1,L,,Neo Revelation,2001-09-21,Unlimited Holofoil,224.3
89599,Suicune (27),27/64,Rare,Water,60,Basic,,L,,Neo Revelation,2001-09-21,1st Edition,66.64
89599,Suicune (27),27/64,Rare,Water,60,Basic,,L,,Neo Revelation,2001-09-21,Unlimited,23.67
89697,Swinub,57/64,Common,Fighting,40,Basic,1,G,L-30,Neo Revelation,2001-09-21,1st Edition,2.03
89697,Swinub,57/64,Common,Fighting,40,Basic,1,G,L-30,Neo Revelation,2001-09-21,Unlimited,0.58
90199,Unown [B],39/64,Uncommon,Psychic,50,Basic,1,P,,Neo Revelation,2001-09-21,1st Edition,6.76
90199,Unown [B],39/64,Uncommon,Psychic,50,Basic,1,P,,Neo Revelation,2001-09-21,Unlimited,3.45
90217,Unown [K],58/64,Common,Psychic,40,Basic,1,P,,Neo Revelation,2001-09-21,1st Edition,2.88
90217,Unown [K],58/64,Common,Psychic,40,Basic,1,P,,Neo Revelation,2001-09-21,Unlimited,1.32
90244,Unown [Y],40/64,Uncommon,Psychic,40,Basic,1,P,,Neo Revelation,2001-09-21,1st Edition,5.54
90244,Unown [Y],40/64,Uncommon,Psychic,40,Basic,1,P,,Neo Revelation,2001-09-21,Unlimited,2.53
90766,Zubat,59/64,Common,Grass,40,Basic,,P,F-30,Neo Revelation,2001-09-21,1st Edition,2.6
90766,Zubat,59/64,Common,Grass,40,Basic,,P,F-30,Neo Revelation,2001-09-21,Unlimited,0.58
630803,Cynthia's Roselia,007/182,Common,Grass,70,Basic,1,Rx2,,SV10: Destined Rivals,2025-05-30,Normal,0.19
630803,Cynthia's Roselia,007/182,Common,Grass,70,Basic,1,Rx2,,SV10: Destined Rivals,2025-05-30,Reverse Holofoil,0.28
630804,Cynthia's Roserade,008/182,Rare,Grass,130,Stage 1,1,Rx2,,SV10: Destined Rivals,2025-05-30,Reverse Holofoil,0.32
630804,Cynthia's Roserade,008/182,Rare,Grass,130,Stage 1,1,Rx2,,SV10: Destined Rivals,2025-05-30,Holofoil,0.25
630805,Smoliv,021/182,Common,Grass,60,Basic,1,Rx2,,SV10: Destined Rivals,2025-05-30,Normal,0.17
630805,Smoliv,021/182,Common,Grass,60,Basic,1,Rx2,,SV10: Destined Rivals,2025-05-30,Reverse Holofoil,0.32
630806,Dolliv,022/182,Common,Grass,90,Stage 1,1,Rx2,,SV10: Destined Rivals,2025-05-30,Normal,0.2
630806,Dolliv,022/182,Common,Grass,90,Stage 1,1,Rx2,,SV10: Destined Rivals,2025-05-30,Reverse Holofoil,0.24
630807,Arboliva ex,023/182,Double Rare,Grass,310,Stage 2,2,Rx2,,SV10: Destined Rivals,2025-05-30,Holofoil,0.82
630808,Team Rocket's Moltres ex,031/182,Double Rare,Fire,220,Basic,2,Lx2,F-30,SV10: Destined Rivals,2025-05-30,Holofoil,0.84
630809,Ethan's Typhlosion,034/182,Rare,Fire,170,Stage 2,2,Wx2,,SV10: Destined Rivals,2025-05-30,Reverse Holofoil,0.36
630809,Ethan's Typhlosion,034/182,Rare,Fire,170,Stage 2,2,Wx2,,SV10: Destined Rivals,2025-05-30,Holofoil,0.26
630810,Ethan's Slugma,035/182,Common,Fire,80,Basic,2,Wx2,,SV10: Destined Rivals,2025-05-30,Normal,0.07
630810,Ethan's Slugma,035/182,Common,Fire,80,Basic,2,Wx2,,SV10: Destined Rivals,2025-05-30,Reverse Holofoil,0.18
630811,Ethan's Magcargo,036/182,Rare,Fire,130,Stage 1,3,Wx2,,SV10: Destined Rivals,2025-05-30,Holofoil,0.18
630811,Ethan's Magcargo,036/182,Rare,Fire,130,Stage 1,3,Wx2,,SV10: Destined Rivals,2025-05-30,Reverse Holofoil,0.3
630812,Misty's Psyduck,045/182,Uncommon,Water,70,Basic,1,Lx2,,SV10: Destined Rivals,2025-05-30,Normal,0.31
630812,Misty's Psyduck,045/182,Uncommon,Water,70,Basic,1,Lx2,,SV10: Destined Rivals,2025-05-30,Reverse Holofoil,1.02
630813,Misty's Staryu,046/182,Common,Water,70,Basic,1,Lx2,,SV10: Destined Rivals,2025-05-30,Normal,0.14
630813,Misty's Staryu,046/182,Common,Water,70,Basic,1,Lx2,,SV10: Destined Rivals,2025-05-30,Reverse Holofoil,0.29
630814,Misty's Starmie,047/182,Uncommon,Water,100,Stage 1,1,Lx2,,SV10: Destined Rivals,2025-05-30,Normal,0.15
630814,Misty's Starmie,047/182,Uncommon,Water,100,Stage 1,1,Lx2,,SV10: Destined Rivals,2025-05-30,Reverse Holofoil,0.3
630815,Misty's Magikarp,048/182,Common,Water,30,Basic,1,Lx2,,SV10: Destined Rivals,2025-05-30,Reverse Holofoil,0.43
630815,Misty's Magikarp,048/182,Common,Water,30,Basic,1,Lx2,,SV10: Destined Rivals,2025-05-30,Normal,0.2
630816,Misty's Gyarados,049/182,Rare,Water,180,Stage 1,4,Lx2,,SV10: Destined Rivals,2025-05-30,Reverse Holofoil,0.42
630816,Misty's Gyarados,049/182,Rare,Water,180,Stage 1,4,Lx2,,SV10: Destined Rivals,2025-05-30,Holofoil,0.33
630817,Misty's Lapras,050/182,Common,Water,110,Basic,1,Lx2,,SV10: Destined Rivals,2025-05-30,Reverse Holofoil,0.34
630817,Misty's Lapras,050/182,Common,Water,110,Basic,1,Lx2,,SV10: Destined Rivals,2025-05-30,Normal,0.22
630818,Team Rocket's Zapdos,070/182,Rare,Lightning,120,Basic,1,Lx2,F-30,SV10: Destined Rivals,2025-05-30,Reverse Holofoil,0.38
630818,Team Rocket's Zapdos,070/182,Rare,Lightning,120,Basic,1,Lx2,F-30,SV10: Destined Rivals,2025-05-30,Holofoil,0.2
630819,Ethan's Pichu,071/182,Common,Lightning,30,Basic,,Fx2,,SV10: Destined Rivals,2025-05-30,Reverse Holofoil,0.28
630819,Ethan's Pichu,071/182,Common,Lightning,30,Basic,,Fx2,,SV10: Destined Rivals,2025-05-30,Normal,0.24
630820,Team Rocket's Mareep,072/182,Common,Lightning,60,Basic,1,Fx2,,SV10: Destined Rivals,2025-05-30,Normal,0.08
630820,Team Rocket's Mareep,072/182,Common,Lightning,60,Basic,1,Fx2,,SV10: Destined Rivals,2025-05-30,Reverse Holofoil,0.23
630821,Team Rocket's Mimikyu,087/182,Uncommon,Psychic,60,Basic,0,Dx2,F-30,SV10: Destined Rivals,2025-05-30,Normal,0.28
630821,Team Rocket's Mimikyu,087/182,Uncommon,Psychic,60,Basic,0,Dx2,F-30,SV10: Destined Rivals,2025-05-30,Reverse Holofoil,0.41
630822,Team Rocket's Tyranitar,096/182,Rare,Fighting,180,Stage 2,3,Gx2,,SV10: Destined Rivals,2025-05-30,Reverse Holofoil,0.39
630822,Team Rocket's Tyranitar,096/182,Rare,Fighting,180,Stage 2,3,Gx2,,SV10: Destined Rivals,2025-05-30,Holofoil,0.23
630823,Marnie's Grimmsnarl ex,136/182,Double Rare,Darkness,320,Stage 2,2,Gx2,,SV10: Destined Rivals,2025-05-30,Holofoil,0.83
630824,Steven's Metagross ex,145/182,Double Rare,Metal,340,Stage 2,3,Rx2,G-30,SV10: Destined Rivals,2025-05-30,Holofoil,0.92
630825,Team Rocket's Meowth,149/182,Common,Colorless,70,Basic,1,Fx2,,SV10: Destined Rivals,2025-05-30,Reverse Holofoil,0.26
630825,Team Rocket's Meowth,149/182,Common,Colorless,70,Basic,1,Fx2,,SV10: Destined Rivals,2025-05-30,Normal,0.14
630826,Team Rocket's Porygon,153/182,Common,Colorless,60,Basic,1,Fx2,,SV10: Destined Rivals,2025-05-30,Reverse Holofoil,0.28
630826,Team Rocket's Porygon,153/182,Common,Colorless,60,Basic,1,Fx2,,SV10: Destined Rivals,2025-05-30,Normal,0.22
630827,Team Rocket's Porygon2,154/182,Common,Colorless,90,Stage 1,1,Fx2,,SV10: Destined Rivals,2025-05-30,Normal,0.24
630827,Team Rocket's Porygon2,154/182,Common,Colorless,90,Stage 1,1,Fx2,,SV10: Destined Rivals,2025-05-30,Reverse Holofoil,0.31
630828,Team Rocket's Porygon-Z,155/182,Uncommon,Colorless,140,Stage 2,1,Fx2,,SV10: Destined Rivals,2025-05-30,Reverse Holofoil,0.34
630828,Team Rocket's Porygon-Z,155/182,Uncommon,Colorless,140,Stage 2,1,Fx2,,SV10: Destined Rivals,2025-05-30,Normal,0.17
632829,Ethan's Pinsir,001/182,Uncommon,Grass,120,Basic,2,Rx2,,SV10: Destined Rivals,2025-05-30,Normal,0.09
632829,Ethan's Pinsir,001/182,Uncommon,Grass,120,Basic,2,Rx2,,SV10: Destined Rivals,2025-05-30,Reverse Holofoil,0.34
632830,Yanma - 002/182,002/182,Common,Grass,70,Basic,1,Lx2,F-30,SV10: Destined Rivals,2025-05-30,Normal,0.13
632830,Yanma - 002/182,002/182,Common,Grass,70,Basic,1,Lx2,F-30,SV10: Destined Rivals,2025-05-30,Reverse Holofoil,0.18
632831,Yanmega ex - 003/182,003/182,Double Rare,Grass,280,Stage 1,1,Lx2,F-30,SV10: Destined Rivals,2025-05-30,Holofoil,0.77
632832,Pineco,004/182,Common,Grass,70,Basic,2,Rx2,,SV10: Destined Rivals,2025-05-30,Reverse Holofoil,0.21
632832,Pineco,004/182,Common,Grass,70,Basic,2,Rx2,,SV10: Destined Rivals,2025-05-30,Normal,0.14
632833,Shroomish,005/182,Common,Grass,60,Basic,1,Rx2,,SV10: Destined Rivals,2025-05-30,Normal,0.14
632833,Shroomish,005/182,Common,Grass,60,Basic,1,Rx2,,SV10: Destined Rivals,2025-05-30,Reverse Holofoil,0.22
632834,Breloom,006/182,Common,Grass,120,Stage 1,2,Rx2,,SV10: Destined Rivals,2025-05-30,Reverse Holofoil,0.26
632834,Breloom,006/182,Common,Grass,120,Stage 1,2,Rx2,,SV10: Destined Rivals,2025-05-30,Normal,0.08
632835,Mow Rotom,009/182,Common,Grass,70,Basic,1,Rx2,,SV10: Destined Rivals,2025-05-30,Normal,0.13
632835,Mow Rotom,009/182,Common,Grass,70,Basic,1,Rx2,,SV10: Destined Rivals,2025-05-30,Reverse Holofoil,0.26
632836,Shaymin - 010/182,010/182,Uncommon,Grass,80,Basic,1,Rx2,,SV10: Destined Rivals,2025-05-30,Normal,0.3
632836,Shaymin - 010/182,010/182,Uncommon,Grass,80,Basic,1,Rx2,,SV10: Destined Rivals,2025-05-30,Reverse Holofoil,0.78
632837,Dwebble,011/182,Common,Grass,70,Basic,2,Rx2,,SV10: Destined Rivals,2025-05-30,Normal,0.23
632837,Dwebble,011/182,Common,Grass,70,Basic,2,Rx2,,SV10: Destined Rivals,2025-05-30,Reverse Holofoil,0.27
632838,Crustle - 012/182,012/182,Rare,Grass,150,Stage 1,3,Rx2,,SV10: Destined Rivals,2025-05-30,Holofoil,0.18
632838,Crustle - 012/182,012/182,Rare,Grass,150,Stage 1,3,Rx2,,SV10: Destined Rivals,2025-05-30,Reverse Holofoil,0.3
632839,Fomantis,013/182,Common,Grass,60,Basic,1,Rx2,,SV10: Destined Rivals,2025-05-30,Reverse Holofoil,0.17
632839,Fomantis,013/182,Common,Grass,60,Basic,1,Rx2,,SV10: Destined Rivals,2025-05-30,Normal,0.14
632840,Lurantis,014/182,Uncommon,Grass,120,Stage 1,1,Rx2,,SV10: Destined Rivals,2025-05-30,Reverse Holofoil,0.31
632840,Lurantis,014/182,Uncommon,Grass,120,Stage 1,1,Rx2,,SV10: Destined Rivals,2025-05-30,Normal,0.12
632841,Team Rocket's Blipbug,015/182,Common,Grass,60,Basic,1,Rx2,,SV10: Destined Rivals,2025-05-30,Reverse Holofoil,0.24
632841,Team Rocket's Blipbug,015/182,Common,Grass,60,Basic,1,Rx2,,SV10: Destined Rivals,2025-05-30,Normal,0.05
632842,Applin,016/182,Common,Grass,40,Basic,1,Rx2,,SV10: Destined Rivals,2025-05-30,Normal,0.21
632842,Applin,016/182,Common,Grass,40,Basic,1,Rx2,,SV10: Destined Rivals,2025-05-30,Reverse Holofoil,0.28
632843,Dipplin,017/182,Common,Grass,90,Stage 1,3,Rx2,,SV10: Destined Rivals,2025-05-30,Reverse Holofoil,0.19
632843,Dipplin,017/182,Common,Grass,90,Stage 1,3,Rx2,,SV10: Destined Rivals,2025-05-30,Normal,0.13
632844,Hydrapple - 018/182,018/182,Rare,Grass,170,Stage 2,3,Rx2,,SV10: Destined Rivals,2025-05-30,Reverse Holofoil,0.32
632844,Hydrapple - 018/182,018/182,Rare,Grass,170,Stage 2,3,Rx2,,SV10: Destined Rivals,2025-05-30,Holofoil,0.19
632845,Team Rocket's Tarountula,019/182,Common,Grass,50,Basic,1,Rx2,,SV10: Destined Rivals,2025-05-30,Normal,0.22
632845,Team Rocket's Tarountula,019/182,Common,Grass,50,Basic,1,Rx2,,SV10: Destined Rivals,2025-05-30,Reverse Holofoil,0.25
632846,Team Rocket's Spidops - 020/182,020/182,Rare,Grass,130,Stage 1,2,Rx2,,SV10: Destined Rivals,2025-05-30,Holofoil,0.27
632846,Team Rocket's Spidops - 020/182,020/182,Rare,Grass,130,Stage 1,2,Rx2,,SV10: Destined Rivals,2025-05-30,Reverse Holofoil,0.34
632847,Rellor,024/182,Common,Grass,40,Basic,1,Rx2,,SV10: Destined Rivals,2025-05-30,Reverse Holofoil,0.23
632847,Rellor,024/182,Common,Grass,40,Basic,1,Rx2,,SV10: Destined Rivals,2025-05-30,Normal,0.14
632848,Rabsca ex,025/182,Double Rare,Grass,250,Stage 1,1,Rx2,,SV10: Destined Rivals,2025-05-30,Holofoil,0.77
632849,Teal Mask Ogerpon,026/182,Uncommon,Grass,110,Basic,1,Rx2,,SV10: Destined Rivals,2025-05-30,Normal,0.06
632849,Teal Mask Ogerpon,026/182,Uncommon,Grass,110,Basic,1,Rx2,,SV10: Destined Rivals,2025-05-30,Reverse Holofoil,0.32
632850,Growlithe,027/182,Common,Fire,80,Basic,2,Wx2,,SV10: Destined Rivals,2025-05-30,Reverse Holofoil,0.26
632850,Growlithe,027/182,Common,Fire,80,Basic,2,Wx2,,SV10: Destined Rivals,2025-05-30,Normal,0.21
632851,Arcanine,028/182,Uncommon,Fire,140,Stage 1,3,Wx2,,SV10: Destined Rivals,2025-05-30,Normal,0.18
632851,Arcanine,028/182,Uncommon,Fire,140,Stage 1,3,Wx2,,SV10: Destined Rivals,2025-05-30,Reverse Holofoil,0.3
632852,Ponyta,029/182,Common,Fire,70,Basic,1,Wx2,,SV10: Destined Rivals,2025-05-30,Normal,0.18
632852,Ponyta,029/182,Common,Fire,70,Basic,1,Wx2,,SV10: Destined Rivals,2025-05-30,Reverse Holofoil,0.28
632853,Rapidash - 030/182,030/182,Uncommon,Fire,110,Stage 1,1,Wx2,,SV10: Destined Rivals,2025-05-30,Normal,0.1
632853,Rapidash - 030/182,030/182,Uncommon,Fire,110,Stage 1,1,Wx2,,SV10: Destined Rivals,2025-05-30,Reverse Holofoil,0.33
632854,Ethan's Cyndaquil,032/182,Common,Fire,70,Basic,1,Wx2,,SV10: Destined Rivals,2025-05-30,Normal,0.14
632854,Ethan's Cyndaquil,032/182,Common,Fire,70,Basic,1,Wx2,,SV10: Destined Rivals,2025-05-30,Reverse Holofoil,0.27
632855,Ethan's Quilava,033/182,Common,Fire,100,Stage 1,1,Wx2,,SV10: Destined Rivals,2025-05-30,Reverse Holofoil,0.3
632855,Ethan's Quilava,033/182,Common,Fire,100,Stage 1,1,Wx2,,SV10: Destined Rivals,2025-05-30,Normal,0.21
632856,Team Rocket's Houndour,037/182,Common,Fire,70,Basic,1,Wx2,,SV10: Destined Rivals,2025-05-30,Normal,0.09
632856,Team Rocket's Houndour,037/182,Common,Fire,70,Basic,1,Wx2,,SV10: Destined Rivals,2025-05-30,Reverse Holofoil,0.25
632857,Team Rocket's Houndoom - 038/182,038/182,Uncommon,Fire,130,Stage 1,2,Wx2,,SV10: Destined Rivals,2025-05-30,Normal,0.05
632857,Team Rocket's Houndoom - 038/182,038/182,Uncommon,Fire,130,Stage 1,2,Wx2,,SV10: Destined Rivals,2025-05-30,Reverse Holofoil,0.31
632858,Ethan's Ho-Oh ex - 039/182,039/182,Double Rare,Fire,230,Basic,2,Wx2,,SV10: Destined Rivals,2025-05-30,Holofoil,0.87
632859,Torchic,040/182,Common,Fire,70,Basic,1,Wx2,,SV10: Destined Rivals,2025-05-30,Reverse Holofoil,0.28
632859,Torchic,040/182,Common,Fire,70,Basic,1,Wx2,,SV10: Destined Rivals,2025-05-30,Normal,0.26
632860,Combusken,041/182,Common,Fire,100,Stage 1,2,Wx2,,SV10: Destined Rivals,2025-05-30,Normal,0.26
632860,Combusken,041/182,Common,Fire,100,Stage 1,2,Wx2,,SV10: Destined Rivals,2025-05-30,Reverse Holofoil,0.3
632861,Blaziken - 042/182,042/182,Rare,Fire,170,Stage 2,2,Wx2,,SV10: Destined Rivals,2025-05-30,Reverse Holofoil,0.33
632861,Blaziken - 042/182,042/182,Rare,Fire,170,Stage 2,2,Wx2,,SV10: Destined Rivals,2025-05-30,Holofoil,0.25
632862,Heat Rotom,043/182,Common,Fire,80,Basic,2,Wx2,,SV10: Destined Rivals,2025-05-30,Reverse Holofoil,0.23
632862,Heat Rotom,043/182,Common,Fire,80,Basic,2,Wx2,,SV10: Destined Rivals,2025-05-30,Normal,0.18
632863,Hearthflame Mask Ogerpon,044/182,Uncommon,Fire,110,Basic,1,Wx2,,SV10: Destined Rivals,2025-05-30,Reverse Holofoil,0.34
632863,Hearthflame Mask Ogerpon,044/182,Uncommon,Fire,110,Basic,1,Wx2,,SV10: Destined Rivals,2025-05-30,Normal,0.14
632864,Team Rocket's Articuno,051/182,Rare,Water,120,Basic,1,Lx2,F-30,SV10: Destined Rivals,2025-05-30,Reverse Holofoil,0.48
632864,Team Rocket's Articuno,051/182,Rare,Water,120,Basic,1,Lx2,F-30,SV10: Destined Rivals,2025-05-30,Holofoil,0.28
632865,Cynthia's Feebas,052/182,Common,Water,30,Basic,1,Lx2,,SV10: Destined Rivals,2025-05-30,Normal,0.16
632865,Cynthia's Feebas,052/182,Common,Water,30,Basic,1,Lx2,,SV10: Destined Rivals,2025-05-30,Reverse Holofoil,0.29
632866,Cynthia's Milotic,053/182,Uncommon,Water,130,Stage 1,2,Lx2,,SV10: Destined Rivals,2025-05-30,Reverse Holofoil,0.33
632866,Cynthia's Milotic,053/182,Uncommon,Water,130,Stage 1,2,Lx2,,SV10: Destined Rivals,2025-05-30,Normal,0.17
632867,Clamperl - 054/182,054/182,Common,Water,60,Basic,2,Lx2,,SV10: Destined Rivals,2025-05-30,Reverse Holofoil,0.27
632867,Clamperl - 054/182,054/182,Common,Water,60,Basic,2,Lx2,,SV10: Destined Rivals,2025-05-30,Normal,0.07
632868,Huntail,055/182,Uncommon,Water,110,Stage 1,1,Lx2,,SV10: Destined Rivals,2025-05-30,Normal,0.19
632868,Huntail,055/182,Uncommon,Water,110,Stage 1,1,Lx2,,SV10: Destined Rivals,2025-05-30,Reverse Holofoil,0.33
632869,Gorebyss,056/182,Rare,Water,90,Stage 1,1,Lx2,,SV10: Destined Rivals,2025-05-30,Reverse Holofoil,0.34
632869,Gorebyss,056/182,Rare,Water,90,Stage 1,1,Lx2,,SV10: Destined Rivals,2025-05-30,Holofoil,0.16
632870,Buizel,057/182,Common,Water,70,Basic,1,Lx2,,SV10: Destined Rivals,2025-05-30,Reverse Holofoil,0.22
632870,Buizel,057/182,Common,Water,70,Basic,1,Lx2,,SV10: Destined Rivals,2025-05-30,Normal,0.19
632871,Floatzel,058/182,Uncommon,Water,120,Stage 1,1,Lx2,,SV10: Destined Rivals,2025-05-30,Reverse Holofoil,0.29
632871,Floatzel,058/182,Uncommon,Water,120,Stage 1,1,Lx2,,SV10: Destined Rivals,2025-05-30,Normal,0.06
632872,Snover,059/182,Common,Water,90,Basic,3,Mx2,,SV10: Destined Rivals,2025-05-30,Reverse Holofoil,0.25
632872,Snover,059/182,Common,Water,90,Basic,3,Mx2,,SV10: Destined Rivals,2025-05-30,Normal,0.16
632873,Abomasnow,060/182,Uncommon,Water,150,Stage 1,4,Mx2,,SV10: Destined Rivals,2025-05-30,Reverse Holofoil,0.37
632873,Abomasnow,060/182,Uncommon,Water,150,Stage 1,4,Mx2,,SV10: Destined Rivals,2025-05-30,Normal,0.11
632874,Wash Rotom,061/182,Common,Water,80,Basic,2,Lx2,,SV10: Destined Rivals,2025-05-30,Normal,0.19
632874,Wash Rotom,061/182,Common,Water,80,Basic,2,Lx2,,SV10: Destined Rivals,2025-05-30,Reverse Holofoil,0.27
632875,Arrokuda,062/182,Common,Water,70,Basic,1,Lx2,,SV10: Destined Rivals,2025-05-30,Reverse Holofoil,0.18
632875,Arrokuda,062/182,Common,Water,70,Basic,1,Lx2,,SV10: Destined Rivals,2025-05-30,Normal,0.09
632876,Barraskewda,063/182,Uncommon,Water,130,Stage 1,1,Lx2,,SV10: Destined Rivals,2025-05-30,Reverse Holofoil,0.32
632876,Barraskewda,063/182,Uncommon,Water,130,Stage 1,1,Lx2,,SV10: Destined Rivals,2025-05-30,Normal,0.14
632877,Cetoddle,064/182,Common,Water,100,Basic,3,Mx2,,SV10: Destined Rivals,2025-05-30,Reverse Holofoil,0.25
632877,Cetoddle,064/182,Common,Water,100,Basic,3,Mx2,,SV10: Destined Rivals,2025-05-30,Normal,0.08
632878,Cetitan ex - 065/182,065/182,Double Rare,Water,300,Stage 1,4,Mx2,,SV10: Destined Rivals,2025-05-30,Holofoil,0.67
632879,Dondozo ex - 066/182,066/182,Double Rare,Water,280,Basic,4,Lx2,,SV10: Destined Rivals,2025-05-30,Holofoil,0.78
632880,Wellspring Mask Ogerpon,067/182,Uncommon,Water,110,Basic,1,Lx2,,SV10: Destined Rivals,2025-05-30,Normal,0.16
632880,Wellspring Mask Ogerpon,067/182,Uncommon,Water,110,Basic,1,Lx2,,SV10: Destined Rivals,2025-05-30,Reverse Holofoil,0.33
632881,Electabuzz,068/182,Common,Lightning,90,Basic,2,Fx2,,SV10: Destined Rivals,2025-05-30,Reverse Holofoil,0.21
632881,Electabuzz,068/182,Common,Lightning,90,Basic,2,Fx2,,SV10: Destined Rivals,2025-05-30,Normal,0.05
632882,Electivire ex - 069/182,069/182,Double Rare,Lightning,280,Stage 1,4,Fx2,,SV10: Destined Rivals,2025-05-30,Holofoil,0.84
632883,Team Rocket's Flaaffy,073/182,Common,Lightning,90,Stage 1,2,Fx2,,SV10: Destined Rivals,2025-05-30,Reverse Holofoil,0.24
632883,Team Rocket's Flaaffy,073/182,Common,Lightning,90,Stage 1,2,Fx2,,SV10: Destined Rivals,2025-05-30,Normal,0.2
632884,Team Rocket's Ampharos,074/182,Uncommon,Lightning,140,Stage 2,2,Fx2,,SV10: Destined Rivals,2025-05-30,Reverse Holofoil,0.32
632884,Team Rocket's Ampharos,074/182,Uncommon,Lightning,140,Stage 2,2,Fx2,,SV10: Destined Rivals,2025-05-30,Normal,0.12
632885,Electrike - 075/182,075/182,Common,Lightning,60,Basic,1,Fx2,,SV10: Destined Rivals,2025-05-30,Normal,0.13
632885,Electrike - 075/182,075/182,Common,Lightning,60,Basic,1,Fx2,,SV10: Destined Rivals,2025-05-30,Reverse Holofoil,0.16
632886,Manectric,076/182,Uncommon,Lightning,120,Stage 1,1,Fx2,,SV10: Destined Rivals,2025-05-30,Reverse Holofoil,0.3
632886,Manectric,076/182,Uncommon,Lightning,120,Stage 1,1,Fx2,,SV10: Destined Rivals,2025-05-30,Normal,0.11
632887,Rotom - 077/182,077/182,Common,Lightning,60,Basic,1,Fx2,,SV10: Destined Rivals,2025-05-30,Normal,0.08
632887,Rotom - 077/182,077/182,Common,Lightning,60,Basic,1,Fx2,,SV10: Destined Rivals,2025-05-30,Reverse Holofoil,0.24
632888,Zeraora,078/182,Rare,Lightning,100,Basic,1,Fx2,,SV10: Destined Rivals,2025-05-30,Reverse Holofoil,0.36
632888,Zeraora,078/182,Rare,Lightning,100,Basic,1,Fx2,,SV10: Destined Rivals,2025-05-30,Holofoil,0.2
632889,Team Rocket's Drowzee,079/182,Common,Psychic,80,Basic,2,Dx2,F-30,SV10: Destined Rivals,2025-05-30,Normal,0.08
632889,Team Rocket's Drowzee,079/182,Common,Psychic,80,Basic,2,Dx2,F-30,SV10: Destined Rivals,2025-05-30,Reverse Holofoil,0.22
632890,Team Rocket's Hypno,080/182,Uncommon,Psychic,130,Stage 1,2,Dx2,F-30,SV10: Destined Rivals,2025-05-30,Normal,0.06
632890,Team Rocket's Hypno,080/182,Uncommon,Psychic,130,Stage 1,2,Dx2,F-30,SV10: Destined Rivals,2025-05-30,Reverse Holofoil,0.33
632891,Team Rocket's Mewtwo ex - 081/182,081/182,Double Rare,Psychic,280,Basic,3,Dx2,F-30,SV10: Destined Rivals,2025-05-30,Holofoil,2.06
632892,Team Rocket's Wobbuffet,082/182,Rare,Psychic,110,Basic,2,Dx2,F-30,SV10: Destined Rivals,2025-05-30,Holofoil,0.19
632892,Team Rocket's Wobbuffet,082/182,Rare,Psychic,110,Basic,2,Dx2,F-30,SV10: Destined Rivals,2025-05-30,Reverse Holofoil,0.3
632893,Steven's Baltoy,083/182,Common,Psychic,60,Basic,1,Dx2,F-30,SV10: Destined Rivals,2025-05-30,Reverse Holofoil,0.21
632893,Steven's Baltoy,083/182,Common,Psychic,60,Basic,1,Dx2,F-30,SV10: Destined Rivals,2025-05-30,Normal,0.11
632894,Steven's Claydol,084/182,Uncommon,Psychic,120,Stage 1,2,Dx2,F-30,SV10: Destined Rivals,2025-05-30,Normal,0.05
632894,Steven's Claydol,084/182,Uncommon,Psychic,120,Stage 1,2,Dx2,F-30,SV10: Destined Rivals,2025-05-30,Reverse Holofoil,0.3
632895,Team Rocket's Chingling,085/182,Common,Psychic,30,Basic,0,Dx2,F-30,SV10: Destined Rivals,2025-05-30,Normal,0.13
632895,Team Rocket's Chingling,085/182,Common,Psychic,30,Basic,0,Dx2,F-30,SV10: Destined Rivals,2025-05-30,Reverse Holofoil,0.2
632896,Steven's Carbink,086/182,Common,Psychic,80,Basic,2,Mx2,,SV10: Destined Rivals,2025-05-30,Reverse Holofoil,0.19
632896,Steven's Carbink,086/182,Common,Psychic,80,Basic,2,Mx2,,SV10: Destined Rivals,2025-05-30,Normal,0.18
632897,Team Rocket's Dottler,088/182,Common,Psychic,80,Stage 1,2,Dx2,F-30,SV10: Destined Rivals,2025-05-30,Normal,0.09
632897,Team Rocket's Dottler,088/182,Common,Psychic,80,Stage 1,2,Dx2,F-30,SV10: Destined Rivals,2025-05-30,Reverse Holofoil,0.17
632898,Team Rocket's Orbeetle - 089/182,089/182,Uncommon,Psychic,130,Stage 2,2,Dx2,F-30,SV10: Destined Rivals,2025-05-30,Normal,0.09
632898,Team Rocket's Orbeetle - 089/182,089/182,Uncommon,Psychic,130,Stage 2,2,Dx2,F-30,SV10: Destined Rivals,2025-05-30,Reverse Holofoil,0.35
632899,Mankey,090/182,Common,Fighting,70,Basic,1,Px2,,SV10: Destined Rivals,2025-05-30,Reverse Holofoil,0.2
632899,Mankey,090/182,Common,Fighting,70,Basic,1,Px2,,SV10: Destined Rivals,2025-05-30,Normal,0.11
632900,Primeape,091/182,Common,Fighting,110,Stage 1,2,Px2,,SV10: Destined Rivals,2025-05-30,Normal,0.12
632900,Primeape,091/182,Common,Fighting,110,Stage 1,2,Px2,,SV10: Destined Rivals,2025-05-30,Reverse Holofoil,0.24
632901,Annihilape,092/182,Rare,Fighting,150,Stage 2,2,Px2,,SV10: Destined Rivals,2025-05-30,Reverse Holofoil,0.32
632901,Annihilape,092/182,Rare,Fighting,150,Stage 2,2,Px2,,SV10: Destined Rivals,2025-05-30,Holofoil,0.19
632902,Ethan's Sudowoodo,093/182,Common,Fighting,110,Basic,1,Gx2,,SV10: Destined Rivals,2025-05-30,Normal,0.21
632902,Ethan's Sudowoodo,093/182,Common,Fighting,110,Basic,1,Gx2,,SV10: Destined Rivals,2025-05-30,Reverse Holofoil,0.25
632903,Team Rocket's Larvitar,094/182,Common,Fighting,70,Basic,1,Gx2,,SV10: Destined Rivals,2025-05-30,Reverse Holofoil,0.26
632903,Team Rocket's Larvitar,094/182,Common,Fighting,70,Basic,1,Gx2,,SV10: Destined Rivals,2025-05-30,Normal,0.1
632904,Team Rocket's Pupitar,095/182,Common,Fighting,100,Stage 1,2,Gx2,,SV10: Destined Rivals,2025-05-30,Reverse Holofoil,0.23
632904,Team Rocket's Pupitar,095/182,Common,Fighting,100,Stage 1,2,Gx2,,SV10: Destined Rivals,2025-05-30,Normal,0.17
632905,Nosepass,097/182,Common,Fighting,80,Basic,3,Gx2,,SV10: Destined Rivals,2025-05-30,Reverse Holofoil,0.17
632905,Nosepass,097/182,Common,Fighting,80,Basic,3,Gx2,,SV10: Destined Rivals,2025-05-30,Normal,0.1
632906,Probopass,098/182,Uncommon,Fighting,140,Stage 1,3,Gx2,,SV10: Destined Rivals,2025-05-30,Reverse Holofoil,0.29
632906,Probopass,098/182,Uncommon,Fighting,140,Stage 1,3,Gx2,,SV10: Destined Rivals,2025-05-30,Normal,0.1
632907,Meditite,099/182,Common,Fighting,70,Basic,1,Px2,,SV10: Destined Rivals,2025-05-30,Normal,0.07
632907,Meditite,099/182,Common,Fighting,70,Basic,1,Px2,,SV10: Destined Rivals,2025-05-30,Reverse Holofoil,0.17
632908,Medicham,100/182,Uncommon,Fighting,120,Stage 1,1,Px2,,SV10: Destined Rivals,2025-05-30,Normal,0.12
632908,Medicham,100/182,Uncommon,Fighting,120,Stage 1,1,Px2,,SV10: Destined Rivals,2025-05-30,Reverse Holofoil,0.31
632909,Regirock ex - 101/182,101/182,Double Rare,Fighting,230,Basic,3,Gx2,,SV10: Destined Rivals,2025-05-30,Holofoil,0.73
632910,Cynthia's Gible,102/182,Common,Fighting,70,Basic,1,Gx2,,SV10: Destined Rivals,2025-05-30,Normal,0.18
632910,Cynthia's Gible,102/182,Common,Fighting,70,Basic,1,Gx2,,SV10: Destined Rivals,2025-05-30,Reverse Holofoil,0.35
632911,Cynthia's Gabite,103/182,Common,Fighting,100,Stage 1,1,Gx2,,SV10: Destined Rivals,2025-05-30,Reverse Holofoil,0.43
632911,Cynthia's Gabite,103/182,Common,Fighting,100,Stage 1,1,Gx2,,SV10: Destined Rivals,2025-05-30,Normal,0.25
632912,Cynthia's Garchomp ex - 104/182,104/182,Double Rare,Fighting,330,Stage 2,,Gx2,,SV10: Destined Rivals,2025-05-30,Holofoil,0.87
632913,Hippopotas,105/182,Common,Fighting,90,Basic,3,Gx2,,SV10: Destined Rivals,2025-05-30,Normal,0.07
632913,Hippopotas,105/182,Common,Fighting,90,Basic,3,Gx2,,SV10: Destined Rivals,2025-05-30,Reverse Holofoil,0.21
632914,Hippowdon,106/182,Uncommon,Fighting,160,Stage 1,4,Gx2,,SV10: Destined Rivals,2025-05-30,Normal,0.06
632914,Hippowdon,106/182,Uncommon,Fighting,160,Stage 1,4,Gx2,,SV10: Destined Rivals,2025-05-30,Reverse Holofoil,0.31
632915,Mudbray,107/182,Common,Fighting,90,Basic,3,Gx2,,SV10: Destined Rivals,2025-05-30,Normal,0.14
632915,Mudbray,107/182,Common,Fighting,90,Basic,3,Gx2,,SV10: Destined Rivals,2025-05-30,Reverse Holofoil,0.2
632916,Mudsdale,108/182,Uncommon,Fighting,150,Stage 1,3,Gx2,,SV10: Destined Rivals,2025-05-30,Reverse Holofoil,0.31
632916,Mudsdale,108/182,Uncommon,Fighting,150,Stage 1,3,Gx2,,SV10: Destined Rivals,2025-05-30,Normal,0.07
632917,Arven's Toedscool,109/182,Common,Fighting,60,Basic,1,Gx2,,SV10: Destined Rivals,2025-05-30,Reverse Holofoil,0.19
632917,Arven's Toedscool,109/182,Common,Fighting,60,Basic,1,Gx2,,SV10: Destined Rivals,2025-05-30,Normal,0.02
632918,Arven's Toedscruel,110/182,Uncommon,Fighting,140,Stage 1,2,Gx2,,SV10: Destined Rivals,2025-05-30,Normal,0.04
632918,Arven's Toedscruel,110/182,Uncommon,Fighting,140,Stage 1,2,Gx2,,SV10: Destined Rivals,2025-05-30,Reverse Holofoil,0.28
632919,Cornerstone Mask Ogerpon,111/182,Uncommon,Fighting,110,Basic,1,Gx2,,SV10: Destined Rivals,2025-05-30,Normal,0.16
632919,Cornerstone Mask Ogerpon,111/182,Uncommon,Fighting,110,Basic,1,Gx2,,SV10: Destined Rivals,2025-05-30,Reverse Holofoil,0.33
632920,Team Rocket's Ekans,112/182,Common,Darkness,70,Basic,1,Fx2,,SV10: Destined Rivals,2025-05-30,Normal,0.16
632920,Team Rocket's Ekans,112/182,Common,Darkness,70,Basic,1,Fx2,,SV10: Destined Rivals,2025-05-30,Reverse Holofoil,0.23
632921,Team Rocket's Arbok,113/182,Uncommon,Darkness,130,Stage 1,2,Fx2,,SV10: Destined Rivals,2025-05-30,Normal,0.17
632921,Team Rocket's Arbok,113/182,Uncommon,Darkness,130,Stage 1,2,Fx2,,SV10: Destined Rivals,2025-05-30,Reverse Holofoil,0.38
632922,Team Rocket's Nidoran F,114/182,Common,Darkness,70,Basic,1,Fx2,,SV10: Destined Rivals,2025-05-30,Normal,0.14
632922,Team Rocket's Nidoran F,114/182,Common,Darkness,70,Basic,1,Fx2,,SV10: Destined Rivals,2025-05-30,Reverse Holofoil,0.33
632923,Team Rocket's Nidorina,115/182,Common,Darkness,90,Stage 1,2,Fx2,,SV10: Destined Rivals,2025-05-30,Normal,0.18
632923,Team Rocket's Nidorina,115/182,Common,Darkness,90,Stage 1,2,Fx2,,SV10: Destined Rivals,2025-05-30,Reverse Holofoil,0.33
632924,Team Rocket's Nidoqueen,116/182,Uncommon,Darkness,170,Stage 2,3,Fx2,,SV10: Destined Rivals,2025-05-30,Reverse Holofoil,0.32
632924,Team Rocket's Nidoqueen,116/182,Uncommon,Darkness,170,Stage 2,3,Fx2,,SV10: Destined Rivals,2025-05-30,Normal,0.12
632925,Team Rocket's Nidoran M,117/182,Common,Darkness,70,Basic,1,Fx2,,SV10: Destined Rivals,2025-05-30,Normal,0.16
632925,Team Rocket's Nidoran M,117/182,Common,Darkness,70,Basic,1,Fx2,,SV10: Destined Rivals,2025-05-30,Reverse Holofoil,0.32
632926,Team Rocket's Nidorino,118/182,Common,Darkness,100,Stage 1,2,Fx2,,SV10: Destined Rivals,2025-05-30,Reverse Holofoil,0.33
632926,Team Rocket's Nidorino,118/182,Common,Darkness,100,Stage 1,2,Fx2,,SV10: Destined Rivals,2025-05-30,Normal,0.21
632927,Team Rocket's Nidoking ex - 119/182,119/182,Double Rare,Darkness,330,Stage 2,3,Fx2,,SV10: Destined Rivals,2025-05-30,Holofoil,0.85
632928,Team Rocket's Zubat,120/182,Common,Darkness,50,Basic,1,Lx2,F-30,SV10: Destined Rivals,2025-05-30,Reverse Holofoil,0.24
632928,Team Rocket's Zubat,120/182,Common,Darkness,50,Basic,1,Lx2,F-30,SV10: Destined Rivals,2025-05-30,Normal,0.18
632929,Team Rocket's Golbat,121/182,Uncommon,Darkness,80,Stage 1,1,Lx2,F-30,SV10: Destined Rivals,2025-05-30,Normal,0.19
632929,Team Rocket's Golbat,121/182,Uncommon,Darkness,80,Stage 1,1,Lx2,F-30,SV10: Destined Rivals,2025-05-30,Reverse Holofoil,0.33
632930,Team Rocket's Crobat ex - 122/182,122/182,Double Rare,Darkness,310,Stage 2,1,Lx2,F-30,SV10: Destined Rivals,2025-05-30,Holofoil,0.78
632931,Team Rocket's Grimer,123/182,Common,Darkness,80,Basic,3,Fx2,,SV10: Destined Rivals,2025-05-30,Reverse Holofoil,0.2
632931,Team Rocket's Grimer,123/182,Common,Darkness,80,Basic,3,Fx2,,SV10: Destined Rivals,2025-05-30,Normal,0.09
632932,Team Rocket's Muk,124/182,Uncommon,Darkness,150,Stage 1,4,Fx2,,SV10: Destined Rivals,2025-05-30,Reverse Holofoil,0.33
632932,Team Rocket's Muk,124/182,Uncommon,Darkness,150,Stage 1,4,Fx2,,SV10: Destined Rivals,2025-05-30,Normal,0.14
632933,Team Rocket's Koffing,125/182,Common,Darkness,70,Basic,1,Fx2,,SV10: Destined Rivals,2025-05-30,Reverse Holofoil,0.25
632933,Team Rocket's Koffing,125/182,Common,Darkness,70,Basic,1,Fx2,,SV10: Destined Rivals,2025-05-30,Normal,0.12
632934,Team Rocket's Weezing - 126/182,126/182,Uncommon,Darkness,130,Stage 1,2,Fx2,,SV10: Destined Rivals,2025-05-30,Normal,0.14
632934,Team Rocket's Weezing - 126/182,126/182,Uncommon,Darkness,130,Stage 1,2,Fx2,,SV10: Destined Rivals,2025-05-30,Reverse Holofoil,0.34
632935,Team Rocket's Murkrow - 127/182,127/182,Uncommon,Darkness,80,Basic,1,Lx2,F-30,SV10: Destined Rivals,2025-05-30,Reverse Holofoil,0.34
632935,Team Rocket's Murkrow - 127/182,127/182,Uncommon,Darkness,80,Basic,1,Lx2,F-30,SV10: Destined Rivals,2025-05-30,Normal,0.22
632936,Team Rocket's Sneasel,128/182,Rare,Darkness,80,Basic,1,Gx2,,SV10: Destined Rivals,2025-05-30,Reverse Holofoil,0.31
632936,Team Rocket's Sneasel,128/182,Rare,Darkness,80,Basic,1,Gx2,,SV10: Destined Rivals,2025-05-30,Holofoil,0.2
632937,Cynthia's Spiritomb,129/182,Uncommon,Darkness,70,Basic,1,Gx2,,SV10: Destined Rivals,2025-05-30,Normal,0.17
632937,Cynthia's Spiritomb,129/182,Uncommon,Darkness,70,Basic,1,Gx2,,SV10: Destined Rivals,2025-05-30,Reverse Holofoil,0.31
632938,Marnie's Purrloin,130/182,Common,Darkness,60,Basic,1,Gx2,,SV10: Destined Rivals,2025-05-30,Normal,0.14
632938,Marnie's Purrloin,130/182,Common,Darkness,60,Basic,1,Gx2,,SV10: Destined Rivals,2025-05-30,Reverse Holofoil,0.3
632939,Marnie's Liepard,131/182,Uncommon,Darkness,100,Stage 1,1,Gx2,,SV10: Destined Rivals,2025-05-30,Normal,0.15
632939,Marnie's Liepard,131/182,Uncommon,Darkness,100,Stage 1,1,Gx2,,SV10: Destined Rivals,2025-05-30,Reverse Holofoil,0.33
632940,Marnie's Scraggy,132/182,Common,Darkness,70,Basic,1,Gx2,,SV10: Destined Rivals,2025-05-30,Reverse Holofoil,0.26
632940,Marnie's Scraggy,132/182,Common,Darkness,70,Basic,1,Gx2,,SV10: Destined Rivals,2025-05-30,Normal,0.17
632941,Marnie's Scrafty,133/182,Uncommon,Darkness,120,Stage 1,2,Gx2,,SV10: Destined Rivals,2025-05-30,Reverse Holofoil,0.37
632941,Marnie's Scrafty,133/182,Uncommon,Darkness,120,Stage 1,2,Gx2,,SV10: Destined Rivals,2025-05-30,Normal,0.05
632942,Marnie's Impidimp,134/182,Common,Darkness,70,Basic,1,Gx2,,SV10: Destined Rivals,2025-05-30,Reverse Holofoil,0.31
632942,Marnie's Impidimp,134/182,Common,Darkness,70,Basic,1,Gx2,,SV10: Destined Rivals,2025-05-30,Normal,0.11
632943,Marnie's Morgrem,135/182,Uncommon,Darkness,70,Stage 1,1,Gx2,,SV10: Destined Rivals,2025-05-30,Normal,0.13
632943,Marnie's Morgrem,135/182,Uncommon,Darkness,70,Stage 1,1,Gx2,,SV10: Destined Rivals,2025-05-30,Reverse Holofoil,0.35
632944,Marnie's Morpeko,137/182,Common,Darkness,70,Basic,0,Gx2,,SV10: Destined Rivals,2025-05-30,Normal,0.21
632944,Marnie's Morpeko,137/182,Common,Darkness,70,Basic,0,Gx2,,SV10: Destined Rivals,2025-05-30,Reverse Holofoil,0.37
632945,Arven's Maschiff,138/182,Common,Darkness,70,Basic,2,Gx2,,SV10: Destined Rivals,2025-05-30,Reverse Holofoil,0.22
632945,Arven's Maschiff,138/182,Common,Darkness,70,Basic,2,Gx2,,SV10: Destined Rivals,2025-05-30,Normal,0.07
632946,Arven's Mabosstiff ex - 139/182,139/182,Double Rare,Darkness,270,Stage 1,3,Gx2,,SV10: Destined Rivals,2025-05-30,Holofoil,0.73
632947,Forretress,140/182,Uncommon,Metal,130,Stage 1,2,Rx2,G-30,SV10: Destined Rivals,2025-05-30,Normal,0.06
632947,Forretress,140/182,Uncommon,Metal,130,Stage 1,2,Rx2,G-30,SV10: Destined Rivals,2025-05-30,Reverse Holofoil,0.26
632948,Skarmory,141/182,Common,Metal,110,Basic,1,Lx2,F-30,SV10: Destined Rivals,2025-05-30,Normal,0.13
632948,Skarmory,141/182,Common,Metal,110,Basic,1,Lx2,F-30,SV10: Destined Rivals,2025-05-30,Reverse Holofoil,0.18
632949,Steven's Skarmory,142/182,Common,Metal,120,Basic,1,Lx2,F-30,SV10: Destined Rivals,2025-05-30,Normal,0.15
632949,Steven's Skarmory,142/182,Common,Metal,120,Basic,1,Lx2,F-30,SV10: Destined Rivals,2025-05-30,Reverse Holofoil,0.19
632950,Steven's Beldum,143/182,Common,Metal,70,Basic,1,Rx2,G-30,SV10: Destined Rivals,2025-05-30,Reverse Holofoil,0.23
632950,Steven's Beldum,143/182,Common,Metal,70,Basic,1,Rx2,G-30,SV10: Destined Rivals,2025-05-30,Normal,0.17
632951,Steven's Metang,144/182,Uncommon,Metal,100,Stage 1,2,Rx2,G-30,SV10: Destined Rivals,2025-05-30,Reverse Holofoil,0.31
632951,Steven's Metang,144/182,Uncommon,Metal,100,Stage 1,2,Rx2,G-30,SV10: Destined Rivals,2025-05-30,Normal,0.14
632952,Zamazenta - 146/182,146/182,Rare,Metal,130,Basic,2,Rx2,G-30,SV10: Destined Rivals,2025-05-30,Holofoil,0.17
632952,Zamazenta - 146/182,146/182,Rare,Metal,130,Basic,2,Rx2,G-30,SV10: Destined Rivals,2025-05-30,Reverse Holofoil,0.31
632953,Team Rocket's Rattata,147/182,Common,Colorless,50,Basic,1,Fx2,,SV10: Destined Rivals,2025-05-30,Normal,0.06
632953,Team Rocket's Rattata,147/182,Common,Colorless,50,Basic,1,Fx2,,SV10: Destined Rivals,2025-05-30,Reverse Holofoil,0.17
632954,Team Rocket's Raticate - 148/182,148/182,Common,Colorless,90,Stage 1,1,Fx2,,SV10: Destined Rivals,2025-05-30,Normal,0.09
632954,Team Rocket's Raticate - 148/182,148/182,Common,Colorless,90,Stage 1,1,Fx2,,SV10: Destined Rivals,2025-05-30,Reverse Holofoil,0.23
632955,Team Rocket's Persian ex - 150/182,150/182,Double Rare,Colorless,260,Stage 1,2,Fx2,,SV10: Destined Rivals,2025-05-30,Holofoil,0.76
632956,Kangaskhan - 151/182,151/182,Common,Colorless,120,Basic,2,Fx2,,SV10: Destined Rivals,2025-05-30,Normal,0.11
632956,Kangaskhan - 151/182,151/182,Common,Colorless,120,Basic,2,Fx2,,SV10: Destined Rivals,2025-05-30,Reverse Holofoil,0.26
632957,Tauros,152/182,Common,Colorless,130,Basic,2,Fx2,,SV10: Destined Rivals,2025-05-30,Normal,0.2
632957,Tauros,152/182,Common,Colorless,130,Basic,2,Fx2,,SV10: Destined Rivals,2025-05-30,Reverse Holofoil,0.21
632958,Taillow,156/182,Common,Colorless,60,Basic,1,Lx2,F-30,SV10: Destined Rivals,2025-05-30,Normal,0.19
632958,Taillow,156/182,Common,Colorless,60,Basic,1,Lx2,F-30,SV10: Destined Rivals,2025-05-30,Reverse Holofoil,0.19
632959,Swellow,157/182,Common,Colorless,100,Stage 1,0,Lx2,F-30,SV10: Destined Rivals,2025-05-30,Reverse Holofoil,0.2
632959,Swellow,157/182,Common,Colorless,100,Stage 1,0,Lx2,F-30,SV10: Destined Rivals,2025-05-30,Normal,0.08
632960,Arven's Skwovet,158/182,Common,Colorless,60,Basic,1,Fx2,,SV10: Destined Rivals,2025-05-30,Reverse Holofoil,0.2
632960,Arven's Skwovet,158/182,Common,Colorless,60,Basic,1,Fx2,,SV10: Destined Rivals,2025-05-30,Normal,0.03
632961,Arven's Greedent - 159/182,159/182,Rare,Colorless,120,Stage 1,2,Fx2,,SV10: Destined Rivals,2025-05-30,Reverse Holofoil,0.31
632961,Arven's Greedent - 159/182,159/182,Rare,Colorless,120,Stage 1,2,Fx2,,SV10: Destined Rivals,2025-05-30,Holofoil,0.13
632962,Squawkabilly,160/182,Common,Colorless,70,Basic,1,Lx2,F-30,SV10: Destined Rivals,2025-05-30,Normal,0.06
632962,Squawkabilly,160/182,Common,Colorless,70,Basic,1,Lx2,F-30,SV10: Destined Rivals,2025-05-30,Reverse Holofoil,0.18
632983,Yanma - 183/182,183/182,Illustration Rare,Grass,70,Basic,1,Lx2,F-30,SV10: Destined Rivals,2025-05-30,Holofoil,4.29
632984,Cynthia's Roserade - 184/182,184/182,Illustration Rare,Grass,130,Stage 1,1,Rx2,,SV10: Destined Rivals,2025-05-30,Holofoil,12.44
632985,Shaymin - 185/182,185/182,Illustration Rare,Grass,80,Basic,1,Rx2,,SV10: Destined Rivals,2025-05-30,Holofoil,12.37
632986,Crustle - 186/182,186/182,Illustration Rare,Grass,150,Stage 1,3,Rx2,,SV10: Destined Rivals,2025-05-30,Holofoil,2.87
632987,Team Rocket's Spidops - 187/182,187/182,Illustration Rare,Grass,170,Stage 2,3,Rx2,,SV10: Destined Rivals,2025-05-30,Holofoil,5.39
632988,Hydrapple - 188/182,188/182,Illustration Rare,Grass,170,Stage 2,3,Rx2,,SV10: Destined Rivals,2025-05-30,Holofoil,3.89
632989,Rapidash - 189/182,189/182,Illustration Rare,Fire,110,Stage 1,1,Wx2,,SV10: Destined Rivals,2025-05-30,Holofoil,9.15
632990,Ethan's Typhlosion - 190/182,190/182,Illustration Rare,Fire,170,Stage 2,2,Wx2,,SV10: Destined Rivals,2025-05-30,Holofoil,25.46
632991,Team Rocket's Houndoom - 191/182,191/182,Illustration Rare,Fire,130,Stage 1,2,Wx2,,SV10: Destined Rivals,2025-05-30,Holofoil,12.34
632992,Blaziken - 192/182,192/182,Illustration Rare,Fire,170,Stage 2,2,Wx2,,SV10: Destined Rivals,2025-05-30,Holofoil,10.96
632993,Misty's Psyduck - 193/182,193/182,Illustration Rare,Water,70,Basic,1,Lx2,,SV10: Destined Rivals,2025-05-30,Holofoil,62.23
632994,Misty's Lapras - 194/182,194/182,Illustration Rare,Water,110,Basic,1,Lx2,,SV10: Destined Rivals,2025-05-30,Holofoil,29.69
632995,Clamperl - 195/182,195/182,Illustration Rare,Water,60,Basic,2,Lx2,,SV10: Destined Rivals,2025-05-30,Holofoil,5.14
632996,Electrike - 196/182,196/182,Illustration Rare,Lightning,60,Basic,1,Fx2,,SV10: Destined Rivals,2025-05-30,Holofoil,3.23
632997,Rotom - 197/182,197/182,Illustration Rare,Lightning,60,Basic,1,Fx2,,SV10: Destined Rivals,2025-05-30,Holofoil,4.06
632998,Team Rocket's Orbeetle - 198/182,198/182,Illustration Rare,Psychic,130,Stage 2,2,Dx2,F-30,SV10: Destined Rivals,2025-05-30,Holofoil,3.74
632999,Team Rocket's Weezing - 199/182,199/182,Illustration Rare,Darkness,130,Stage 1,2,Fx2,,SV10: Destined Rivals,2025-05-30,Holofoil,7.13
633000,Team Rocket's Murkrow - 200/182,200/182,Illustration Rare,Darkness,80,Basic,1,Lx2,F-30,SV10: Destined Rivals,2025-05-30,Holofoil,7.5
633001,Zamazenta - 201/182,201/182,Illustration Rare,Metal,130,Basic,2,Rx2,G-30,SV10: Destined Rivals,2025-05-30,Holofoil,5.11
633002,Team Rocket's Raticate - 202/182,202/182,Illustration Rare,Colorless,90,Stage 1,1,Fx2,,SV10: Destined Rivals,2025-05-30,Holofoil,5.45
633003,Team Rocket's Meowth - 203/182,203/182,Illustration Rare,Colorless,70,Basic,1,Fx2,,SV10: Destined Rivals,2025-05-30,Holofoil,25.03
633004,Kangaskhan - 204/182,204/182,Illustration Rare,Colorless,120,Basic,2,Fx2,,SV10: Destined Rivals,2025-05-30,Holofoil,10.67
633005,Arven's Greedent - 205/182,205/182,Illustration Rare,Colorless,120,Stage 1,2,Fx2,,SV10: Destined Rivals,2025-05-30,Holofoil,3.63
633006,Yanmega ex - 206/182,206/182,Ultra Rare,Grass,280,Stage 1,1,Lx2,F-30,SV10: Destined Rivals,2025-05-30,Holofoil,1.11
633007,Arboliva ex - 207/182,207/182,Ultra Rare,Grass,310,Stage 2,2,Rx2,,SV10: Destined Rivals,2025-05-30,Holofoil,1.96
633008,Team Rocket's Moltres ex - 208/182,208/182,Ultra Rare,Fire,220,Basic,2,Lx2,F-30,SV10: Destined Rivals,2025-05-30,Holofoil,5.57
633009,Ethan's Ho-Oh ex - 209/182,209/182,Ultra Rare,Fire,230,Basic,2,Wx2,,SV10: Destined Rivals,2025-05-30,Holofoil,4.91
633010,Cetitan ex - 210/182,210/182,Ultra Rare,Water,300,Stage 1,4,Mx2,,SV10: Destined Rivals,2025-05-30,Holofoil,1.14
633011,Dondozo ex - 211/182,211/182,Ultra Rare,Water,280,Basic,4,Lx2,,SV10: Destined Rivals,2025-05-30,Holofoil,1.08
633012,Electivire ex - 212/182,212/182,Ultra Rare,Lightning,280,Stage 1,4,Fx2,,SV10: Destined Rivals,2025-05-30,Holofoil,1.16
633013,Team Rocket's Mewtwo ex - 213/182,213/182,Ultra Rare,Psychic,280,Basic,3,Dx2,F-30,SV10: Destined Rivals,2025-05-30,Holofoil,20.33
633014,Regirock ex - 214/182,214/182,Ultra Rare,Fighting,230,Basic,3,Gx2,,SV10: Destined Rivals,2025-05-30,Holofoil,1.16
633015,Cynthia's Garchomp ex - 215/182,215/182,Ultra Rare,Fighting,330,Stage 2,,Gx2,,SV10: Destined Rivals,2025-05-30,Holofoil,4.25
633016,Team Rocket's Nidoking ex - 216/182,216/182,Ultra Rare,Darkness,330,Stage 2,3,Fx2,,SV10: Destined Rivals,2025-05-30,Holofoil,4.0
633017,Team Rocket's Crobat ex - 217/182,217/182,Ultra Rare,Darkness,310,Stage 2,1,Lx2,F-30,SV10: Destined Rivals,2025-05-30,Holofoil,2.34
633018,Arven's Mabosstiff ex - 218/182,218/182,Ultra Rare,Darkness,270,Stage 1,3,Gx2,,SV10: Destined Rivals,2025-05-30,Holofoil,1.45
633019,Team Rocket's Persian ex - 219/182,219/182,Ultra Rare,Colorless,260,Stage 1,2,Fx2,,SV10: Destined Rivals,2025-05-30,Holofoil,4.53
633028,Yanmega ex - 228/182,228/182,Special Illustration Rare,Grass,280,Stage 1,1,Lx2,F-30,SV10: Destined Rivals,2025-05-30,Holofoil,21.15
633029,Team Rocket's Moltres ex - 229/182,229/182,Special Illustration Rare,Fire,220,Basic,2,Lx2,F-30,SV10: Destined Rivals,2025-05-30,Holofoil,94.33
633030,Ethan's Ho-Oh ex - 230/182,230/182,Special Illustration Rare,Fire,230,Basic,2,Wx2,,SV10: Destined Rivals,2025-05-30,Holofoil,152.42
633031,Team Rocket's Mewtwo ex - 231/182,231/182,Special Illustration Rare,Psychic,280,Basic,3,Dx2,F-30,SV10: Destined Rivals,2025-05-30,Holofoil,454.8
633032,Cynthia's Garchomp ex - 232/182,232/182,Special Illustration Rare,Fighting,330,Stage 2,,Gx2,,SV10: Destined Rivals,2025-05-30,Holofoil,230.69
633033,Team Rocket's Nidoking ex - 233/182,233/182,Special Illustration Rare,Darkness,330,Stage 2,3,Fx2,,SV10: Destined Rivals,2025-05-30,Holofoil,100.06
633034,Team Rocket's Crobat ex - 234/182,234/182,Special Illustration Rare,Darkness,310,Stage 2,1,Lx2,F-30,SV10: Destined Rivals,2025-05-30,Holofoil,62.49
633035,Arven's Mabosstiff ex - 235/182,235/182,Special Illustration Rare,Darkness,270,Stage 1,3,Gx2,,SV10: Destined Rivals,2025-05-30,Holofoil,30.95
633039,Ethan's Ho-Oh ex - 239/182,239/182,Hyper Rare,Fire,230,Basic,2,Wx2,,SV10: Destined Rivals,2025-05-30,Holofoil,25.49
633040,Team Rocket's Mewtwo ex - 240/182,240/182,Hyper Rare,Psychic,280,Basic,3,Dx2,F-30,SV10: Destined Rivals,2025-05-30,Holofoil,58.2
633041,Cynthia's Garchomp ex - 241/182,241/182,Hyper Rare,Fighting,330,Stage 2,,Gx2,,SV10: Destined Rivals,2025-05-30,Holofoil,32.96
633042,Team Rocket's Crobat ex - 242/182,242/182,Hyper Rare,Darkness,310,Stage 2,1,Lx2,F-30,SV10: Destined Rivals,2025-05-30,Holofoil,14.09
84170,Chansey,031/105,Uncommon,Colorless,90,Basic,2,F,P-30,Neo Destiny,2002-02-28,1st Edition,49.85
84170,Chansey,031/105,Uncommon,Colorless,90,Basic,2,F,P-30,Neo Destiny,2002-02-28,Unlimited,32.16
84546,Cyndaquil,061/105,Common,Fire,40,Basic,1,W,,Neo Destiny,2002-02-28,1st Edition,19.73
84546,Cyndaquil,061/105,Common,Fire,40,Basic,1,W,,Neo Destiny,2002-02-28,Unlimited,3.13
84561,Dark Ampharos,001/105,Holo Rare,Lightning,70,Stage 2,2,F,,Neo Destiny,2002-02-28,1st Edition Holofoil,120.0
84561,Dark Ampharos,001/105,Holo Rare,Lightning,70,Stage 2,2,F,,Neo Destiny,2002-02-28,Unlimited Holofoil,114.32
84566,Dark Ariados,017/105,Rare,Grass,60,Stage 1,2,R,,Neo Destiny,2002-02-28,1st Edition,15.46
84566,Dark Ariados,017/105,Rare,Grass,60,Stage 1,2,R,,Neo Destiny,2002-02-28,Unlimited,7.41
84576,Dark Crobat,002/105,Holo Rare,Grass,70,Stage 2,,P,F-30,Neo Destiny,2002-02-28,1st Edition Holofoil,175.91
84576,Dark Crobat,002/105,Holo Rare,Grass,70,Stage 2,,P,F-30,Neo Destiny,2002-02-28,Unlimited Holofoil,148.53
84578,Dark Croconaw,032/105,Uncommon,Water,60,Stage 1,2,G,,Neo Destiny,2002-02-28,1st Edition,16.39
84578,Dark Croconaw,032/105,Uncommon,Water,60,Stage 1,2,G,,Neo Destiny,2002-02-28,Unlimited,5.69
84579,Dark Donphan,003/105,Holo Rare,Fighting,60,Stage 1,3,G,L-30,Neo Destiny,2002-02-28,1st Edition Holofoil,121.66
84579,Dark Donphan,003/105,Holo Rare,Fighting,60,Stage 1,3,G,L-30,Neo Destiny,2002-02-28,Unlimited Holofoil,55.05
84592,Dark Espeon,004/105,Holo Rare,Psychic,60,Stage 1,,P,,Neo Destiny,2002-02-28,1st Edition Holofoil,200.0
84592,Dark Espeon,004/105,Holo Rare,Psychic,60,Stage 1,,P,,Neo Destiny,2002-02-28,Unlimited Holofoil,462.5
84593,Dark Exeggcutor,033/105,Uncommon,Psychic,60,Stage 1,2,P,,Neo Destiny,2002-02-28,1st Edition,20.35
84593,Dark Exeggcutor,033/105,Uncommon,Psychic,60,Stage 1,2,P,,Neo Destiny,2002-02-28,Unlimited,8.76
84594,Dark Feraligatr,005/105,Holo Rare,Water,80,Stage 2,3,G,,Neo Destiny,2002-02-28,1st Edition Holofoil,374.99
84594,Dark Feraligatr,005/105,Holo Rare,Water,80,Stage 2,3,G,,Neo Destiny,2002-02-28,Unlimited Holofoil,166.12
84595,Dark Flaaffy,034/105,Uncommon,Lightning,60,Stage 1,1,F,,Neo Destiny,2002-02-28,1st Edition,16.2
84595,Dark Flaaffy,034/105,Uncommon,Lightning,60,Stage 1,1,F,,Neo Destiny,2002-02-28,Unlimited,5.33
84598,Dark Forretress,035/105,Uncommon,Grass,60,Stage 1,2,R,,Neo Destiny,2002-02-28,1st Edition,9.79
84598,Dark Forretress,035/105,Uncommon,Grass,60,Stage 1,2,R,,Neo Destiny,2002-02-28,Unlimited,3.44
84599,Dark Gengar,006/105,Holo Rare,Psychic,70,Stage 2,2,,F-30,Neo Destiny,2002-02-28,1st Edition Holofoil,749.99
84599,Dark Gengar,006/105,Holo Rare,Psychic,70,Stage 2,2,,F-30,Neo Destiny,2002-02-28,Unlimited Holofoil,1103.0
84609,Dark Haunter,036/105,Uncommon,Psychic,50,Stage 1,,,F-30,Neo Destiny,2002-02-28,1st Edition,68.03
84609,Dark Haunter,036/105,Uncommon,Psychic,50,Stage 1,,,F-30,Neo Destiny,2002-02-28,Unlimited,19.04
84610,Dark Houndoom,007/105,Holo Rare,Fire,60,Stage 1,1,W,,Neo Destiny,2002-02-28,Unlimited Holofoil,299.99
84622,Dark Magcargo,018/105,Rare,Fire,60,Stage 1,3,W,,Neo Destiny,2002-02-28,1st Edition,18.3
84622,Dark Magcargo,018/105,Rare,Fire,60,Stage 1,3,W,,Neo Destiny,2002-02-28,Unlimited,3.63
84632,Dark Octillery,062/105,Common,Water,60,Stage 1,2,L,,Neo Destiny,2002-02-28,1st Edition,2.8
84632,Dark Octillery,062/105,Common,Water,60,Stage 1,2,L,,Neo Destiny,2002-02-28,Unlimited,1.2
84634,Dark Omanyte,037/105,Uncommon,Water,40,Stage 1,1,G,,Neo Destiny,2002-02-28,1st Edition,14.01
84634,Dark Omanyte,037/105,Uncommon,Water,40,Stage 1,1,G,,Neo Destiny,2002-02-28,Unlimited,5.46
84635,Dark Omastar,019/105,Rare,Water,70,Stage 2,2,G,,Neo Destiny,2002-02-28,1st Edition,43.03
84635,Dark Omastar,019/105,Rare,Water,70,Stage 2,2,G,,Neo Destiny,2002-02-28,Unlimited,20.0
84640,Dark Porygon2,008/105,Holo Rare,Colorless,60,Stage 1,1,F,P-30,Neo Destiny,2002-02-28,1st Edition Holofoil,90.0
84640,Dark Porygon2,008/105,Holo Rare,Colorless,60,Stage 1,1,F,P-30,Neo Destiny,2002-02-28,Unlimited Holofoil,89.5
84642,Dark Pupitar,038/105,Uncommon,Fighting,60,Stage 1,1,G,L-30,Neo Destiny,2002-02-28,1st Edition,14.64
84642,Dark Pupitar,038/105,Uncommon,Fighting,60,Stage 1,1,G,L-30,Neo Destiny,2002-02-28,Unlimited,3.64
84645,Dark Quilava,039/105,Uncommon,Fire,60,Stage 1,1,W,,Neo Destiny,2002-02-28,1st Edition,23.01
84645,Dark Quilava,039/105,Uncommon,Fire,60,Stage 1,1,W,,Neo Destiny,2002-02-28,Unlimited,5.06
84652,Dark Scizor,009/105,Holo Rare,Metal,70,Stage 1,2,R,G-30,Neo Destiny,2002-02-28,1st Edition Holofoil,203.0
84652,Dark Scizor,009/105,Holo Rare,Metal,70,Stage 1,2,R,G-30,Neo Destiny,2002-02-28,Unlimited Holofoil,190.76
84656,Dark Slowking,020/105,Rare,Psychic,60,Stage 1,2,P,,Neo Destiny,2002-02-28,1st Edition,140.14
84656,Dark Slowking,020/105,Rare,Psychic,60,Stage 1,2,P,,Neo Destiny,2002-02-28,Unlimited,41.83
84659,Dark Typhlosion,010/105,Holo Rare,Fire,80,Stage 2,1,W,,Neo Destiny,2002-02-28,1st Edition Holofoil,290.0
84659,Dark Typhlosion,010/105,Holo Rare,Fire,80,Stage 2,1,W,,Neo Destiny,2002-02-28,Unlimited Holofoil,175.75
84660,Dark Tyranitar,011/105,Holo Rare,Fighting,90,Stage 2,3,G,L-30,Neo Destiny,2002-02-28,1st Edition Holofoil,200.0
84660,Dark Tyranitar,011/105,Holo Rare,Fighting,90,Stage 2,3,G,L-30,Neo Destiny,2002-02-28,Unlimited Holofoil,295.28
84663,Dark Ursaring,021/105,Rare,Colorless,60,Stage 1,2,F,P-30,Neo Destiny,2002-02-28,1st Edition,45.4
84663,Dark Ursaring,021/105,Rare,Colorless,60,Stage 1,2,F,P-30,Neo Destiny,2002-02-28,Unlimited,13.89
84674,Dark Wigglytuff,040/105,Uncommon,Colorless,60,Stage 1,2,F,P-30,Neo Destiny,2002-02-28,1st Edition,22.63
84674,Dark Wigglytuff,040/105,Uncommon,Colorless,60,Stage 1,2,F,P-30,Neo Destiny,2002-02-28,Unlimited,12.51
84929,Dratini,063/105,Common,Colorless,40,Basic,1,,P-30,Neo Destiny,2002-02-28,1st Edition,24.46
84929,Dratini,063/105,Common,Colorless,40,Basic,1,,P-30,Neo Destiny,2002-02-28,Unlimited,16.0
85342,Exeggcute,064/105,Common,Psychic,40,Basic,1,P,,Neo Destiny,2002-02-28,1st Edition,2.77
85342,Exeggcute,064/105,Common,Psychic,40,Basic,1,P,,Neo Destiny,2002-02-28,Unlimited,0.95
85647,Gastly,065/105,Common,Psychic,40,Basic,,,F-30,Neo Destiny,2002-02-28,1st Edition,12.42
85647,Gastly,065/105,Common,Psychic,40,Basic,,,F-30,Neo Destiny,2002-02-28,Unlimited,2.35
85728,Girafarig,066/105,Common,Colorless,60,Basic,1,,,Neo Destiny,2002-02-28,1st Edition,13.61
85728,Girafarig,066/105,Common,Colorless,60,Basic,1,,,Neo Destiny,2002-02-28,Unlimited,18.34
85762,Gligar,067/105,Common,Fighting,50,Basic,,G,F-30,Neo Destiny,2002-02-28,1st Edition,2.03
85762,Gligar,067/105,Common,Fighting,50,Basic,,G,F-30,Neo Destiny,2002-02-28,Unlimited,0.65
85952,Growlithe,068/105,Common,Fire,50,Basic,1,W,,Neo Destiny,2002-02-28,1st Edition,19.85
85952,Growlithe,068/105,Common,Fire,50,Basic,1,W,,Neo Destiny,2002-02-28,Unlimited,6.1
86060,Heracross,041/105,Uncommon,Grass,60,Basic,2,R,,Neo Destiny,2002-02-28,1st Edition,14.31
86060,Heracross,041/105,Uncommon,Grass,60,Basic,2,R,,Neo Destiny,2002-02-28,Unlimited,5.77
86090,Hitmonchan,069/105,Common,Fighting,60,Basic,1,P,,Neo Destiny,2002-02-28,1st Edition,6.39
86090,Hitmonchan,069/105,Common,Fighting,60,Basic,1,P,,Neo Destiny,2002-02-28,Unlimited,2.57
86103,Hitmonlee,042/105,Uncommon,Fighting,60,Basic,1,P,,Neo Destiny,2002-02-28,1st Edition,14.68
86103,Hitmonlee,042/105,Uncommon,Fighting,60,Basic,1,P,,Neo Destiny,2002-02-28,Unlimited,2.19
86219,Houndour,043/105,Uncommon,Darkness,40,Basic,1,,P-30,Neo Destiny,2002-02-28,1st Edition,21.34
86219,Houndour,043/105,Uncommon,Darkness,40,Basic,1,,P-30,Neo Destiny,2002-02-28,Unlimited,7.08
86311,Jigglypuff,044/105,Uncommon,Colorless,50,Basic,1,F,P-30,Neo Destiny,2002-02-28,1st Edition,36.08
86311,Jigglypuff,044/105,Uncommon,Colorless,50,Basic,1,F,P-30,Neo Destiny,2002-02-28,Unlimited,19.75
86633,Larvitar,070/105,Common,Fighting,40,Basic,1,G,L-30,Neo Destiny,2002-02-28,1st Edition,10.39
86633,Larvitar,070/105,Common,Fighting,40,Basic,1,G,L-30,Neo Destiny,2002-02-28,Unlimited,2.96
86700,Ledyba,071/105,Common,Grass,40,Basic,,R,F-30,Neo Destiny,2002-02-28,1st Edition,7.27
86700,Ledyba,071/105,Common,Grass,40,Basic,,R,F-30,Neo Destiny,2002-02-28,Unlimited,3.65
86734,Light Arcanine,012/105,Holo Rare,Fire,100,Stage 1,2,W,,Neo Destiny,2002-02-28,Unlimited Holofoil,403.09
86735,Light Azumarill,013/105,Holo Rare,Water,80,Stage 1,1,L,,Neo Destiny,2002-02-28,1st Edition Holofoil,62.49
86735,Light Azumarill,013/105,Holo Rare,Water,80,Stage 1,1,L,,Neo Destiny,2002-02-28,Unlimited Holofoil,33.08
86736,Light Dewgong,045/105,Uncommon,Water,80,Stage 1,2,L,,Neo Destiny,2002-02-28,1st Edition,14.41
86736,Light Dewgong,045/105,Uncommon,Water,80,Stage 1,2,L,,Neo Destiny,2002-02-28,Unlimited,4.37
86737,Light Dragonair,022/105,Rare,Colorless,80,Stage 1,2,,P-30,Neo Destiny,2002-02-28,1st Edition,87.99
86737,Light Dragonair,022/105,Rare,Colorless,80,Stage 1,2,,P-30,Neo Destiny,2002-02-28,Unlimited,39.78
86738,Light Dragonite,014/105,Holo Rare,Colorless,100,Stage 2,2,,F-30,Neo Destiny,2002-02-28,1st Edition Holofoil,699.99
86738,Light Dragonite,014/105,Holo Rare,Colorless,100,Stage 2,2,,F-30,Neo Destiny,2002-02-28,Unlimited Holofoil,399.99
86739,Light Flareon,046/105,Uncommon,Fire,80,Stage 1,1,W,,Neo Destiny,2002-02-28,1st Edition,61.25
86739,Light Flareon,046/105,Uncommon,Fire,80,Stage 1,1,W,,Neo Destiny,2002-02-28,Unlimited,31.64
86740,Light Golduck,047/105,Uncommon,Water,80,Stage 1,1,L,,Neo Destiny,2002-02-28,1st Edition,20.58
86740,Light Golduck,047/105,Uncommon,Water,80,Stage 1,1,L,,Neo Destiny,2002-02-28,Unlimited,4.39
86741,Light Jolteon,048/105,Uncommon,Lightning,70,Stage 1,,F,,Neo Destiny,2002-02-28,1st Edition,164.99
86741,Light Jolteon,048/105,Uncommon,Lightning,70,Stage 1,,F,,Neo Destiny,2002-02-28,Unlimited,86.88
86742,Light Lanturn,023/105,Rare,Lightning,80,Stage 1,2,F,,Neo Destiny,2002-02-28,1st Edition,13.57
86742,Light Lanturn,023/105,Rare,Lightning,80,Stage 1,2,F,,Neo Destiny,2002-02-28,Unlimited,7.47
86743,Light Ledian,024/105,Rare,Grass,70,Stage 1,,R,F-30,Neo Destiny,2002-02-28,1st Edition,33.71
86743,Light Ledian,024/105,Rare,Grass,70,Stage 1,,R,F-30,Neo Destiny,2002-02-28,Unlimited,17.77
86744,Light Machamp,025/105,Rare,Fighting,100,Stage 2,2,P,,Neo Destiny,2002-02-28,1st Edition,51.08
86744,Light Machamp,025/105,Rare,Fighting,100,Stage 2,2,P,,Neo Destiny,2002-02-28,Unlimited,12.77
86745,Light Machoke,049/105,Uncommon,Fighting,80,Stage 1,2,P,,Neo Destiny,2002-02-28,1st Edition,23.88
86745,Light Machoke,049/105,Uncommon,Fighting,80,Stage 1,2,P,,Neo Destiny,2002-02-28,Unlimited,5.68
86746,Light Ninetales,050/105,Uncommon,Fire,90,Stage 1,1,W,,Neo Destiny,2002-02-28,1st Edition,58.44
86746,Light Ninetales,050/105,Uncommon,Fire,90,Stage 1,1,W,,Neo Destiny,2002-02-28,Unlimited,27.12
86747,Light Piloswine,026/105,Rare,Water,90,Stage 1,3,G,L-30,Neo Destiny,2002-02-28,1st Edition,39.71
86747,Light Piloswine,026/105,Rare,Water,90,Stage 1,3,G,L-30,Neo Destiny,2002-02-28,Unlimited,16.45
86748,Light Slowbro,051/105,Uncommon,Psychic,80,Stage 1,2,P,,Neo Destiny,2002-02-28,1st Edition,71.55
86748,Light Slowbro,051/105,Uncommon,Psychic,80,Stage 1,2,P,,Neo Destiny,2002-02-28,Unlimited,42.69
86749,Light Sunflora,072/105,Common,Grass,80,Stage 1,1,R,,Neo Destiny,2002-02-28,1st Edition,3.82
86749,Light Sunflora,072/105,Common,Grass,80,Stage 1,1,R,,Neo Destiny,2002-02-28,Unlimited,1.41
86750,Light Togetic,015/105,Holo Rare,Colorless,60,Stage 1,,,F-30,Neo Destiny,2002-02-28,1st Edition Holofoil,290.0
86750,Light Togetic,015/105,Holo Rare,Colorless,60,Stage 1,,,F-30,Neo Destiny,2002-02-28,Unlimited Holofoil,64.0
86751,Light Vaporeon,052/105,Uncommon,Water,80,Stage 1,1,L,,Neo Destiny,2002-02-28,1st Edition,84.87
86751,Light Vaporeon,052/105,Uncommon,Water,80,Stage 1,1,L,,Neo Destiny,2002-02-28,Unlimited,31.75
86752,Light Venomoth,053/105,Uncommon,Grass,80,Stage 1,,R,F-30,Neo Destiny,2002-02-28,1st Edition,8.73
86752,Light Venomoth,053/105,Uncommon,Grass,80,Stage 1,,R,F-30,Neo Destiny,2002-02-28,Unlimited,4.93
86753,Light Wigglytuff,054/105,Uncommon,Colorless,80,Stage 1,1,F,P-30,Neo Destiny,2002-02-28,1st Edition,31.87
86753,Light Wigglytuff,054/105,Uncommon,Colorless,80,Stage 1,1,F,P-30,Neo Destiny,2002-02-28,Unlimited,16.47
86988,Machop,073/105,Common,Fighting,40,Basic,1,P,,Neo Destiny,2002-02-28,1st Edition,2.85
86988,Machop,073/105,Common,Fighting,40,Basic,1,P,,Neo Destiny,2002-02-28,Unlimited,0.9
87180,Mantine,074/105,Common,Water,60,Basic,2,L,F-30,Neo Destiny,2002-02-28,1st Edition,3.58
87180,Mantine,074/105,Common,Water,60,Basic,2,L,F-30,Neo Destiny,2002-02-28,Unlimited,1.23
87194,Mareep,075/105,Common,Lightning,50,Basic,1,F,,Neo Destiny,2002-02-28,1st Edition,6.36
87194,Mareep,075/105,Common,Lightning,50,Basic,1,F,,Neo Destiny,2002-02-28,Unlimited,2.65
87997,Phanpy,076/105,Common,Fighting,40,Basic,1,G,L-30,Neo Destiny,2002-02-28,1st Edition,4.28
87997,Phanpy,076/105,Common,Fighting,40,Basic,1,G,L-30,Neo Destiny,2002-02-28,Unlimited,1.67
88123,Pineco,077/105,Common,Grass,40,Basic,2,R,,Neo Destiny,2002-02-28,1st Edition,2.54
88123,Pineco,077/105,Common,Grass,40,Basic,2,R,,Neo Destiny,2002-02-28,Unlimited,0.72
88305,Porygon,078/105,Common,Colorless,50,Basic,1,F,P-30,Neo Destiny,2002-02-28,1st Edition,12.62
88305,Porygon,078/105,Common,Colorless,50,Basic,1,F,P-30,Neo Destiny,2002-02-28,Unlimited,1.89
88433,Psyduck,079/105,Common,Water,50,Basic,1,L,,Neo Destiny,2002-02-28,1st Edition,64.62
88433,Psyduck,079/105,Common,Water,50,Basic,1,L,,Neo Destiny,2002-02-28,Unlimited,29.93
88693,Remoraid,080/105,Common,Water,40,Basic,,L,,Neo Destiny,2002-02-28,1st Edition,1.75
88693,Remoraid,080/105,Common,Water,40,Basic,,L,,Neo Destiny,2002-02-28,Unlimited,0.71
88995,Scyther,055/105,Uncommon,Grass,60,Basic,1,R,F-30,Neo Destiny,2002-02-28,1st Edition,23.12
88995,Scyther,055/105,Uncommon,Grass,60,Basic,1,R,F-30,Neo Destiny,2002-02-28,Unlimited,7.18
89048,Seel,081/105,Common,Water,50,Basic,1,L,,Neo Destiny,2002-02-28,1st Edition,3.46
89048,Seel,081/105,Common,Water,50,Basic,1,L,,Neo Destiny,2002-02-28,Unlimited,0.87
89162,Shining Celebi,106/105,Secret Rare,Grass,50,Basic,1,R,,Neo Destiny,2002-02-28,1st Edition Holofoil,1801.0
89162,Shining Celebi,106/105,Secret Rare,Grass,50,Basic,1,R,,Neo Destiny,2002-02-28,Unlimited Holofoil,435.0
89163,Shining Charizard,107/105,Secret Rare,Fire,100,Basic,3,W,F-30,Neo Destiny,2002-02-28,Unlimited Holofoil,1495.0
89165,Shining Kabutops,108/105,Secret Rare,Fighting,80,Basic,2,G,,Neo Destiny,2002-02-28,1st Edition Holofoil,1399.95
89165,Shining Kabutops,108/105,Secret Rare,Fighting,80,Basic,2,G,,Neo Destiny,2002-02-28,Unlimited Holofoil,382.44
89167,Shining Mewtwo,109/105,Secret Rare,Psychic,70,Basic,2,P,,Neo Destiny,2002-02-28,Unlimited Holofoil,969.0
89168,Shining Noctowl,110/105,Secret Rare,Colorless,60,Basic,1,L,F-30,Neo Destiny,2002-02-28,Unlimited Holofoil,474.97
89169,Shining Raichu,111/105,Secret Rare,Lightning,70,Basic,1,F,,Neo Destiny,2002-02-28,Unlimited Holofoil,445.0
89170,Shining Steelix,112/105,Secret Rare,Metal,90,Basic,4,R,G-30,Neo Destiny,2002-02-28,Unlimited Holofoil,562.5
89171,Shining Tyranitar,113/105,Secret Rare,Darkness,80,Basic,3,None,P-30,Neo Destiny,2002-02-28,1st Edition Holofoil,4249.99
89171,Shining Tyranitar,113/105,Secret Rare,Darkness,80,Basic,3,None,P-30,Neo Destiny,2002-02-28,Unlimited Holofoil,662.25
89337,Slugma,082/105,Common,Fire,50,Basic,2,W,,Neo Destiny,2002-02-28,1st Edition,2.06
89337,Slugma,082/105,Common,Fire,50,Basic,2,W,,Neo Destiny,2002-02-28,Unlimited,0.58
89618,Sunkern,083/105,Common,Grass,40,Basic,2,R,,Neo Destiny,2002-02-28,1st Edition,2.1
89618,Sunkern,083/105,Common,Grass,40,Basic,2,R,,Neo Destiny,2002-02-28,Unlimited,0.64
89699,Swinub,084/105,Common,Water,50,Basic,1,G,L-30,Neo Destiny,2002-02-28,1st Edition,2.78
89699,Swinub,084/105,Common,Water,50,Basic,1,G,L-30,Neo Destiny,2002-02-28,Unlimited,2.26
89930,Togepi,056/105,Uncommon,Colorless,40,Basic,1,,P-30,Neo Destiny,2002-02-28,1st Edition,61.47
89930,Togepi,056/105,Uncommon,Colorless,40,Basic,1,,P-30,Neo Destiny,2002-02-28,Unlimited,32.33
89993,Totodile,085/105,Common,Water,50,Basic,1,G,,Neo Destiny,2002-02-28,1st Edition,30.06
89993,Totodile,085/105,Common,Water,50,Basic,1,G,,Neo Destiny,2002-02-28,Unlimited,6.42
90201,Unown [C],057/105,Uncommon,Psychic,40,Basic,1,P,,Neo Destiny,2002-02-28,1st Edition,10.21
90201,Unown [C],057/105,Uncommon,Psychic,40,Basic,1,P,,Neo Destiny,2002-02-28,Unlimited,7.95
90209,Unown [G],027/105,Rare,Psychic,40,Basic,1,P,,Neo Destiny,2002-02-28,1st Edition,25.31
90209,Unown [G],027/105,Rare,Psychic,40,Basic,1,P,,Neo Destiny,2002-02-28,Unlimited,15.55
90211,Unown [H],028/105,Rare,Psychic,40,Basic,1,P,,Neo Destiny,2002-02-28,1st Edition,42.66
90211,Unown [H],028/105,Rare,Psychic,40,Basic,1,P,,Neo Destiny,2002-02-28,Unlimited,25.54
90219,Unown [L],086/105,Common,Psychic,40,Basic,1,P,,Neo Destiny,2002-02-28,1st Edition,2.33
90219,Unown [L],086/105,Common,Psychic,40,Basic,1,P,,Neo Destiny,2002-02-28,Unlimited,0.98
90227,Unown [P],058/105,Uncommon,Psychic,40,Basic,1,P,,Neo Destiny,2002-02-28,1st Edition,10.38
90227,Unown [P],058/105,Uncommon,Psychic,40,Basic,1,P,,Neo Destiny,2002-02-28,Unlimited,4.47
90229,Unown [Q],059/105,Uncommon,Psychic,40,Basic,1,P,,Neo Destiny,2002-02-28,1st Edition,12.96
90229,Unown [Q],059/105,Uncommon,Psychic,40,Basic,1,P,,Neo Destiny,2002-02-28,Unlimited,7.15
90232,Unown [S],087/105,Common,Psychic,40,Basic,1,P,,Neo Destiny,2002-02-28,1st Edition,11.35
90232,Unown [S],087/105,Common,Psychic,40,Basic,1,P,,Neo Destiny,2002-02-28,Unlimited,1.83
90234,Unown [T],088/105,Common,Psychic,40,Basic,1,P,,Neo Destiny,2002-02-28,1st Edition,3.57
90234,Unown [T],088/105,Common,Psychic,40,Basic,1,P,,Neo Destiny,2002-02-28,Unlimited,1.12
90238,Unown [V],089/105,Common,Psychic,40,Basic,1,P,,Neo Destiny,2002-02-28,1st Edition,4.75
90238,Unown [V],089/105,Common,Psychic,40,Basic,1,P,,Neo Destiny,2002-02-28,Unlimited,1.44
90240,Unown [W],029/105,Rare,Psychic,40,Basic,1,P,,Neo Destiny,2002-02-28,1st Edition,37.6
90240,Unown [W],029/105,Rare,Psychic,40,Basic,1,P,,Neo Destiny,2002-02-28,Unlimited,14.9
90242,Unown [X],030/105,Rare,Psychic,40,Basic,1,P,,Neo Destiny,2002-02-28,1st Edition,31.02
90242,Unown [X],030/105,Rare,Psychic,40,Basic,1,P,,Neo Destiny,2002-02-28,Unlimited,20.36
90246,Unown [Z],060/105,Uncommon,Psychic,40,Basic,1,P,,Neo Destiny,2002-02-28,1st Edition,14.46
90246,Unown [Z],060/105,Uncommon,Psychic,40,Basic,1,P,,Neo Destiny,2002-02-28,Unlimited,7.69
90305,Venonat,090/105,Common,Grass,40,Basic,1,R,,Neo Destiny,2002-02-28,1st Edition,2.94
90305,Venonat,090/105,Common,Grass,40,Basic,1,R,,Neo Destiny,2002-02-28,Unlimited,1.1
90433,Vulpix,091/105,Common,Fire,50,Basic,1,W,,Neo Destiny,2002-02-28,1st Edition,18.37
90433,Vulpix,091/105,Common,Fire,50,Basic,1,W,,Neo Destiny,2002-02-28,Unlimited,4.62
623428,Caterpie,001/159,Common,Grass,50,Basic,1,Rx2,,SV09: Journey Together,2025-03-28,Reverse Holofoil,0.2
623428,Caterpie,001/159,Common,Grass,50,Basic,1,Rx2,,SV09: Journey Together,2025-03-28,Normal,0.18
623429,Metapod,002/159,Common,Grass,90,Stage 1,3,Rx2,,SV09: Journey Together,2025-03-28,Reverse Holofoil,0.26
623429,Metapod,002/159,Common,Grass,90,Stage 1,3,Rx2,,SV09: Journey Together,2025-03-28,Normal,0.18
623430,Butterfree,003/159,Rare,Grass,120,Stage 2,1,Rx2,,SV09: Journey Together,2025-03-28,Holofoil,0.21
623430,Butterfree,003/159,Rare,Grass,120,Stage 2,1,Rx2,,SV09: Journey Together,2025-03-28,Reverse Holofoil,0.61
623431,Paras,004/159,Common,Grass,70,Basic,2,Rx2,,SV09: Journey Together,2025-03-28,Reverse Holofoil,0.22
623431,Paras,004/159,Common,Grass,70,Basic,2,Rx2,,SV09: Journey Together,2025-03-28,Normal,0.14
623432,Parasect,005/159,Common,Grass,120,Stage 1,2,Rx2,,SV09: Journey Together,2025-03-28,Normal,0.08
623432,Parasect,005/159,Common,Grass,120,Stage 1,2,Rx2,,SV09: Journey Together,2025-03-28,Reverse Holofoil,0.22
623433,Petilil,006/159,Common,Grass,50,Basic,1,Rx2,,SV09: Journey Together,2025-03-28,Reverse Holofoil,0.22
623433,Petilil,006/159,Common,Grass,50,Basic,1,Rx2,,SV09: Journey Together,2025-03-28,Normal,0.07
623434,Lilligant,007/159,Common,Grass,110,Stage 1,2,Rx2,,SV09: Journey Together,2025-03-28,Normal,0.15
623434,Lilligant,007/159,Common,Grass,110,Stage 1,2,Rx2,,SV09: Journey Together,2025-03-28,Reverse Holofoil,0.22
623435,Maractus - 008/159,008/159,Uncommon,Grass,110,Basic,2,Rx2,,SV09: Journey Together,2025-03-28,Normal,0.09
623435,Maractus - 008/159,008/159,Uncommon,Grass,110,Basic,2,Rx2,,SV09: Journey Together,2025-03-28,Reverse Holofoil,0.21
623436,Karrablast,009/159,Common,Grass,60,Basic,1,Rx2,,SV09: Journey Together,2025-03-28,Normal,0.1
623436,Karrablast,009/159,Common,Grass,60,Basic,1,Rx2,,SV09: Journey Together,2025-03-28,Reverse Holofoil,0.27
623437,Foongus,010/159,Common,Grass,50,Basic,1,Rx2,,SV09: Journey Together,2025-03-28,Reverse Holofoil,0.2
623437,Foongus,010/159,Common,Grass,50,Basic,1,Rx2,,SV09: Journey Together,2025-03-28,Normal,0.08
623438,Amoonguss ex,011/159,Double Rare,Grass,260,Stage 1,2,Rx2,,SV09: Journey Together,2025-03-28,Holofoil,0.67
623439,Shelmet,012/159,Common,Grass,70,Basic,3,Rx2,,SV09: Journey Together,2025-03-28,Reverse Holofoil,0.24
623439,Shelmet,012/159,Common,Grass,70,Basic,3,Rx2,,SV09: Journey Together,2025-03-28,Normal,0.06
623440,Accelgor,013/159,Uncommon,Grass,100,Stage 1,1,Rx2,,SV09: Journey Together,2025-03-28,Normal,0.03
623440,Accelgor,013/159,Uncommon,Grass,100,Stage 1,1,Rx2,,SV09: Journey Together,2025-03-28,Reverse Holofoil,0.18
623441,Durant,014/159,Common,Grass,90,Basic,1,Rx2,,SV09: Journey Together,2025-03-28,Normal,0.13
623441,Durant,014/159,Common,Grass,90,Basic,1,Rx2,,SV09: Journey Together,2025-03-28,Reverse Holofoil,0.2
623442,Virizion,015/159,Uncommon,Grass,120,Basic,1,Rx2,,SV09: Journey Together,2025-03-28,Reverse Holofoil,0.35
623442,Virizion,015/159,Uncommon,Grass,120,Basic,1,Rx2,,SV09: Journey Together,2025-03-28,Normal,0.06
623443,Sprigatito,016/159,Common,Grass,60,Basic,1,Rx2,,SV09: Journey Together,2025-03-28,Normal,0.14
623443,Sprigatito,016/159,Common,Grass,60,Basic,1,Rx2,,SV09: Journey Together,2025-03-28,Reverse Holofoil,0.32
623444,Floragato,017/159,Common,Grass,90,Stage 1,1,Rx2,,SV09: Journey Together,2025-03-28,Reverse Holofoil,0.22
623444,Floragato,017/159,Common,Grass,90,Stage 1,1,Rx2,,SV09: Journey Together,2025-03-28,Normal,0.19
623445,Meowscarada,018/159,Rare,Grass,160,Stage 2,1,Rx2,,SV09: Journey Together,2025-03-28,Holofoil,0.22
623445,Meowscarada,018/159,Rare,Grass,160,Stage 2,1,Rx2,,SV09: Journey Together,2025-03-28,Reverse Holofoil,0.44
623446,Nymble,019/159,Common,Grass,50,Basic,1,Rx2,,SV09: Journey Together,2025-03-28,Reverse Holofoil,0.18
623446,Nymble,019/159,Common,Grass,50,Basic,1,Rx2,,SV09: Journey Together,2025-03-28,Normal,0.08
623447,Magmar,020/159,Common,Fire,80,Basic,2,Wx2,,SV09: Journey Together,2025-03-28,Reverse Holofoil,0.24
623447,Magmar,020/159,Common,Fire,80,Basic,2,Wx2,,SV09: Journey Together,2025-03-28,Normal,0.04
623448,Magmortar,021/159,Rare,Fire,130,Stage 1,2,Wx2,,SV09: Journey Together,2025-03-28,Reverse Holofoil,0.48
623448,Magmortar,021/159,Rare,Fire,130,Stage 1,2,Wx2,,SV09: Journey Together,2025-03-28,Holofoil,0.2
623449,Torchic,022/159,Common,Fire,60,Basic,1,Wx2,,SV09: Journey Together,2025-03-28,Reverse Holofoil,0.26
623449,Torchic,022/159,Common,Fire,60,Basic,1,Wx2,,SV09: Journey Together,2025-03-28,Normal,0.15
623450,Combusken,023/159,Uncommon,Fire,90,Stage 1,2,Wx2,,SV09: Journey Together,2025-03-28,Reverse Holofoil,0.19
623450,Combusken,023/159,Uncommon,Fire,90,Stage 1,2,Wx2,,SV09: Journey Together,2025-03-28,Normal,0.18
623451,Blaziken ex,024/159,Double Rare,Fire,320,Stage 2,2,Wx2,,SV09: Journey Together,2025-03-28,Holofoil,1.66
623452,Torkoal,025/159,Common,Fire,130,Basic,3,Wx2,,SV09: Journey Together,2025-03-28,Reverse Holofoil,0.22
623452,Torkoal,025/159,Common,Fire,130,Basic,3,Wx2,,SV09: Journey Together,2025-03-28,Normal,0.16
623453,N's Darumaka,026/159,Common,Fire,80,Basic,2,Wx2,,SV09: Journey Together,2025-03-28,Normal,0.17
623453,N's Darumaka,026/159,Common,Fire,80,Basic,2,Wx2,,SV09: Journey Together,2025-03-28,Reverse Holofoil,0.28
623454,N's Darmanitan - 027/159,027/159,Uncommon,Fire,140,Stage 1,3,Wx2,,SV09: Journey Together,2025-03-28,Normal,0.18
623454,N's Darmanitan - 027/159,027/159,Uncommon,Fire,140,Stage 1,3,Wx2,,SV09: Journey Together,2025-03-28,Reverse Holofoil,0.33
623455,Larvesta,028/159,Common,Fire,80,Basic,2,Wx2,,SV09: Journey Together,2025-03-28,Reverse Holofoil,0.19
623455,Larvesta,028/159,Common,Fire,80,Basic,2,Wx2,,SV09: Journey Together,2025-03-28,Normal,0.04
623456,Volcarona,029/159,Uncommon,Fire,140,Stage 1,2,Wx2,,SV09: Journey Together,2025-03-28,Reverse Holofoil,0.23
623456,Volcarona,029/159,Uncommon,Fire,140,Stage 1,2,Wx2,,SV09: Journey Together,2025-03-28,Normal,0.06
623457,Reshiram ex,030/159,Double Rare,Fire,220,Basic,2,Wx2,,SV09: Journey Together,2025-03-28,Holofoil,0.82
623458,Volcanion ex - 031/159,031/159,Double Rare,Fire,220,Basic,3,Wx2,,SV09: Journey Together,2025-03-28,Holofoil,0.71
623459,Articuno - 032/159,032/159,Uncommon,Water,110,Basic,1,Lx2,F-30,SV09: Journey Together,2025-03-28,Reverse Holofoil,0.38
623459,Articuno - 032/159,032/159,Uncommon,Water,110,Basic,1,Lx2,F-30,SV09: Journey Together,2025-03-28,Normal,0.11
623460,Remoraid,033/159,Common,Water,60,Basic,1,Lx2,,SV09: Journey Together,2025-03-28,Reverse Holofoil,0.25
623460,Remoraid,033/159,Common,Water,60,Basic,1,Lx2,,SV09: Journey Together,2025-03-28,Normal,0.12
623461,Octillery,034/159,Uncommon,Water,1,Stage 1,2,Lx2,,SV09: Journey Together,2025-03-28,Normal,0.05
623461,Octillery,034/159,Uncommon,Water,1,Stage 1,2,Lx2,,SV09: Journey Together,2025-03-28,Reverse Holofoil,0.36
623462,Lotad,035/159,Common,Water,60,Basic,1,Lx2,,SV09: Journey Together,2025-03-28,Reverse Holofoil,0.2
623462,Lotad,035/159,Common,Water,60,Basic,1,Lx2,,SV09: Journey Together,2025-03-28,Normal,0.14
623463,Lombre,036/159,Common,Water,90,Stage 1,1,Lx2,,SV09: Journey Together,2025-03-28,Normal,0.15
623463,Lombre,036/159,Common,Water,90,Stage 1,1,Lx2,,SV09: Journey Together,2025-03-28,Reverse Holofoil,0.2
623464,Ludicolo,037/159,Rare,Water,140,Stage 2,2,Lx2,,SV09: Journey Together,2025-03-28,Reverse Holofoil,0.35
623464,Ludicolo,037/159,Rare,Water,140,Stage 2,2,Lx2,,SV09: Journey Together,2025-03-28,Holofoil,0.23
623465,Wingull,038/159,Common,Water,60,Basic,1,Lx2,F-30,SV09: Journey Together,2025-03-28,Normal,0.11
623465,Wingull,038/159,Common,Water,60,Basic,1,Lx2,F-30,SV09: Journey Together,2025-03-28,Reverse Holofoil,0.19
623466,Pelipper,039/159,Uncommon,Water,120,Stage 1,2,Lx2,F-30,SV09: Journey Together,2025-03-28,Reverse Holofoil,0.22
623466,Pelipper,039/159,Uncommon,Water,120,Stage 1,2,Lx2,F-30,SV09: Journey Together,2025-03-28,Normal,0.05
623467,Wailmer,040/159,Common,Water,130,Basic,3,Lx2,,SV09: Journey Together,2025-03-28,Reverse Holofoil,0.21
623467,Wailmer,040/159,Common,Water,130,Basic,3,Lx2,,SV09: Journey Together,2025-03-28,Normal,0.1
623468,Wailord - 041/159,041/159,Rare,Water,240,Stage 1,4,Lx2,,SV09: Journey Together,2025-03-28,Holofoil,0.19
623468,Wailord - 041/159,041/159,Rare,Water,240,Stage 1,4,Lx2,,SV09: Journey Together,2025-03-28,Reverse Holofoil,0.38
623469,Regice,042/159,Uncommon,Water,1210,Basic,3,Mx2,,SV09: Journey Together,2025-03-28,Reverse Holofoil,0.4
623469,Regice,042/159,Uncommon,Water,1210,Basic,3,Mx2,,SV09: Journey Together,2025-03-28,Normal,0.07
623470,Veluza ex,043/159,Double Rare,Water,210,Basic,1,Lx2,,SV09: Journey Together,2025-03-28,Holofoil,0.75
623471,Alolan Geodude,044/159,Common,Lightning,60,Basic,2,Fx2,,SV09: Journey Together,2025-03-28,Reverse Holofoil,0.16
623471,Alolan Geodude,044/159,Common,Lightning,60,Basic,2,Fx2,,SV09: Journey Together,2025-03-28,Normal,0.06
623472,Alolan Graveler,045/159,Common,Lightning,100,Stage 1,3,Fx2,,SV09: Journey Together,2025-03-28,Normal,0.11
623472,Alolan Graveler,045/159,Common,Lightning,100,Stage 1,3,Fx2,,SV09: Journey Together,2025-03-28,Reverse Holofoil,0.18
623473,Alolan Golem,046/159,Uncommon,Lightning,180,Stage 2,4,Fx2,,SV09: Journey Together,2025-03-28,Normal,0.06
623473,Alolan Golem,046/159,Uncommon,Lightning,180,Stage 2,4,Fx2,,SV09: Journey Together,2025-03-28,Reverse Holofoil,0.35
623474,Iono's Voltorb,047/159,Common,Lightning,70,Basic,1,Fx2,,SV09: Journey Together,2025-03-28,Reverse Holofoil,0.24
623474,Iono's Voltorb,047/159,Common,Lightning,70,Basic,1,Fx2,,SV09: Journey Together,2025-03-28,Normal,0.18
623475,Iono's Electrode,048/159,Uncommon,Lightning,100,Stage 1,,Fx2,,SV09: Journey Together,2025-03-28,Reverse Holofoil,0.39
623475,Iono's Electrode,048/159,Uncommon,Lightning,100,Stage 1,,Fx2,,SV09: Journey Together,2025-03-28,Normal,0.09
623476,N's Joltik,049/159,Common,Lightning,40,Basic,1,Fx2,,SV09: Journey Together,2025-03-28,Normal,0.12
623476,N's Joltik,049/159,Common,Lightning,40,Basic,1,Fx2,,SV09: Journey Together,2025-03-28,Reverse Holofoil,0.21
623477,Togedemaru,050/159,Common,Lightning,80,Basic,1,Fx2,,SV09: Journey Together,2025-03-28,Reverse Holofoil,0.2
623477,Togedemaru,050/159,Common,Lightning,80,Basic,1,Fx2,,SV09: Journey Together,2025-03-28,Normal,0.13
623478,Tapu Koko ex,051/159,Double Rare,Lightning,200,Basic,,Fx2,,SV09: Journey Together,2025-03-28,Holofoil,0.74
623479,Iono's Tadbulb,052/159,Common,Lightning,60,Basic,2,Fx2,,SV09: Journey Together,2025-03-28,Reverse Holofoil,0.21
623479,Iono's Tadbulb,052/159,Common,Lightning,60,Basic,2,Fx2,,SV09: Journey Together,2025-03-28,Normal,0.22
623480,Iono's Bellibolt ex - 053/159,053/159,Double Rare,Lightning,280,Stage 1,2,Fx2,,SV09: Journey Together,2025-03-28,Holofoil,0.71
623481,Iono's Wattrel,054/159,Common,Lightning,60,Basic,1,Lx2,F-30,SV09: Journey Together,2025-03-28,Normal,0.19
623481,Iono's Wattrel,054/159,Common,Lightning,60,Basic,1,Lx2,F-30,SV09: Journey Together,2025-03-28,Reverse Holofoil,0.26
623482,Iono's Kilowattrel - 055/159,055/159,Rare,Lightning,120,Stage 1,1,Lx2,F-30,SV09: Journey Together,2025-03-28,Holofoil,0.16
623482,Iono's Kilowattrel - 055/159,055/159,Rare,Lightning,120,Stage 1,1,Lx2,F-30,SV09: Journey Together,2025-03-28,Reverse Holofoil,0.36
623483,Lillie's Clefairy ex - 056/159,056/159,Double Rare,Psychic,190,Basic,1,Mx2,,SV09: Journey Together,2025-03-28,Holofoil,2.15
623484,Alolan Marowak,057/159,Uncommon,Psychic,120,Stage 1,2,Dx2,F-30,SV09: Journey Together,2025-03-28,Normal,0.07
623484,Alolan Marowak,057/159,Uncommon,Psychic,120,Stage 1,2,Dx2,F-30,SV09: Journey Together,2025-03-28,Reverse Holofoil,0.17
623485,Mr. Mime,058/159,Common,Psychic,90,Basic,1,Dx2,F-30,SV09: Journey Together,2025-03-28,Normal,0.08
623485,Mr. Mime,058/159,Common,Psychic,90,Basic,1,Dx2,F-30,SV09: Journey Together,2025-03-28,Reverse Holofoil,0.21
623486,Shuppet,059/159,Common,Psychic,60,Basic,1,Dx2,F-30,SV09: Journey Together,2025-03-28,Normal,0.15
623486,Shuppet,059/159,Common,Psychic,60,Basic,1,Dx2,F-30,SV09: Journey Together,2025-03-28,Reverse Holofoil,0.2
623487,Banette,060/159,Uncommon,Psychic,90,Stage 1,1,Dx2,F-30,SV09: Journey Together,2025-03-28,Reverse Holofoil,0.37
623487,Banette,060/159,Uncommon,Psychic,90,Stage 1,1,Dx2,F-30,SV09: Journey Together,2025-03-28,Normal,0.1
623488,Beldum,061/159,Common,Psychic,60,Basic,1,Dx2,F-30,SV09: Journey Together,2025-03-28,Normal,0.02
623488,Beldum,061/159,Common,Psychic,60,Basic,1,Dx2,F-30,SV09: Journey Together,2025-03-28,Reverse Holofoil,0.17
623489,Metang,062/159,Common,Psychic,100,Stage 1,2,Dx2,F-30,SV09: Journey Together,2025-03-28,Normal,0.15
623489,Metang,062/159,Common,Psychic,100,Stage 1,2,Dx2,F-30,SV09: Journey Together,2025-03-28,Reverse Holofoil,0.18
623490,Metagross,063/159,Rare,Psychic,170,Stage 2,3,Dx2,F-30,SV09: Journey Together,2025-03-28,Holofoil,0.16
623490,Metagross,063/159,Rare,Psychic,170,Stage 2,3,Dx2,F-30,SV09: Journey Together,2025-03-28,Reverse Holofoil,0.43
623491,N's Sigilyph,064/159,Common,Psychic,110,Basic,1,Lx2,F-30,SV09: Journey Together,2025-03-28,Reverse Holofoil,0.16
623491,N's Sigilyph,064/159,Common,Psychic,110,Basic,1,Lx2,F-30,SV09: Journey Together,2025-03-28,Normal,0.17
623492,Oricorio,065/159,Common,Psychic,80,Basic,1,Dx2,F-30,SV09: Journey Together,2025-03-28,Normal,0.08
623492,Oricorio,065/159,Common,Psychic,80,Basic,1,Dx2,F-30,SV09: Journey Together,2025-03-28,Reverse Holofoil,0.21
623493,Lillie's Cutiefly,066/159,Common,Psychic,30,Basic,,Mx2,,SV09: Journey Together,2025-03-28,Normal,0.06
623493,Lillie's Cutiefly,066/159,Common,Psychic,30,Basic,,Mx2,,SV09: Journey Together,2025-03-28,Reverse Holofoil,0.21
623494,Lillie's Ribombee - 067/159,067/159,Rare,Psychic,70,Stage 1,,Mx2,,SV09: Journey Together,2025-03-28,Holofoil,0.19
623494,Lillie's Ribombee - 067/159,067/159,Rare,Psychic,70,Stage 1,,Mx2,,SV09: Journey Together,2025-03-28,Reverse Holofoil,0.63
623495,Lillie's Comfey,068/159,Common,Psychic,70,Basic,1,Mx2,,SV09: Journey Together,2025-03-28,Reverse Holofoil,0.25
623495,Lillie's Comfey,068/159,Common,Psychic,70,Basic,1,Mx2,,SV09: Journey Together,2025-03-28,Normal,0.18
623496,Mimikyu ex,069/159,Double Rare,Psychic,190,Basic,1,Dx2,F-30,SV09: Journey Together,2025-03-28,Holofoil,1.68
623497,Dhelmise,070/159,Common,Psychic,130,Basic,3,Dx2,F-30,SV09: Journey Together,2025-03-28,Reverse Holofoil,0.21
623497,Dhelmise,070/159,Common,Psychic,130,Basic,3,Dx2,F-30,SV09: Journey Together,2025-03-28,Normal,0.16
623498,Impidimp,071/159,Common,Psychic,70,Basic,1,Mx2,,SV09: Journey Together,2025-03-28,Reverse Holofoil,0.2
623498,Impidimp,071/159,Common,Psychic,70,Basic,1,Mx2,,SV09: Journey Together,2025-03-28,Normal,0.03
623499,Morgrem,072/159,Common,Psychic,90,Stage 1,1,Mx2,,SV09: Journey Together,2025-03-28,Normal,0.08
623499,Morgrem,072/159,Common,Psychic,90,Stage 1,1,Mx2,,SV09: Journey Together,2025-03-28,Reverse Holofoil,0.19
623500,Grimmsnarl,073/159,Uncommon,Psychic,170,Stage 2,2,Mx2,,SV09: Journey Together,2025-03-28,Normal,0.11
623500,Grimmsnarl,073/159,Uncommon,Psychic,170,Stage 2,2,Mx2,,SV09: Journey Together,2025-03-28,Reverse Holofoil,0.32
623501,Milcery,074/159,Common,Psychic,50,Basic,1,Mx2,,SV09: Journey Together,2025-03-28,Normal,0.08
623501,Milcery,074/159,Common,Psychic,50,Basic,1,Mx2,,SV09: Journey Together,2025-03-28,Reverse Holofoil,0.21
623502,Alcremie ex,075/159,Double Rare,Psychic,250,Stage 1,2,Mx2,,SV09: Journey Together,2025-03-28,Holofoil,0.95
623503,Cubone,076/159,Common,Fighting,70,Basic,1,Gx2,,SV09: Journey Together,2025-03-28,Normal,0.19
623503,Cubone,076/159,Common,Fighting,70,Basic,1,Gx2,,SV09: Journey Together,2025-03-28,Reverse Holofoil,0.24
623504,Swinub - 077/159,077/159,Common,Fighting,70,Basic,2,Gx2,,SV09: Journey Together,2025-03-28,Normal,0.04
623504,Swinub - 077/159,077/159,Common,Fighting,70,Basic,2,Gx2,,SV09: Journey Together,2025-03-28,Reverse Holofoil,0.24
623505,Piloswine,078/159,Common,Fighting,100,Stage 1,3,Gx2,,SV09: Journey Together,2025-03-28,Reverse Holofoil,0.23
623505,Piloswine,078/159,Common,Fighting,100,Stage 1,3,Gx2,,SV09: Journey Together,2025-03-28,Normal,0.12
623506,Mamoswine ex - 079/159,079/159,Double Rare,Fighting,340,Stage 2,4,Gx2,,SV09: Journey Together,2025-03-28,Holofoil,0.76
623507,Larvitar,080/159,Common,Fighting,70,Basic,1,Gx2,,SV09: Journey Together,2025-03-28,Reverse Holofoil,0.23
623507,Larvitar,080/159,Common,Fighting,70,Basic,1,Gx2,,SV09: Journey Together,2025-03-28,Normal,0.09
623508,Pupitar,081/159,Common,Fighting,90,Stage 1,1,Gx2,,SV09: Journey Together,2025-03-28,Normal,0.17
623508,Pupitar,081/159,Common,Fighting,90,Stage 1,1,Gx2,,SV09: Journey Together,2025-03-28,Reverse Holofoil,0.19
623509,Regirock,082/159,Rare,Fighting,130,Basic,3,Gx2,,SV09: Journey Together,2025-03-28,Reverse Holofoil,0.39
623509,Regirock,082/159,Rare,Fighting,130,Basic,3,Gx2,,SV09: Journey Together,2025-03-28,Holofoil,0.18
623510,Pancham,083/159,Common,Fighting,60,Basic,1,Px2,,SV09: Journey Together,2025-03-28,Reverse Holofoil,0.23
623510,Pancham,083/159,Common,Fighting,60,Basic,1,Px2,,SV09: Journey Together,2025-03-28,Normal,0.15
623511,Rockruff,084/159,Common,Fighting,70,Basic,1,Gx2,,SV09: Journey Together,2025-03-28,Reverse Holofoil,0.22
623511,Rockruff,084/159,Common,Fighting,70,Basic,1,Gx2,,SV09: Journey Together,2025-03-28,Normal,0.04
623512,Lycanroc - 085/159,085/159,Rare,Fighting,120,Stage 1,2,Gx2,,SV09: Journey Together,2025-03-28,Holofoil,0.19
623512,Lycanroc - 085/159,085/159,Rare,Fighting,120,Stage 1,2,Gx2,,SV09: Journey Together,2025-03-28,Reverse Holofoil,0.31
623513,Hop's Silicobra,086/159,Common,Fighting,80,Basic,2,Gx2,,SV09: Journey Together,2025-03-28,Reverse Holofoil,0.18
623513,Hop's Silicobra,086/159,Common,Fighting,80,Basic,2,Gx2,,SV09: Journey Together,2025-03-28,Normal,0.13
623514,Hop's Sandaconda,087/159,Uncommon,Fighting,140,Stage 1,3,Gx2,,SV09: Journey Together,2025-03-28,Normal,0.05
623514,Hop's Sandaconda,087/159,Uncommon,Fighting,140,Stage 1,3,Gx2,,SV09: Journey Together,2025-03-28,Reverse Holofoil,0.33
623515,Toedscool,088/159,Common,Fighting,60,Basic,1,Gx2,,SV09: Journey Together,2025-03-28,Reverse Holofoil,0.2
623515,Toedscool,088/159,Common,Fighting,60,Basic,1,Gx2,,SV09: Journey Together,2025-03-28,Normal,0.12
623516,Toedscruel,089/159,Uncommon,Fighting,130,Stage 1,2,Gx2,,SV09: Journey Together,2025-03-28,Reverse Holofoil,0.31
623516,Toedscruel,089/159,Uncommon,Fighting,130,Stage 1,2,Gx2,,SV09: Journey Together,2025-03-28,Normal,0.08
623517,Klawf,090/159,Uncommon,Fighting,120,Basic,3,Gx2,,SV09: Journey Together,2025-03-28,Normal,0.05
623517,Klawf,090/159,Uncommon,Fighting,120,Basic,3,Gx2,,SV09: Journey Together,2025-03-28,Reverse Holofoil,0.18
623518,Koffing,091/159,Common,Darkness,60,Basic,1,Fx2,,SV09: Journey Together,2025-03-28,Normal,0.15
623518,Koffing,091/159,Common,Darkness,60,Basic,1,Fx2,,SV09: Journey Together,2025-03-28,Reverse Holofoil,0.27
623519,Weezing,092/159,Uncommon,Darkness,130,Stage 1,2,Fx2,,SV09: Journey Together,2025-03-28,Normal,0.08
623519,Weezing,092/159,Uncommon,Darkness,130,Stage 1,2,Fx2,,SV09: Journey Together,2025-03-28,Reverse Holofoil,0.37
623520,Paldean Wooper,093/159,Common,Darkness,60,Basic,1,Fx2,,SV09: Journey Together,2025-03-28,Normal,0.17
623520,Paldean Wooper,093/159,Common,Darkness,60,Basic,1,Fx2,,SV09: Journey Together,2025-03-28,Reverse Holofoil,0.26
623521,Paldean Clodsire ex,094/159,Double Rare,Darkness,280,Stage 1,3,Fx2,,SV09: Journey Together,2025-03-28,Holofoil,0.73
623522,Tyranitar,095/159,Rare,Darkness,190,Stage 2,3,Gx2,,SV09: Journey Together,2025-03-28,Holofoil,0.25
623522,Tyranitar,095/159,Rare,Darkness,190,Stage 2,3,Gx2,,SV09: Journey Together,2025-03-28,Reverse Holofoil,0.49
623523,N's Purrloin,096/159,Common,Darkness,70,Basic,1,Gx2,,SV09: Journey Together,2025-03-28,Reverse Holofoil,0.24
623523,N's Purrloin,096/159,Common,Darkness,70,Basic,1,Gx2,,SV09: Journey Together,2025-03-28,Normal,0.14
623524,N's Zorua,097/159,Common,Darkness,70,Basic,1,Gx2,,SV09: Journey Together,2025-03-28,Normal,0.23
623524,N's Zorua,097/159,Common,Darkness,70,Basic,1,Gx2,,SV09: Journey Together,2025-03-28,Reverse Holofoil,0.3
623525,N's Zoroark ex - 098/159,098/159,Double Rare,Darkness,280,Stage 1,2,Gx2,,SV09: Journey Together,2025-03-28,Holofoil,1.68
623526,Pangoro,099/159,Uncommon,Darkness,140,Stage 1,3,Gx2,,SV09: Journey Together,2025-03-28,Normal,0.02
623526,Pangoro,099/159,Uncommon,Darkness,140,Stage 1,3,Gx2,,SV09: Journey Together,2025-03-28,Reverse Holofoil,0.21
623527,Lokix,100/159,Uncommon,Darkness,120,Stage 1,1,Gx2,,SV09: Journey Together,2025-03-28,Normal,0.04
623527,Lokix,100/159,Uncommon,Darkness,120,Stage 1,1,Gx2,,SV09: Journey Together,2025-03-28,Reverse Holofoil,0.39
623528,Bombirdier,101/159,Common,Darkness,120,Basic,1,Lx2,F-30,SV09: Journey Together,2025-03-28,Reverse Holofoil,0.19
623528,Bombirdier,101/159,Common,Darkness,120,Basic,1,Lx2,F-30,SV09: Journey Together,2025-03-28,Normal,0.09
623529,Escavalier,102/159,Uncommon,Metal,120,Stage 1,2,Rx2,G-30,SV09: Journey Together,2025-03-28,Normal,0.07
623529,Escavalier,102/159,Uncommon,Metal,120,Stage 1,2,Rx2,G-30,SV09: Journey Together,2025-03-28,Reverse Holofoil,0.21
623530,N's Klink,103/159,Common,Metal,60,Basic,1,Rx2,G-30,SV09: Journey Together,2025-03-28,Normal,0.1
623530,N's Klink,103/159,Common,Metal,60,Basic,1,Rx2,G-30,SV09: Journey Together,2025-03-28,Reverse Holofoil,0.15
623531,N's Klang,104/159,Common,Metal,90,Stage 1,3,Rx2,G-30,SV09: Journey Together,2025-03-28,Normal,0.11
623531,N's Klang,104/159,Common,Metal,90,Stage 1,3,Rx2,G-30,SV09: Journey Together,2025-03-28,Reverse Holofoil,0.2
623532,N's Klinklang,105/159,Uncommon,Metal,160,Stage 2,3,Rx2,G-30,SV09: Journey Together,2025-03-28,Reverse Holofoil,0.32
623532,N's Klinklang,105/159,Uncommon,Metal,160,Stage 2,3,Rx2,G-30,SV09: Journey Together,2025-03-28,Normal,0.06
623533,Galarian Stunfisk,106/159,Common,Metal,100,Basic,2,Rx2,G-30,SV09: Journey Together,2025-03-28,Normal,0.12
623533,Galarian Stunfisk,106/159,Common,Metal,100,Basic,2,Rx2,G-30,SV09: Journey Together,2025-03-28,Reverse Holofoil,0.19
623534,Magearna,107/159,Rare,Metal,90,Basic,1,Rx2,G-30,SV09: Journey Together,2025-03-28,Holofoil,0.18
623534,Magearna,107/159,Rare,Metal,90,Basic,1,Rx2,G-30,SV09: Journey Together,2025-03-28,Reverse Holofoil,0.33
623535,Hop's Corviknight,108/159,Uncommon,Metal,170,Stage 2,2,Lx2,F-30,SV09: Journey Together,2025-03-28,Reverse Holofoil,0.35
623535,Hop's Corviknight,108/159,Uncommon,Metal,170,Stage 2,2,Lx2,F-30,SV09: Journey Together,2025-03-28,Normal,0.09
623536,Cufant,109/159,Common,Metal,100,Basic,3,Rx2,G-30,SV09: Journey Together,2025-03-28,Normal,0.07
623536,Cufant,109/159,Common,Metal,100,Basic,3,Rx2,G-30,SV09: Journey Together,2025-03-28,Reverse Holofoil,0.23
623537,Copperajah,110/159,Uncommon,Metal,190,Stage 1,4,Rx2,G-30,SV09: Journey Together,2025-03-28,Reverse Holofoil,0.36
623537,Copperajah,110/159,Uncommon,Metal,190,Stage 1,4,Rx2,G-30,SV09: Journey Together,2025-03-28,Normal,0.07
623538,Hop's Zacian ex - 111/159,111/159,Double Rare,Metal,230,Basic,2,Rx2,G-30,SV09: Journey Together,2025-03-28,Holofoil,0.78
623539,Bagon,112/159,Common,Dragon,70,Basic,2,,,SV09: Journey Together,2025-03-28,Reverse Holofoil,0.21
623539,Bagon,112/159,Common,Dragon,70,Basic,2,,,SV09: Journey Together,2025-03-28,Normal,0.05
623540,Shelgon,113/159,Common,Dragon,100,Stage 1,2,,,SV09: Journey Together,2025-03-28,Reverse Holofoil,0.21
623540,Shelgon,113/159,Common,Dragon,100,Stage 1,2,,,SV09: Journey Together,2025-03-28,Normal,0.19
623541,Salamence ex - 114/159,114/159,Double Rare,Dragon,320,Stage 2,2,,,SV09: Journey Together,2025-03-28,Holofoil,0.82
623542,Druddigon,115/159,Common,Dragon,120,Basic,2,,,SV09: Journey Together,2025-03-28,Reverse Holofoil,0.21
623542,Druddigon,115/159,Common,Dragon,120,Basic,2,,,SV09: Journey Together,2025-03-28,Normal,0.14
623543,N's Reshiram - 116/159,116/159,Rare,Dragon,130,Basic,2,,,SV09: Journey Together,2025-03-28,Reverse Holofoil,0.44
623543,N's Reshiram - 116/159,116/159,Rare,Dragon,130,Basic,2,,,SV09: Journey Together,2025-03-28,Holofoil,0.2
623544,Hop's Snorlax,117/159,Rare,Colorless,150,Basic,4,Fx2,,SV09: Journey Together,2025-03-28,Reverse Holofoil,0.56
623544,Hop's Snorlax,117/159,Rare,Colorless,150,Basic,4,Fx2,,SV09: Journey Together,2025-03-28,Holofoil,0.41
623545,Sentret,118/159,Common,Colorless,60,Basic,1,Fx2,,SV09: Journey Together,2025-03-28,Reverse Holofoil,0.22
623545,Sentret,118/159,Common,Colorless,60,Basic,1,Fx2,,SV09: Journey Together,2025-03-28,Normal,0.11
623546,Furret - 119/159,119/159,Common,Colorless,120,Stage 1,1,Fx2,,SV09: Journey Together,2025-03-28,Reverse Holofoil,0.2
623546,Furret - 119/159,119/159,Common,Colorless,120,Stage 1,1,Fx2,,SV09: Journey Together,2025-03-28,Normal,0.16
623547,Dunsparce,120/159,Common,Colorless,70,Basic,1,Fx2,,SV09: Journey Together,2025-03-28,Normal,2.44
623547,Dunsparce,120/159,Common,Colorless,70,Basic,1,Fx2,,SV09: Journey Together,2025-03-28,Reverse Holofoil,2.75
623548,Dudunsparce ex - 121/159,121/159,Double Rare,Colorless,270,Stage 1,3,Fx2,,SV09: Journey Together,2025-03-28,Holofoil,0.85
623549,Kecleon,122/159,Common,Colorless,80,Basic,1,Fx2,,SV09: Journey Together,2025-03-28,Reverse Holofoil,0.28
623549,Kecleon,122/159,Common,Colorless,80,Basic,1,Fx2,,SV09: Journey Together,2025-03-28,Normal,0.14
623550,Tropius,123/159,Common,Colorless,110,Basic,1,Lx2,F-30,SV09: Journey Together,2025-03-28,Reverse Holofoil,0.17
623550,Tropius,123/159,Common,Colorless,110,Basic,1,Lx2,F-30,SV09: Journey Together,2025-03-28,Normal,0.06
623551,Audino,124/159,Common,Colorless,110,Basic,1,Fx2,,SV09: Journey Together,2025-03-28,Reverse Holofoil,0.24
623551,Audino,124/159,Common,Colorless,110,Basic,1,Fx2,,SV09: Journey Together,2025-03-28,Normal,0.1
623552,Minccino,125/159,Common,Colorless,70,Basic,1,Fx2,,SV09: Journey Together,2025-03-28,Normal,0.11
623552,Minccino,125/159,Common,Colorless,70,Basic,1,Fx2,,SV09: Journey Together,2025-03-28,Reverse Holofoil,0.22
623553,Cinccino,126/159,Uncommon,Colorless,100,Stage 1,1,Fx2,,SV09: Journey Together,2025-03-28,Normal,0.07
623553,Cinccino,126/159,Uncommon,Colorless,100,Stage 1,1,Fx2,,SV09: Journey Together,2025-03-28,Reverse Holofoil,0.4
623554,Noibat - 127/159,127/159,Common,Colorless,60,Basic,1,Lx2,F-30,SV09: Journey Together,2025-03-28,Reverse Holofoil,0.26
623554,Noibat - 127/159,127/159,Common,Colorless,60,Basic,1,Lx2,F-30,SV09: Journey Together,2025-03-28,Normal,0.09
623555,Noivern,128/159,Rare,Colorless,110,Stage 1,,Lx2,F-30,SV09: Journey Together,2025-03-28,Reverse Holofoil,0.48
623555,Noivern,128/159,Rare,Colorless,110,Stage 1,,Lx2,F-30,SV09: Journey Together,2025-03-28,Holofoil,0.18
623556,Komala,129/159,Common,Colorless,100,Basic,2,Fx2,,SV09: Journey Together,2025-03-28,Normal,0.14
623556,Komala,129/159,Common,Colorless,100,Basic,2,Fx2,,SV09: Journey Together,2025-03-28,Reverse Holofoil,0.24
623557,Drampa,130/159,Common,Colorless,120,Basic,2,Fx2,,SV09: Journey Together,2025-03-28,Reverse Holofoil,0.24
623557,Drampa,130/159,Common,Colorless,120,Basic,2,Fx2,,SV09: Journey Together,2025-03-28,Normal,0.07
623558,Skwovet,131/159,Common,Colorless,60,Basic,1,Fx2,,SV09: Journey Together,2025-03-28,Reverse Holofoil,0.21
623558,Skwovet,131/159,Common,Colorless,60,Basic,1,Fx2,,SV09: Journey Together,2025-03-28,Normal,0.08
623559,Greedent,132/159,Uncommon,Colorless,120,Stage 1,2,Fx2,,SV09: Journey Together,2025-03-28,Normal,0.06
623559,Greedent,132/159,Uncommon,Colorless,120,Stage 1,2,Fx2,,SV09: Journey Together,2025-03-28,Reverse Holofoil,0.26
623560,Hop's Rookidee,133/159,Common,Colorless,60,Basic,1,Lx2,F-30,SV09: Journey Together,2025-03-28,Reverse Holofoil,0.22
623560,Hop's Rookidee,133/159,Common,Colorless,60,Basic,1,Lx2,F-30,SV09: Journey Together,2025-03-28,Normal,0.14
623561,Hop's Corvisquire,134/159,Common,Colorless,90,Stage 1,1,Lx2,F-30,SV09: Journey Together,2025-03-28,Normal,0.2
623561,Hop's Corvisquire,134/159,Common,Colorless,90,Stage 1,1,Lx2,F-30,SV09: Journey Together,2025-03-28,Reverse Holofoil,0.17
623562,Hop's Wooloo - 135/159,135/159,Common,Colorless,70,Basic,1,Fx2,,SV09: Journey Together,2025-03-28,Normal,0.1
623562,Hop's Wooloo - 135/159,135/159,Common,Colorless,70,Basic,1,Fx2,,SV09: Journey Together,2025-03-28,Reverse Holofoil,0.21
623563,Hop's Dubwool,136/159,Rare,Colorless,120,Stage 1,2,Fx2,,SV09: Journey Together,2025-03-28,Holofoil,0.17
623563,Hop's Dubwool,136/159,Rare,Colorless,120,Stage 1,2,Fx2,,SV09: Journey Together,2025-03-28,Reverse Holofoil,0.4
623564,Cramorant,137/159,Common,Colorless,110,Basic,1,Lx2,F-30,SV09: Journey Together,2025-03-28,Normal,0.14
623564,Cramorant,137/159,Common,Colorless,110,Basic,1,Lx2,F-30,SV09: Journey Together,2025-03-28,Reverse Holofoil,0.21
623565,Hop's Cramorant,138/159,Uncommon,Colorless,110,Basic,1,Lx2,F-30,SV09: Journey Together,2025-03-28,Normal,0.08
623565,Hop's Cramorant,138/159,Uncommon,Colorless,110,Basic,1,Lx2,F-30,SV09: Journey Together,2025-03-28,Reverse Holofoil,0.16
623566,Lechonk,139/159,Common,Colorless,70,Basic,1,Fx2,,SV09: Journey Together,2025-03-28,Reverse Holofoil,0.19
623566,Lechonk,139/159,Common,Colorless,70,Basic,1,Fx2,,SV09: Journey Together,2025-03-28,Normal,0.03
623567,Oinkologne,140/159,Uncommon,Colorless,120,Stage 1,2,Fx2,,SV09: Journey Together,2025-03-28,Reverse Holofoil,0.32
623567,Oinkologne,140/159,Uncommon,Colorless,120,Stage 1,2,Fx2,,SV09: Journey Together,2025-03-28,Normal,0.14
623568,Squawkabilly,141/159,Common,Colorless,70,Basic,1,Lx2,F-30,SV09: Journey Together,2025-03-28,Normal,0.16
623568,Squawkabilly,141/159,Common,Colorless,70,Basic,1,Lx2,F-30,SV09: Journey Together,2025-03-28,Reverse Holofoil,0.23
623587,Maractus - 160/159,160/159,Illustration Rare,Grass,110,Basic,2,Rx2,,SV09: Journey Together,2025-03-28,Holofoil,2.16
623588,Articuno - 161/159,161/159,Illustration Rare,Water,110,Basic,1,Lx2,F-30,SV09: Journey Together,2025-03-28,Holofoil,20.54
623589,Wailord - 162/159,162/159,Illustration Rare,Water,240,Stage 1,4,Lx2,,SV09: Journey Together,2025-03-28,Holofoil,13.78
623590,Iono's Kilowattrel - 163/159,163/159,Illustration Rare,Lightning,120,Stage 1,1,Lx2,F-30,SV09: Journey Together,2025-03-28,Holofoil,4.72
623591,Lillie's Ribombee - 164/159,164/159,Illustration Rare,Psychic,70,Stage 1,,Mx2,,SV09: Journey Together,2025-03-28,Holofoil,5.5
623592,Swinub - 165/159,165/159,Illustration Rare,Fighting,70,Basic,2,Gx2,,SV09: Journey Together,2025-03-28,Holofoil,3.36
623593,Lycanroc - 166/159,166/159,Illustration Rare,Fighting,120,Stage 1,2,Gx2,,SV09: Journey Together,2025-03-28,Holofoil,3.06
623595,Furret - 168/159,168/159,Illustration Rare,Colorless,120,Stage 1,1,Fx2,,SV09: Journey Together,2025-03-28,Holofoil,8.63
623596,Noibat - 169/159,169/159,Illustration Rare,Colorless,60,Basic,1,Lx2,F-30,SV09: Journey Together,2025-03-28,Holofoil,5.34
623597,Hop's Wooloo - 170/159,170/159,Illustration Rare,Colorless,70,Basic,1,Fx2,,SV09: Journey Together,2025-03-28,Holofoil,4.56
623598,Volcanion ex - 171/159,171/159,Ultra Rare,Fire,220,Basic,3,Wx2,,SV09: Journey Together,2025-03-28,Holofoil,1.08
623599,Iono's Bellibolt ex - 172/159,172/159,Ultra Rare,Lightning,280,Stage 1,2,Fx2,,SV09: Journey Together,2025-03-28,Holofoil,1.99
623600,Lillie's Clefairy ex - 173/159,173/159,Ultra Rare,Psychic,190,Basic,1,Mx2,,SV09: Journey Together,2025-03-28,Holofoil,6.75
623601,Mamoswine ex - 174/159,174/159,Ultra Rare,Fighting,340,Stage 2,4,Gx2,,SV09: Journey Together,2025-03-28,Holofoil,0.97
623602,N's Zoroark ex - 175/159,175/159,Ultra Rare,Darkness,280,Stage 1,2,Gx2,,SV09: Journey Together,2025-03-28,Holofoil,4.19
623603,Hop's Zacian ex - 176/159,176/159,Ultra Rare,Metal,230,Basic,2,Rx2,G-30,SV09: Journey Together,2025-03-28,Holofoil,1.99
623604,Salamence ex - 177/159,177/159,Ultra Rare,Dragon,320,Stage 2,2,,,SV09: Journey Together,2025-03-28,Holofoil,1.88
623605,Dudunsparce ex - 178/159,178/159,Ultra Rare,Colorless,270,Stage 1,3,Fx2,,SV09: Journey Together,2025-03-28,Holofoil,1.46
623609,Volcanion ex - 182/159,182/159,Special Illustration Rare,Fire,220,Basic,3,Wx2,,SV09: Journey Together,2025-03-28,Holofoil,19.74
623610,Iono's Bellibolt ex - 183/159,183/159,Special Illustration Rare,Lightning,280,Stage 1,2,Fx2,,SV09: Journey Together,2025-03-28,Holofoil,38.31
623611,Lillie's Clefairy ex - 184/159,184/159,Special Illustration Rare,Psychic,190,Basic,1,Mx2,,SV09: Journey Together,2025-03-28,Holofoil,103.08
623612,N's Zoroark ex - 185/159,185/159,Special Illustration Rare,Darkness,280,Stage 1,2,Gx2,,SV09: Journey Together,2025-03-28,Holofoil,45.07
623613,Hop's Zacian ex - 186/159,186/159,Special Illustration Rare,Metal,230,Basic,2,Rx2,G-30,SV09: Journey Together,2025-03-28,Holofoil,31.13
623614,Salamence ex - 187/159,187/159,Special Illustration Rare,Dragon,320,Stage 2,2,,,SV09: Journey Together,2025-03-28,Holofoil,57.08
623615,Iono's Bellibolt ex - 188/159,188/159,Hyper Rare,Lightning,280,Stage 1,2,Fx2,,SV09: Journey Together,2025-03-28,Holofoil,14.36
623616,N's Zoroark ex - 189/159,189/159,Hyper Rare,Darkness,280,Stage 1,2,Gx2,,SV09: Journey Together,2025-03-28,Holofoil,14.15
624677,N's Reshiram - 167/159,167/159,Illustration Rare,Dragon,130,Basic,2,,,SV09: Journey Together,2025-03-28,Holofoil,15.28
83446,Abra,067/110,Common,Psychic,30,Basic,,P,,Legendary Collection,2002-05-24,Normal,1.06
83446,Abra,067/110,Common,Psychic,30,Basic,,P,,Legendary Collection,2002-05-24,Reverse Holofoil,109.12
83496,Alakazam,001/110,Holo Rare,Psychic,80,Stage 2,3,P,,Legendary Collection,2002-05-24,Holofoil,75.74
83496,Alakazam,001/110,Holo Rare,Psychic,80,Stage 2,3,P,,Legendary Collection,2002-05-24,Reverse Holofoil,321.1
83581,Arcanine,036/110,Uncommon,Fire,100,Stage 1,3,W,,Legendary Collection,2002-05-24,Normal,8.43
83581,Arcanine,036/110,Uncommon,Fire,100,Stage 1,3,W,,Legendary Collection,2002-05-24,Reverse Holofoil,250.0
83643,Articuno,002/110,Holo Rare,Water,70,Basic,2,,F-30,Legendary Collection,2002-05-24,Holofoil,69.99
83643,Articuno,002/110,Holo Rare,Water,70,Basic,2,,F-30,Legendary Collection,2002-05-24,Reverse Holofoil,749.99
83768,Beedrill,020/110,Rare,Grass,80,Stage 2,,R,F-30,Legendary Collection,2002-05-24,Normal,5.85
83768,Beedrill,020/110,Rare,Grass,80,Stage 2,,R,F-30,Legendary Collection,2002-05-24,Reverse Holofoil,149.99
84025,Bulbasaur,068/110,Common,Grass,40,Basic,1,R,,Legendary Collection,2002-05-24,Normal,7.21
84025,Bulbasaur,068/110,Common,Grass,40,Basic,1,R,,Legendary Collection,2002-05-24,Reverse Holofoil,500.0
84062,Butterfree,021/110,Rare,Grass,70,Stage 2,,R,F-30,Legendary Collection,2002-05-24,Normal,9.46
84062,Butterfree,021/110,Rare,Grass,70,Stage 2,,R,F-30,Legendary Collection,2002-05-24,Reverse Holofoil,228.41
84134,Caterpie,069/110,Common,Grass,40,Basic,1,R,,Legendary Collection,2002-05-24,Normal,1.06
84134,Caterpie,069/110,Common,Grass,40,Basic,1,R,,Legendary Collection,2002-05-24,Reverse Holofoil,99.95
84196,Charizard,003/110,Holo Rare,Fire,120,Stage 2,3,W,F-30,Legendary Collection,2002-05-24,Holofoil,899.99
84196,Charizard,003/110,Holo Rare,Fire,120,Stage 2,3,W,F-30,Legendary Collection,2002-05-24,Reverse Holofoil,1399.31
84205,Charmander,070/110,Common,Fire,50,Basic,1,W,,Legendary Collection,2002-05-24,Normal,2.07
84205,Charmander,070/110,Common,Fire,50,Basic,1,W,,Legendary Collection,2002-05-24,Reverse Holofoil,616.33
84223,Charmeleon,037/110,Uncommon,Fire,80,Stage 1,1,W,,Legendary Collection,2002-05-24,Normal,1.71
84223,Charmeleon,037/110,Uncommon,Fire,80,Stage 1,1,W,,Legendary Collection,2002-05-24,Reverse Holofoil,375.0
84569,Dark Blastoise,004/110,Holo Rare,Water,70,Stage 2,2,L,,Legendary Collection,2002-05-24,Holofoil,213.49
84569,Dark Blastoise,004/110,Holo Rare,Water,70,Stage 2,2,L,,Legendary Collection,2002-05-24,Reverse Holofoil,975.0
84581,Dark Dragonair,038/110,Uncommon,Colorless,60,Stage 1,2,,P-30,Legendary Collection,2002-05-24,Normal,5.28
84581,Dark Dragonair,038/110,Uncommon,Colorless,60,Stage 1,2,,P-30,Legendary Collection,2002-05-24,Reverse Holofoil,151.12
84585,Dark Dragonite,005/110,Holo Rare,Colorless,70,Stage 2,2,,F-30,Legendary Collection,2002-05-24,Holofoil,243.11
84585,Dark Dragonite,005/110,Holo Rare,Colorless,70,Stage 2,2,,F-30,Legendary Collection,2002-05-24,Reverse Holofoil,749.99
84637,Dark Persian,006/110,Holo Rare,Colorless,60,Stage 1,,F,P-30,Legendary Collection,2002-05-24,Holofoil,36.94
84637,Dark Persian,006/110,Holo Rare,Colorless,60,Stage 1,,F,P-30,Legendary Collection,2002-05-24,Reverse Holofoil,140.0
84646,Dark Raichu,007/110,Holo Rare,Lightning,70,Stage 1,1,F,,Legendary Collection,2002-05-24,Holofoil,74.66
84646,Dark Raichu,007/110,Holo Rare,Lightning,70,Stage 1,1,F,,Legendary Collection,2002-05-24,Reverse Holofoil,399.99
84653,Dark Slowbro,008/110,Holo Rare,Psychic,60,Stage 1,2,P,,Legendary Collection,2002-05-24,Holofoil,44.73
84653,Dark Slowbro,008/110,Holo Rare,Psychic,60,Stage 1,2,P,,Legendary Collection,2002-05-24,Reverse Holofoil,329.99
84664,Dark Vaporeon,009/110,Holo Rare,Water,60,Stage 1,1,L,,Legendary Collection,2002-05-24,Holofoil,134.96
84664,Dark Vaporeon,009/110,Holo Rare,Water,60,Stage 1,1,L,,Legendary Collection,2002-05-24,Reverse Holofoil,337.5
84669,Dark Wartortle,039/110,Uncommon,Water,60,Stage 1,1,L,,Legendary Collection,2002-05-24,Normal,3.59
84669,Dark Wartortle,039/110,Uncommon,Water,60,Stage 1,1,L,,Legendary Collection,2002-05-24,Reverse Holofoil,325.0
84788,Dewgong,040/110,Uncommon,Water,80,Stage 1,3,L,,Legendary Collection,2002-05-24,Normal,2.38
84788,Dewgong,040/110,Uncommon,Water,80,Stage 1,3,L,,Legendary Collection,2002-05-24,Reverse Holofoil,96.48
84847,Dodrio,041/110,Uncommon,Colorless,70,Stage 1,,L,F-30,Legendary Collection,2002-05-24,Normal,1.51
84847,Dodrio,041/110,Uncommon,Colorless,70,Stage 1,,L,F-30,Legendary Collection,2002-05-24,Reverse Holofoil,77.51
84858,Doduo,071/110,Common,Colorless,50,Basic,,L,F-30,Legendary Collection,2002-05-24,Normal,0.84
84858,Doduo,071/110,Common,Colorless,50,Basic,,L,F-30,Legendary Collection,2002-05-24,Reverse Holofoil,102.05
84930,Dratini,072/110,Common,Colorless,40,Basic,1,,P-30,Legendary Collection,2002-05-24,Normal,1.1
84930,Dratini,072/110,Common,Colorless,40,Basic,1,,P-30,Legendary Collection,2002-05-24,Reverse Holofoil,366.66
84970,Drowzee,073/110,Common,Psychic,50,Basic,1,P,,Legendary Collection,2002-05-24,Normal,0.69
84970,Drowzee,073/110,Common,Psychic,50,Basic,1,P,,Legendary Collection,2002-05-24,Reverse Holofoil,60.0
85079,Eevee,074/110,Common,Colorless,50,Basic,1,F,P-30,Legendary Collection,2002-05-24,Normal,5.44
85151,Electrode,022/110,Rare,Lightning,90,Stage 1,1,F,,Legendary Collection,2002-05-24,Normal,4.34
85151,Electrode,022/110,Rare,Lightning,90,Stage 1,1,F,,Legendary Collection,2002-05-24,Reverse Holofoil,75.47
85343,Exeggcute,075/110,Common,Grass,50,Basic,1,R,,Legendary Collection,2002-05-24,Normal,0.57
85343,Exeggcute,075/110,Common,Grass,50,Basic,1,R,,Legendary Collection,2002-05-24,Reverse Holofoil,92.5
85357,Exeggutor,023/110,Rare,Grass,80,Stage 1,3,R,,Legendary Collection,2002-05-24,Normal,4.79
85357,Exeggutor,023/110,Rare,Grass,80,Stage 1,3,R,,Legendary Collection,2002-05-24,Reverse Holofoil,70.19
85395,Fearow,042/110,Uncommon,Colorless,70,Stage 1,,L,F-30,Legendary Collection,2002-05-24,Normal,1.73
85395,Fearow,042/110,Uncommon,Colorless,70,Stage 1,,L,F-30,Legendary Collection,2002-05-24,Reverse Holofoil,70.0
85492,Flareon,010/110,Holo Rare,Fire,70,Stage 1,1,W,,Legendary Collection,2002-05-24,Holofoil,88.33
85492,Flareon,010/110,Holo Rare,Fire,70,Stage 1,1,W,,Legendary Collection,2002-05-24,Reverse Holofoil,156.79
85648,Gastly,076/110,Common,Psychic,50,Basic,,,F-30,Legendary Collection,2002-05-24,Normal,1.37
85648,Gastly,076/110,Common,Psychic,50,Basic,,,F-30,Legendary Collection,2002-05-24,Reverse Holofoil,135.04
85670,Gengar,011/110,Holo Rare,Psychic,80,Stage 2,1,,F-30,Legendary Collection,2002-05-24,Holofoil,289.99
85670,Gengar,011/110,Holo Rare,Psychic,80,Stage 2,1,,F-30,Legendary Collection,2002-05-24,Reverse Holofoil,1799.99
85685,Geodude,077/110,Common,Fighting,50,Basic,1,G,,Legendary Collection,2002-05-24,Normal,0.93
85685,Geodude,077/110,Common,Fighting,50,Basic,1,G,,Legendary Collection,2002-05-24,Reverse Holofoil,94.99
85812,Golduck,043/110,Uncommon,Water,70,Stage 1,1,L,,Legendary Collection,2002-05-24,Normal,2.93
85812,Golduck,043/110,Uncommon,Water,70,Stage 1,1,L,,Legendary Collection,2002-05-24,Reverse Holofoil,375.0
85822,Golem,024/110,Rare,Fighting,80,Stage 2,4,G,,Legendary Collection,2002-05-24,Normal,5.44
85822,Golem,024/110,Rare,Fighting,80,Stage 2,4,G,,Legendary Collection,2002-05-24,Reverse Holofoil,96.65
85887,Graveler,044/110,Uncommon,Fighting,60,Stage 1,2,G,,Legendary Collection,2002-05-24,Normal,1.62
85887,Graveler,044/110,Uncommon,Fighting,60,Stage 1,2,G,,Legendary Collection,2002-05-24,Reverse Holofoil,140.33
85906,Grimer,078/110,Common,Grass,50,Basic,1,P,,Legendary Collection,2002-05-24,Normal,0.66
85906,Grimer,078/110,Common,Grass,50,Basic,1,P,,Legendary Collection,2002-05-24,Reverse Holofoil,100.49
85948,Growlithe,045/110,Uncommon,Fire,60,Basic,1,W,,Legendary Collection,2002-05-24,Normal,8.45
85948,Growlithe,045/110,Uncommon,Fire,60,Basic,1,W,,Legendary Collection,2002-05-24,Reverse Holofoil,200.0
85989,Gyarados,012/110,Holo Rare,Water,100,Stage 1,3,G,F-30,Legendary Collection,2002-05-24,Holofoil,49.99
85989,Gyarados,012/110,Holo Rare,Water,100,Stage 1,3,G,F-30,Legendary Collection,2002-05-24,Reverse Holofoil,519.99
86022,Haunter,046/110,Uncommon,Psychic,50,Stage 1,,,F-30,Legendary Collection,2002-05-24,Normal,5.09
86022,Haunter,046/110,Uncommon,Psychic,50,Stage 1,,,F-30,Legendary Collection,2002-05-24,Reverse Holofoil,249.17
86101,Hitmonlee,013/110,Holo Rare,Fighting,60,Basic,1,P,,Legendary Collection,2002-05-24,Holofoil,37.66
86101,Hitmonlee,013/110,Holo Rare,Fighting,60,Basic,1,P,,Legendary Collection,2002-05-24,Reverse Holofoil,196.97
86251,Hypno,025/110,Rare,Psychic,90,Stage 1,2,P,,Legendary Collection,2002-05-24,Normal,6.48
86251,Hypno,025/110,Rare,Psychic,90,Stage 1,2,P,,Legendary Collection,2002-05-24,Reverse Holofoil,120.0
86295,Ivysaur,047/110,Uncommon,Grass,60,Stage 1,1,R,,Legendary Collection,2002-05-24,Normal,4.73
86295,Ivysaur,047/110,Uncommon,Grass,60,Stage 1,1,R,,Legendary Collection,2002-05-24,Reverse Holofoil,152.87
86339,Jolteon,014/110,Holo Rare,Lightning,70,Stage 1,1,F,,Legendary Collection,2002-05-24,Holofoil,73.57
86339,Jolteon,014/110,Holo Rare,Lightning,70,Stage 1,1,F,,Legendary Collection,2002-05-24,Reverse Holofoil,228.77
86371,Jynx,026/110,Rare,Psychic,70,Basic,2,P,,Legendary Collection,2002-05-24,Normal,7.22
86371,Jynx,026/110,Rare,Psychic,70,Basic,2,P,,Legendary Collection,2002-05-24,Reverse Holofoil,110.24
86381,Kabuto,048/110,Uncommon,Fighting,30,Stage 1,1,G,,Legendary Collection,2002-05-24,Normal,1.65
86381,Kabuto,048/110,Uncommon,Fighting,30,Stage 1,1,G,,Legendary Collection,2002-05-24,Reverse Holofoil,108.36
86395,Kabutops,027/110,Rare,Fighting,60,Stage 2,1,G,,Legendary Collection,2002-05-24,Normal,10.36
86395,Kabutops,027/110,Rare,Fighting,60,Stage 2,1,G,,Legendary Collection,2002-05-24,Reverse Holofoil,94.0
86404,Kadabra,049/110,Uncommon,Psychic,60,Stage 1,3,P,,Legendary Collection,2002-05-24,Normal,5.04
86404,Kadabra,049/110,Uncommon,Psychic,60,Stage 1,3,P,,Legendary Collection,2002-05-24,Reverse Holofoil,165.98
86409,Kakuna,050/110,Uncommon,Grass,80,Stage 1,2,R,,Legendary Collection,2002-05-24,Normal,1.73
86409,Kakuna,050/110,Uncommon,Grass,80,Stage 1,2,R,,Legendary Collection,2002-05-24,Reverse Holofoil,99.0
86957,Machamp,015/110,Holo Rare,Fighting,100,Stage 2,3,P,,Legendary Collection,2002-05-24,Holofoil,54.98
86957,Machamp,015/110,Holo Rare,Fighting,100,Stage 2,3,P,,Legendary Collection,2002-05-24,Reverse Holofoil,180.0
86976,Machoke,051/110,Uncommon,Fighting,80,Stage 1,3,P,,Legendary Collection,2002-05-24,Normal,2.63
86976,Machoke,051/110,Uncommon,Fighting,80,Stage 1,3,P,,Legendary Collection,2002-05-24,Reverse Holofoil,107.36
86990,Machop,079/110,Common,Fighting,50,Basic,1,P,,Legendary Collection,2002-05-24,Normal,0.65
86990,Machop,079/110,Common,Fighting,50,Basic,1,P,,Legendary Collection,2002-05-24,Reverse Holofoil,200.0
87022,Magikarp,052/110,Uncommon,Water,30,Basic,1,L,,Legendary Collection,2002-05-24,Normal,7.95
87022,Magikarp,052/110,Uncommon,Water,30,Basic,1,L,,Legendary Collection,2002-05-24,Reverse Holofoil,699.99
87070,Magnemite,080/110,Common,Lightning,40,Basic,1,F,,Legendary Collection,2002-05-24,Normal,0.62
87070,Magnemite,080/110,Common,Lightning,40,Basic,1,F,,Legendary Collection,2002-05-24,Reverse Holofoil,99.0
87099,Magneton,028/110,Rare,Lightning,80,Stage 1,2,F,,Legendary Collection,2002-05-24,Normal,3.27
87099,Magneton,028/110,Rare,Lightning,80,Stage 1,2,F,,Legendary Collection,2002-05-24,Reverse Holofoil,239.99
87171,Mankey,081/110,Common,Fighting,30,Basic,,P,,Legendary Collection,2002-05-24,Normal,0.53
87171,Mankey,081/110,Common,Fighting,30,Basic,,P,,Legendary Collection,2002-05-24,Reverse Holofoil,90.0
87311,Meowth,053/110,Uncommon,Colorless,50,Basic,1,F,P-30,Legendary Collection,2002-05-24,Normal,2.93
87311,Meowth,053/110,Uncommon,Colorless,50,Basic,1,F,P-30,Legendary Collection,2002-05-24,Reverse Holofoil,79.99
87387,Metapod,054/110,Uncommon,Grass,70,Stage 1,2,R,,Legendary Collection,2002-05-24,Normal,2.42
87387,Metapod,054/110,Uncommon,Grass,70,Stage 1,2,R,,Legendary Collection,2002-05-24,Reverse Holofoil,125.0
87419,Mewtwo,029/110,Rare,Psychic,60,Basic,1,P,,Legendary Collection,2002-05-24,Normal,53.56
87419,Mewtwo,029/110,Rare,Psychic,60,Basic,1,P,,Legendary Collection,2002-05-24,Reverse Holofoil,1042.66
87560,Moltres,030/110,Rare,Fire,70,Basic,2,,F-30,Legendary Collection,2002-05-24,Normal,13.59
87560,Moltres,030/110,Rare,Fire,70,Basic,2,,F-30,Legendary Collection,2002-05-24,Reverse Holofoil,100.74
87618,Muk,016/110,Holo Rare,Grass,70,Stage 1,2,P,,Legendary Collection,2002-05-24,Holofoil,21.47
87618,Muk,016/110,Holo Rare,Grass,70,Stage 1,2,P,,Legendary Collection,2002-05-24,Reverse Holofoil,81.97
87668,Mysterious Fossil,109/110,Common,Trainer,10,,,,,Legendary Collection,2002-05-24,Normal,0.76
87668,Mysterious Fossil,109/110,Common,Trainer,10,,,,,Legendary Collection,2002-05-24,Reverse Holofoil,54.12
87694,Nidoking,031/110,Rare,Grass,90,Stage 2,1,P,,Legendary Collection,2002-05-24,Normal,14.3
87694,Nidoking,031/110,Rare,Grass,90,Stage 2,1,P,,Legendary Collection,2002-05-24,Reverse Holofoil,225.5
87706,Nidoqueen,032/110,Rare,Grass,90,Stage 2,3,P,,Legendary Collection,2002-05-24,Normal,10.91
87706,Nidoqueen,032/110,Rare,Grass,90,Stage 2,3,P,,Legendary Collection,2002-05-24,Reverse Holofoil,153.05
87715,Nidoran F,082/110,Common,Grass,60,Basic,1,P,,Legendary Collection,2002-05-24,Normal,0.55
87715,Nidoran F,082/110,Common,Grass,60,Basic,1,P,,Legendary Collection,2002-05-24,Reverse Holofoil,128.33
87724,Nidoran M,083/110,Common,Grass,40,Basic,1,P,,Legendary Collection,2002-05-24,Normal,0.92
87724,Nidoran M,083/110,Common,Grass,40,Basic,1,P,,Legendary Collection,2002-05-24,Reverse Holofoil,80.65
87733,Nidorina,055/110,Uncommon,Grass,70,Stage 1,1,P,,Legendary Collection,2002-05-24,Normal,1.43
87733,Nidorina,055/110,Uncommon,Grass,70,Stage 1,1,P,,Legendary Collection,2002-05-24,Reverse Holofoil,149.99
87743,Nidorino,056/110,Uncommon,Grass,60,Stage 1,1,P,,Legendary Collection,2002-05-24,Normal,3.26
87743,Nidorino,056/110,Uncommon,Grass,60,Stage 1,1,P,,Legendary Collection,2002-05-24,Reverse Holofoil,110.98
87764,Ninetales,017/110,Holo Rare,Fire,80,Stage 1,1,W,,Legendary Collection,2002-05-24,Holofoil,69.83
87764,Ninetales,017/110,Holo Rare,Fire,80,Stage 1,1,W,,Legendary Collection,2002-05-24,Reverse Holofoil,350.95
87855,Omanyte,057/110,Uncommon,Water,40,Stage 1,1,G,,Legendary Collection,2002-05-24,Normal,2.31
87855,Omanyte,057/110,Uncommon,Water,40,Stage 1,1,G,,Legendary Collection,2002-05-24,Reverse Holofoil,86.55
87867,Omastar,058/110,Uncommon,Water,70,Stage 2,1,G,,Legendary Collection,2002-05-24,Normal,2.47
87867,Omastar,058/110,Uncommon,Water,70,Stage 2,1,G,,Legendary Collection,2002-05-24,Reverse Holofoil,114.7
87877,Onix,084/110,Common,Fighting,90,Basic,3,G,,Legendary Collection,2002-05-24,Normal,0.58
87877,Onix,084/110,Common,Fighting,90,Basic,3,G,,Legendary Collection,2002-05-24,Reverse Holofoil,149.16
88028,Pidgeot,033/110,Rare,Colorless,80,Stage 2,,L,F-30,Legendary Collection,2002-05-24,Normal,10.12
88028,Pidgeot,033/110,Rare,Colorless,80,Stage 2,,L,F-30,Legendary Collection,2002-05-24,Reverse Holofoil,152.5
88038,Pidgeotto,034/110,Rare,Colorless,60,Stage 1,1,L,F-30,Legendary Collection,2002-05-24,Normal,10.35
88038,Pidgeotto,034/110,Rare,Colorless,60,Stage 1,1,L,F-30,Legendary Collection,2002-05-24,Reverse Holofoil,149.99
88046,Pidgey,085/110,Common,Colorless,40,Basic,1,L,F-30,Legendary Collection,2002-05-24,Normal,1.42
88046,Pidgey,085/110,Common,Colorless,40,Basic,1,L,F-30,Legendary Collection,2002-05-24,Reverse Holofoil,150.0
88075,Pikachu,086/110,Common,Lightning,50,Basic,1,F,,Legendary Collection,2002-05-24,Normal,6.38
88075,Pikachu,086/110,Common,Lightning,50,Basic,1,F,,Legendary Collection,2002-05-24,Reverse Holofoil,1574.99
88282,Ponyta,087/110,Common,Fire,40,Basic,1,W,,Legendary Collection,2002-05-24,Normal,0.68
88282,Ponyta,087/110,Common,Fire,40,Basic,1,W,,Legendary Collection,2002-05-24,Reverse Holofoil,51.48
88361,Primeape,059/110,Uncommon,Fighting,70,Stage 1,1,P,,Legendary Collection,2002-05-24,Normal,1.67
88361,Primeape,059/110,Uncommon,Fighting,70,Stage 1,1,P,,Legendary Collection,2002-05-24,Reverse Holofoil,72.58
88434,Psyduck,088/110,Common,Water,50,Basic,1,L,,Legendary Collection,2002-05-24,Normal,9.92
88434,Psyduck,088/110,Common,Water,50,Basic,1,L,,Legendary Collection,2002-05-24,Reverse Holofoil,632.62
88579,Rapidash,060/110,Uncommon,Fire,70,Stage 1,,W,,Legendary Collection,2002-05-24,Normal,2.0
88579,Rapidash,060/110,Uncommon,Fire,70,Stage 1,,W,,Legendary Collection,2002-05-24,Reverse Holofoil,154.97
88601,Raticate,061/110,Uncommon,Colorless,60,Stage 1,1,F,P-30,Legendary Collection,2002-05-24,Normal,2.4
88601,Raticate,061/110,Uncommon,Colorless,60,Stage 1,1,F,P-30,Legendary Collection,2002-05-24,Reverse Holofoil,80.0
88612,Rattata,089/110,Common,Colorless,30,Basic,,F,P-30,Legendary Collection,2002-05-24,Normal,0.53
88612,Rattata,089/110,Common,Colorless,30,Basic,,F,P-30,Legendary Collection,2002-05-24,Reverse Holofoil,149.99
88730,Rhydon,035/110,Rare,Fighting,100,Stage 1,3,G,L-30,Legendary Collection,2002-05-24,Normal,7.68
88730,Rhydon,035/110,Rare,Fighting,100,Stage 1,3,G,L-30,Legendary Collection,2002-05-24,Reverse Holofoil,86.99
88738,Rhyhorn,090/110,Common,Fighting,70,Basic,3,G,L-30,Legendary Collection,2002-05-24,Normal,0.59
88738,Rhyhorn,090/110,Common,Fighting,70,Basic,3,G,L-30,Legendary Collection,2002-05-24,Reverse Holofoil,69.93
88920,Sandshrew,091/110,Common,Fighting,40,Basic,1,G,L-30,Legendary Collection,2002-05-24,Normal,0.72
88920,Sandshrew,091/110,Common,Fighting,40,Basic,1,G,L-30,Legendary Collection,2002-05-24,Reverse Holofoil,117.68
88930,Sandslash,062/110,Uncommon,Fighting,70,Stage 1,1,G,L-30,Legendary Collection,2002-05-24,Normal,1.45
88930,Sandslash,062/110,Uncommon,Fighting,70,Stage 1,1,G,L-30,Legendary Collection,2002-05-24,Reverse Holofoil,81.76
89011,Seadra,063/110,Uncommon,Water,60,Stage 1,1,L,,Legendary Collection,2002-05-24,Normal,2.08
89011,Seadra,063/110,Uncommon,Water,60,Stage 1,1,L,,Legendary Collection,2002-05-24,Reverse Holofoil,80.04
89049,Seel,092/110,Common,Water,60,Basic,1,L,,Legendary Collection,2002-05-24,Normal,0.7
89049,Seel,092/110,Common,Water,60,Basic,1,L,,Legendary Collection,2002-05-24,Reverse Holofoil,126.96
89324,Slowpoke,093/110,Common,Psychic,50,Basic,1,P,,Legendary Collection,2002-05-24,Normal,1.66
89324,Slowpoke,093/110,Common,Psychic,50,Basic,1,P,,Legendary Collection,2002-05-24,Reverse Holofoil,300.0
89386,Snorlax,064/110,Uncommon,Colorless,90,Basic,4,F,P-30,Legendary Collection,2002-05-24,Normal,21.29
89437,Spearow,094/110,Common,Colorless,50,Basic,,L,F-30,Legendary Collection,2002-05-24,Normal,0.55
89437,Spearow,094/110,Common,Colorless,50,Basic,,L,F-30,Legendary Collection,2002-05-24,Reverse Holofoil,100.0
89485,Squirtle,095/110,Common,Water,40,Basic,1,L,,Legendary Collection,2002-05-24,Normal,4.13
89485,Squirtle,095/110,Common,Water,40,Basic,1,L,,Legendary Collection,2002-05-24,Reverse Holofoil,550.0
89759,Tauros,065/110,Uncommon,Colorless,60,Basic,2,F,P-30,Legendary Collection,2002-05-24,Normal,1.47
89759,Tauros,065/110,Uncommon,Colorless,60,Basic,2,F,P-30,Legendary Collection,2002-05-24,Reverse Holofoil,104.71
89864,Tentacool,096/110,Common,Water,30,Basic,,L,,Legendary Collection,2002-05-24,Normal,0.69
89864,Tentacool,096/110,Common,Water,30,Basic,,L,,Legendary Collection,2002-05-24,Reverse Holofoil,131.02
89874,Tentacruel,066/110,Uncommon,Water,60,Stage 1,,L,,Legendary Collection,2002-05-24,Normal,1.57
89874,Tentacruel,066/110,Uncommon,Water,60,Stage 1,,L,,Legendary Collection,2002-05-24,Reverse Holofoil,90.75
90313,Venusaur,018/110,Holo Rare,Grass,100,Stage 2,2,R,,Legendary Collection,2002-05-24,Holofoil,155.49
90313,Venusaur,018/110,Holo Rare,Grass,100,Stage 2,2,R,,Legendary Collection,2002-05-24,Reverse Holofoil,799.99
90410,Voltorb,097/110,Common,Lightning,40,Basic,1,F,,Legendary Collection,2002-05-24,Normal,0.92
90410,Voltorb,097/110,Common,Lightning,40,Basic,1,F,,Legendary Collection,2002-05-24,Reverse Holofoil,99.96
90434,Vulpix,098/110,Common,Fire,50,Basic,1,W,,Legendary Collection,2002-05-24,Normal,1.59
90434,Vulpix,098/110,Common,Fire,50,Basic,1,W,,Legendary Collection,2002-05-24,Reverse Holofoil,169.95
90539,Weedle,099/110,Common,Grass,40,Basic,1,R,,Legendary Collection,2002-05-24,Normal,0.74
90539,Weedle,099/110,Common,Grass,40,Basic,1,R,,Legendary Collection,2002-05-24,Reverse Holofoil,102.5
90712,Zapdos,019/110,Holo Rare,Lightning,90,Basic,3,,F-30,Legendary Collection,2002-05-24,Holofoil,43.74
90712,Zapdos,019/110,Holo Rare,Lightning,90,Basic,3,,F-30,Legendary Collection,2002-05-24,Reverse Holofoil,412.99
614370,Charizard,001/015,Promo,Fire,170,Stage 2,3,Wx2,None,McDonald's Promos 2024,2025-01-21,Normal,2.79
614371,Pikachu,002/015,Promo,Lightning,60,Basic,1,Fx2,None,McDonald's Promos 2024,2025-01-21,Holofoil,4.97
614372,Miraidon,003/015,Promo,Lightning,120,Basic,1,Fx2,None,McDonald's Promos 2024,2025-01-21,Holofoil,0.58
614373,Jigglypuff,004/015,Promo,Psychic,60,Basic,1,Mx2,None,McDonald's Promos 2024,2025-01-21,Normal,0.29
614374,Hatenna,005/015,Promo,Psychic,60,Basic,1,Dx2,F-30,McDonald's Promos 2024,2025-01-21,Normal,0.26
614375,Dragapult,006/015,Promo,Psychic,150,Stage 2,1,Dx2,F-30,McDonald's Promos 2024,2025-01-21,Normal,0.36
614376,Quagsire,007/015,Promo,Fighting,120,Stage 1,2,Gx2,None,McDonald's Promos 2024,2025-01-21,Normal,0.25
614377,Koraidon,008/015,Promo,Fighting,130,Basic,2,Px2,None,McDonald's Promos 2024,2025-01-21,Holofoil,0.51
614378,Umbreon,009/015,Promo,Darkness,110,Stage 1,1,Gx2,None,McDonald's Promos 2024,2025-01-21,Normal,1.47
614379,Hydreigon,010/015,Promo,Darkness,180,Stage 2,3,Gx2,None,McDonald's Promos 2024,2025-01-21,Holofoil,0.47
614380,Roaring Moon,011/015,Promo,Darkness,140,Basic,2,Gx2,None,McDonald's Promos 2024,2025-01-21,Holofoil,0.48
614381,Dragonite,012/015,Promo,Dragon,180,Stage 2,3,,None,McDonald's Promos 2024,2025-01-21,Holofoil,6.28
614382,Eevee,013/015,Promo,Colorless,50,Basic,1,Fx2,None,McDonald's Promos 2024,2025-01-21,Normal,0.44
614383,Rayquaza,014/015,Promo,Colorless,130,Basic,2,Lx2,F-30,McDonald's Promos 2024,2025-01-21,Normal,1.33
614384,Drampa,015/015,Promo,Colorless,120,Basic,2,Fx2,None,McDonald's Promos 2024,2025-01-21,Holofoil,0.85
610356,Exeggcute,001/131,Common,Grass,60,Basic,1,Rx2,,SV: Prismatic Evolutions,2025-01-17,Normal,0.04
610356,Exeggcute,001/131,Common,Grass,60,Basic,1,Rx2,,SV: Prismatic Evolutions,2025-01-17,Reverse Holofoil,0.17
610357,Exeggutor,002/131,Uncommon,Grass,140,Stage 1,3,Rx2,,SV: Prismatic Evolutions,2025-01-17,Normal,0.08
610357,Exeggutor,002/131,Uncommon,Grass,140,Stage 1,3,Rx2,,SV: Prismatic Evolutions,2025-01-17,Reverse Holofoil,0.24
610358,Pinsir,003/131,Common,Grass,120,Basic,2,Rx2,,SV: Prismatic Evolutions,2025-01-17,Reverse Holofoil,0.09
610358,Pinsir,003/131,Common,Grass,120,Basic,2,Rx2,,SV: Prismatic Evolutions,2025-01-17,Normal,0.05
610359,Budew,004/131,Common,Grass,30,Basic,,Rx2,,SV: Prismatic Evolutions,2025-01-17,Reverse Holofoil,0.23
610359,Budew,004/131,Common,Grass,30,Basic,,Rx2,,SV: Prismatic Evolutions,2025-01-17,Normal,0.21
610360,Leafeon,005/131,Rare,Grass,120,Stage 1,1,Rx2,,SV: Prismatic Evolutions,2025-01-17,Reverse Holofoil,0.35
610360,Leafeon,005/131,Rare,Grass,120,Stage 1,1,Rx2,,SV: Prismatic Evolutions,2025-01-17,Holofoil,0.32
610361,Leafeon ex - 006/131,006/131,Double Rare,Grass,270,Stage 1,2,Rx2,,SV: Prismatic Evolutions,2025-01-17,Holofoil,4.84
610362,Cottonee,007/131,Common,Grass,60,Basic,1,Rx2,,SV: Prismatic Evolutions,2025-01-17,Normal,0.06
610362,Cottonee,007/131,Common,Grass,60,Basic,1,Rx2,,SV: Prismatic Evolutions,2025-01-17,Reverse Holofoil,0.08
610363,Whimsicott,008/131,Rare,Grass,100,Stage 1,1,Rx2,,SV: Prismatic Evolutions,2025-01-17,Holofoil,0.17
610363,Whimsicott,008/131,Rare,Grass,100,Stage 1,1,Rx2,,SV: Prismatic Evolutions,2025-01-17,Reverse Holofoil,0.24
610364,Applin,009/131,Common,Grass,40,Basic,1,Rx2,,SV: Prismatic Evolutions,2025-01-17,Normal,0.1
610364,Applin,009/131,Common,Grass,40,Basic,1,Rx2,,SV: Prismatic Evolutions,2025-01-17,Reverse Holofoil,0.2
610365,Dipplin,010/131,Uncommon,Grass,80,Stage 1,2,Rx2,,SV: Prismatic Evolutions,2025-01-17,Reverse Holofoil,0.23
610365,Dipplin,010/131,Uncommon,Grass,80,Stage 1,2,Rx2,,SV: Prismatic Evolutions,2025-01-17,Normal,0.14
610366,Hydrapple ex,011/131,Double Rare,Grass,330,Stage 2,3,Rx2,,SV: Prismatic Evolutions,2025-01-17,Holofoil,0.99
610367,Teal Mask Ogerpon ex - 012/131,012/131,Double Rare,Grass,210,Basic,1,Rx2,,SV: Prismatic Evolutions,2025-01-17,Holofoil,2.27
610368,Flareon,013/131,Rare,Fire,130,Stage 1,2,Wx2,,SV: Prismatic Evolutions,2025-01-17,Holofoil,0.3
610368,Flareon,013/131,Rare,Fire,130,Stage 1,2,Wx2,,SV: Prismatic Evolutions,2025-01-17,Reverse Holofoil,0.3
610369,Flareon ex - 014/131,014/131,Double Rare,Fire,270,Stage 1,2,Wx2,,SV: Prismatic Evolutions,2025-01-17,Holofoil,5.17
610370,Litleo,015/131,Common,Fire,70,Basic,1,Wx2,,SV: Prismatic Evolutions,2025-01-17,Reverse Holofoil,0.11
610370,Litleo,015/131,Common,Fire,70,Basic,1,Wx2,,SV: Prismatic Evolutions,2025-01-17,Normal,0.09
610371,Pyroar,016/131,Uncommon,Fire,120,Stage 1,2,Wx2,,SV: Prismatic Evolutions,2025-01-17,Reverse Holofoil,0.17
610371,Pyroar,016/131,Uncommon,Fire,120,Stage 1,2,Wx2,,SV: Prismatic Evolutions,2025-01-17,Normal,0.04
610372,Hearthflame Mask Ogerpon ex - 017/131,017/131,Double Rare,Fire,210,Basic,1,Wx2,,SV: Prismatic Evolutions,2025-01-17,Holofoil,0.83
610373,Slowpoke,018/131,Common,Water,70,Basic,2,Lx2,,SV: Prismatic Evolutions,2025-01-17,Reverse Holofoil,0.24
610373,Slowpoke,018/131,Common,Water,70,Basic,2,Lx2,,SV: Prismatic Evolutions,2025-01-17,Normal,0.18
610374,Slowking,019/131,Uncommon,Water,130,Stage 1,2,Lx2,,SV: Prismatic Evolutions,2025-01-17,Reverse Holofoil,0.28
610374,Slowking,019/131,Uncommon,Water,130,Stage 1,2,Lx2,,SV: Prismatic Evolutions,2025-01-17,Normal,0.11
610375,Goldeen,020/131,Common,Water,50,Basic,1,Lx2,,SV: Prismatic Evolutions,2025-01-17,Reverse Holofoil,0.23
610375,Goldeen,020/131,Common,Water,50,Basic,1,Lx2,,SV: Prismatic Evolutions,2025-01-17,Normal,0.09
610376,Seaking,021/131,Uncommon,Water,110,Stage 1,1,Lx2,,SV: Prismatic Evolutions,2025-01-17,Reverse Holofoil,0.24
610376,Seaking,021/131,Uncommon,Water,110,Stage 1,1,Lx2,,SV: Prismatic Evolutions,2025-01-17,Normal,0.17
610377,Vaporeon,022/131,Rare,Water,130,Stage 1,2,Lx2,,SV: Prismatic Evolutions,2025-01-17,Holofoil,0.33
610377,Vaporeon,022/131,Rare,Water,130,Stage 1,2,Lx2,,SV: Prismatic Evolutions,2025-01-17,Reverse Holofoil,0.35
610378,Vaporeon ex - 023/131,023/131,Double Rare,Water,280,Stage 1,2,Lx2,,SV: Prismatic Evolutions,2025-01-17,Holofoil,3.0
610379,Suicune,024/131,Uncommon,Water,120,Basic,1,Lx2,,SV: Prismatic Evolutions,2025-01-17,Reverse Holofoil,0.2
610379,Suicune,024/131,Uncommon,Water,120,Basic,1,Lx2,,SV: Prismatic Evolutions,2025-01-17,Normal,0.11
610380,Glaceon,025/131,Rare,Water,120,Stage 1,1,Mx2,,SV: Prismatic Evolutions,2025-01-17,Holofoil,0.31
610380,Glaceon,025/131,Rare,Water,120,Stage 1,1,Mx2,,SV: Prismatic Evolutions,2025-01-17,Reverse Holofoil,0.35
610381,Glaceon ex - 026/131,026/131,Double Rare,Water,270,Stage 1,1,Mx2,,SV: Prismatic Evolutions,2025-01-17,Holofoil,2.56
610382,Wellspring Mask Ogerpon ex - 027/131,027/131,Double Rare,Water,210,Basic,1,Lx2,,SV: Prismatic Evolutions,2025-01-17,Holofoil,0.86
610383,Pikachu ex - 028/131,028/131,Double Rare,Lightning,190,Basic,1,Fx2,,SV: Prismatic Evolutions,2025-01-17,Holofoil,2.58
610384,Jolteon,029/131,Rare,Lightning,110,Stage 1,0,Fx2,,SV: Prismatic Evolutions,2025-01-17,Holofoil,0.35
610384,Jolteon,029/131,Rare,Lightning,110,Stage 1,0,Fx2,,SV: Prismatic Evolutions,2025-01-17,Reverse Holofoil,0.38
610385,Jolteon ex - 030/131,030/131,Double Rare,Lightning,260,Stage 1,0,Fx2,,SV: Prismatic Evolutions,2025-01-17,Holofoil,4.51
610386,Iron Hands ex - 031/131,031/131,Double Rare,Lightning,230,Basic,4,Fx2,,SV: Prismatic Evolutions,2025-01-17,Holofoil,0.89
610387,Iron Thorns ex,032/131,Double Rare,Lightning,230,Basic,4,Fx2,,SV: Prismatic Evolutions,2025-01-17,Holofoil,0.81
610388,Espeon,033/131,Rare,Psychic,110,Stage 1,1,Dx2,F-30,SV: Prismatic Evolutions,2025-01-17,Reverse Holofoil,0.53
610388,Espeon,033/131,Rare,Psychic,110,Stage 1,1,Dx2,F-30,SV: Prismatic Evolutions,2025-01-17,Holofoil,0.4
610389,Espeon ex - 034/131,034/131,Double Rare,Psychic,270,Stage 1,1,Dx2,F-30,SV: Prismatic Evolutions,2025-01-17,Holofoil,4.62
610390,Duskull,035/131,Common,Psychic,60,Basic,1,Dx2,F-30,SV: Prismatic Evolutions,2025-01-17,Normal,0.15
610390,Duskull,035/131,Common,Psychic,60,Basic,1,Dx2,F-30,SV: Prismatic Evolutions,2025-01-17,Reverse Holofoil,0.25
610391,Dusclops,036/131,Common,Psychic,90,Stage 1,2,Dx2,F-30,SV: Prismatic Evolutions,2025-01-17,Reverse Holofoil,0.25
610391,Dusclops,036/131,Common,Psychic,90,Stage 1,2,Dx2,F-30,SV: Prismatic Evolutions,2025-01-17,Normal,0.23
610392,Dusknoir,037/131,Rare,Psychic,160,Stage 2,3,Dx2,F-30,SV: Prismatic Evolutions,2025-01-17,Reverse Holofoil,0.29
610392,Dusknoir,037/131,Rare,Psychic,160,Stage 2,3,Dx2,F-30,SV: Prismatic Evolutions,2025-01-17,Holofoil,0.29
610393,Spritzee,038/131,Common,Psychic,60,Basic,1,Mx2,,SV: Prismatic Evolutions,2025-01-17,Reverse Holofoil,0.16
610393,Spritzee,038/131,Common,Psychic,60,Basic,1,Mx2,,SV: Prismatic Evolutions,2025-01-17,Normal,0.06
610394,Aromatisse,039/131,Common,Psychic,120,Stage 1,1,Mx2,,SV: Prismatic Evolutions,2025-01-17,Reverse Holofoil,0.18
610394,Aromatisse,039/131,Common,Psychic,120,Stage 1,1,Mx2,,SV: Prismatic Evolutions,2025-01-17,Normal,0.06
610395,Sylveon,040/131,Rare,Psychic,120,Stage 1,1,Mx2,,SV: Prismatic Evolutions,2025-01-17,Holofoil,0.4
610395,Sylveon,040/131,Rare,Psychic,120,Stage 1,1,Mx2,,SV: Prismatic Evolutions,2025-01-17,Reverse Holofoil,0.43
610396,Sylveon ex - 041/131,041/131,Double Rare,Psychic,270,Stage 1,2,Mx2,,SV: Prismatic Evolutions,2025-01-17,Holofoil,2.57
610397,Scream Tail,042/131,Uncommon,Psychic,90,Basic,1,Dx2,F-30,SV: Prismatic Evolutions,2025-01-17,Normal,0.08
610397,Scream Tail,042/131,Uncommon,Psychic,90,Basic,1,Dx2,F-30,SV: Prismatic Evolutions,2025-01-17,Reverse Holofoil,0.18
610398,Flutter Mane,043/131,Rare,Psychic,90,Basic,1,Mx2,,SV: Prismatic Evolutions,2025-01-17,Holofoil,0.14
610398,Flutter Mane,043/131,Rare,Psychic,90,Basic,1,Mx2,,SV: Prismatic Evolutions,2025-01-17,Reverse Holofoil,0.19
610399,Munkidori,044/131,Rare,Psychic,110,Basic,1,Dx2,F-30,SV: Prismatic Evolutions,2025-01-17,Reverse Holofoil,0.29
610399,Munkidori,044/131,Rare,Psychic,110,Basic,1,Dx2,F-30,SV: Prismatic Evolutions,2025-01-17,Holofoil,0.25
610400,Fezandipiti,045/131,Rare,Psychic,120,Basic,1,Mx2,,SV: Prismatic Evolutions,2025-01-17,Holofoil,0.16
610400,Fezandipiti,045/131,Rare,Psychic,120,Basic,1,Mx2,,SV: Prismatic Evolutions,2025-01-17,Reverse Holofoil,0.17
610401,Iron Boulder,046/131,Rare,Psychic,140,Basic,3,Dx2,F-30,SV: Prismatic Evolutions,2025-01-17,Reverse Holofoil,0.16
610401,Iron Boulder,046/131,Rare,Psychic,140,Basic,3,Dx2,F-30,SV: Prismatic Evolutions,2025-01-17,Holofoil,0.17
610402,Larvitar,047/131,Common,Fighting,70,Basic,1,Gx2,,SV: Prismatic Evolutions,2025-01-17,Normal,0.08
610402,Larvitar,047/131,Common,Fighting,70,Basic,1,Gx2,,SV: Prismatic Evolutions,2025-01-17,Reverse Holofoil,0.12
610403,Pupitar,048/131,Common,Fighting,90,Stage 1,1,Gx2,,SV: Prismatic Evolutions,2025-01-17,Reverse Holofoil,0.17
610403,Pupitar,048/131,Common,Fighting,90,Stage 1,1,Gx2,,SV: Prismatic Evolutions,2025-01-17,Normal,0.03
610404,Groudon,049/131,Rare,Fighting,130,Basic,3,Gx2,,SV: Prismatic Evolutions,2025-01-17,Reverse Holofoil,0.2
610404,Groudon,049/131,Rare,Fighting,130,Basic,3,Gx2,,SV: Prismatic Evolutions,2025-01-17,Holofoil,0.08
610405,Riolu,050/131,Common,Fighting,70,Basic,1,Px2,,SV: Prismatic Evolutions,2025-01-17,Reverse Holofoil,0.26
610405,Riolu,050/131,Common,Fighting,70,Basic,1,Px2,,SV: Prismatic Evolutions,2025-01-17,Normal,0.15
610406,Lucario ex,051/131,Double Rare,Fighting,260,Stage 1,2,Px2,,SV: Prismatic Evolutions,2025-01-17,Holofoil,0.82
610407,Hippopotas,052/131,Common,Fighting,90,Basic,3,Gx2,,SV: Prismatic Evolutions,2025-01-17,Normal,0.04
610407,Hippopotas,052/131,Common,Fighting,90,Basic,3,Gx2,,SV: Prismatic Evolutions,2025-01-17,Reverse Holofoil,0.09
610408,Hippowdon,053/131,Common,Fighting,150,Stage 1,3,Gx2,,SV: Prismatic Evolutions,2025-01-17,Reverse Holofoil,0.16
610408,Hippowdon,053/131,Common,Fighting,150,Stage 1,3,Gx2,,SV: Prismatic Evolutions,2025-01-17,Normal,0.03
610409,Bloodmoon Ursaluna,054/131,Rare,Fighting,150,Basic,4,Gx2,,SV: Prismatic Evolutions,2025-01-17,Holofoil,0.14
610409,Bloodmoon Ursaluna,054/131,Rare,Fighting,150,Basic,4,Gx2,,SV: Prismatic Evolutions,2025-01-17,Reverse Holofoil,0.15
610410,Great Tusk,055/131,Uncommon,Fighting,140,Basic,3,Px2,,SV: Prismatic Evolutions,2025-01-17,Reverse Holofoil,0.15
610410,Great Tusk,055/131,Uncommon,Fighting,140,Basic,3,Px2,,SV: Prismatic Evolutions,2025-01-17,Normal,0.05
610411,Sandy Shocks ex - 056/131,056/131,Double Rare,Fighting,220,Basic,2,Gx2,,SV: Prismatic Evolutions,2025-01-17,Holofoil,0.73
610412,Okidogi,057/131,Rare,Fighting,130,Basic,2,Px2,,SV: Prismatic Evolutions,2025-01-17,Holofoil,0.08
610412,Okidogi,057/131,Rare,Fighting,130,Basic,2,Px2,,SV: Prismatic Evolutions,2025-01-17,Reverse Holofoil,0.2
610413,Cornerstone Mask Ogerpon ex - 058/131,058/131,Double Rare,Fighting,210,Basic,1,Gx2,,SV: Prismatic Evolutions,2025-01-17,Holofoil,0.92
610414,Umbreon,059/131,Rare,Darkness,110,Stage 1,1,Gx2,,SV: Prismatic Evolutions,2025-01-17,Holofoil,0.46
610414,Umbreon,059/131,Rare,Darkness,110,Stage 1,1,Gx2,,SV: Prismatic Evolutions,2025-01-17,Reverse Holofoil,0.69
610415,Umbreon ex - 060/131,060/131,Double Rare,Darkness,280,Stage 1,2,Gx2,,SV: Prismatic Evolutions,2025-01-17,Holofoil,8.53
610416,Sneasel,061/131,Common,Darkness,60,Basic,0,Gx2,,SV: Prismatic Evolutions,2025-01-17,Normal,0.05
610416,Sneasel,061/131,Common,Darkness,60,Basic,0,Gx2,,SV: Prismatic Evolutions,2025-01-17,Reverse Holofoil,0.22
610417,Houndour,062/131,Common,Darkness,70,Basic,1,Gx2,,SV: Prismatic Evolutions,2025-01-17,Reverse Holofoil,0.13
610417,Houndour,062/131,Common,Darkness,70,Basic,1,Gx2,,SV: Prismatic Evolutions,2025-01-17,Normal,0.11
610418,Houndoom,063/131,Common,Darkness,120,Stage 1,1,Gx2,,SV: Prismatic Evolutions,2025-01-17,Normal,0.09
610418,Houndoom,063/131,Common,Darkness,120,Stage 1,1,Gx2,,SV: Prismatic Evolutions,2025-01-17,Reverse Holofoil,0.2
610419,Tyranitar ex,064/131,Double Rare,Darkness,340,Stage 2,3,Gx2,,SV: Prismatic Evolutions,2025-01-17,Holofoil,0.77
610420,Roaring Moon,065/131,Rare,Darkness,140,Basic,2,Gx2,,SV: Prismatic Evolutions,2025-01-17,Reverse Holofoil,0.22
610420,Roaring Moon,065/131,Rare,Darkness,140,Basic,2,Gx2,,SV: Prismatic Evolutions,2025-01-17,Holofoil,0.17
610421,Bronzor,066/131,Common,Metal,70,Basic,1,Rx2,G-30,SV: Prismatic Evolutions,2025-01-17,Reverse Holofoil,0.1
610421,Bronzor,066/131,Common,Metal,70,Basic,1,Rx2,G-30,SV: Prismatic Evolutions,2025-01-17,Normal,0.03
610422,Bronzong,067/131,Uncommon,Metal,130,Stage 1,3,Rx2,G-30,SV: Prismatic Evolutions,2025-01-17,Normal,0.02
610422,Bronzong,067/131,Uncommon,Metal,130,Stage 1,3,Rx2,G-30,SV: Prismatic Evolutions,2025-01-17,Reverse Holofoil,0.13
610423,Heatran,068/131,Uncommon,Metal,130,Basic,3,Rx2,G-30,SV: Prismatic Evolutions,2025-01-17,Reverse Holofoil,0.16
610423,Heatran,068/131,Uncommon,Metal,130,Basic,3,Rx2,G-30,SV: Prismatic Evolutions,2025-01-17,Normal,0.05
610424,Duraludon,069/131,Common,Metal,130,Basic,2,Rx2,G-30,SV: Prismatic Evolutions,2025-01-17,Reverse Holofoil,0.16
610424,Duraludon,069/131,Common,Metal,130,Basic,2,Rx2,G-30,SV: Prismatic Evolutions,2025-01-17,Normal,0.04
610425,Archaludon,070/131,Rare,Metal,180,Stage 1,2,Rx2,G-30,SV: Prismatic Evolutions,2025-01-17,Holofoil,0.1
610425,Archaludon,070/131,Rare,Metal,180,Stage 1,2,Rx2,G-30,SV: Prismatic Evolutions,2025-01-17,Reverse Holofoil,0.12
610426,Dreepy,071/131,Common,Dragon,70,Basic,1,,,SV: Prismatic Evolutions,2025-01-17,Reverse Holofoil,0.19
610426,Dreepy,071/131,Common,Dragon,70,Basic,1,,,SV: Prismatic Evolutions,2025-01-17,Normal,0.14
610427,Drakloak,072/131,Common,Dragon,90,Stage 1,1,,,SV: Prismatic Evolutions,2025-01-17,Reverse Holofoil,0.24
610427,Drakloak,072/131,Common,Dragon,90,Stage 1,1,,,SV: Prismatic Evolutions,2025-01-17,Normal,0.17
610428,Dragapult ex - 073/131,073/131,Double Rare,Dragon,320,Stage 2,1,,,SV: Prismatic Evolutions,2025-01-17,Holofoil,1.47
610429,Eevee,074/131,Common,Colorless,50,Basic,1,Fx2,,SV: Prismatic Evolutions,2025-01-17,Reverse Holofoil,0.37
610429,Eevee,074/131,Common,Colorless,50,Basic,1,Fx2,,SV: Prismatic Evolutions,2025-01-17,Normal,0.18
610430,Eevee ex - 075/131,075/131,Double Rare,Colorless,200,Basic,1,Fx2,,SV: Prismatic Evolutions,2025-01-17,Holofoil,6.66
610431,Snorlax ex,076/131,Double Rare,Colorless,260,Basic,4,Fx2,,SV: Prismatic Evolutions,2025-01-17,Holofoil,1.6
610432,Hoothoot,077/131,Common,Colorless,80,Basic,2,Lx2,F-30,SV: Prismatic Evolutions,2025-01-17,Reverse Holofoil,0.18
610432,Hoothoot,077/131,Common,Colorless,80,Basic,2,Lx2,F-30,SV: Prismatic Evolutions,2025-01-17,Normal,0.08
610433,Noctowl,078/131,Rare,Colorless,100,Stage 1,1,Lx2,F-30,SV: Prismatic Evolutions,2025-01-17,Reverse Holofoil,0.23
610433,Noctowl,078/131,Rare,Colorless,100,Stage 1,1,Lx2,F-30,SV: Prismatic Evolutions,2025-01-17,Holofoil,0.19
610434,Dunsparce,079/131,Common,Colorless,60,Basic,0,Fx2,,SV: Prismatic Evolutions,2025-01-17,Normal,0.17
610434,Dunsparce,079/131,Common,Colorless,60,Basic,0,Fx2,,SV: Prismatic Evolutions,2025-01-17,Reverse Holofoil,0.2
610435,Dudunsparce,080/131,Rare,Colorless,140,Stage 1,3,Fx2,,SV: Prismatic Evolutions,2025-01-17,Reverse Holofoil,0.79
610435,Dudunsparce,080/131,Rare,Colorless,140,Stage 1,3,Fx2,,SV: Prismatic Evolutions,2025-01-17,Holofoil,0.48
610436,Miltank,081/131,Common,Colorless,130,Basic,2,Fx2,,SV: Prismatic Evolutions,2025-01-17,Reverse Holofoil,0.18
610436,Miltank,081/131,Common,Colorless,130,Basic,2,Fx2,,SV: Prismatic Evolutions,2025-01-17,Normal,0.08
610437,Lugia ex,082/131,Double Rare,Colorless,220,Basic,2,Lx2,F-30,SV: Prismatic Evolutions,2025-01-17,Holofoil,1.55
610438,Buneary,083/131,Common,Colorless,60,Basic,1,Fx2,,SV: Prismatic Evolutions,2025-01-17,Normal,0.08
610438,Buneary,083/131,Common,Colorless,60,Basic,1,Fx2,,SV: Prismatic Evolutions,2025-01-17,Reverse Holofoil,0.17
610439,Lopunny,084/131,Common,Colorless,90,Stage 1,1,Fx2,,SV: Prismatic Evolutions,2025-01-17,Reverse Holofoil,0.19
610439,Lopunny,084/131,Common,Colorless,90,Stage 1,1,Fx2,,SV: Prismatic Evolutions,2025-01-17,Normal,0.07
610440,Fan Rotom,085/131,Common,Colorless,70,Basic,1,Lx2,F-30,SV: Prismatic Evolutions,2025-01-17,Normal,0.15
610440,Fan Rotom,085/131,Common,Colorless,70,Basic,1,Lx2,F-30,SV: Prismatic Evolutions,2025-01-17,Reverse Holofoil,0.22
610441,Regigigas,086/131,Uncommon,Colorless,160,Basic,4,Fx2,,SV: Prismatic Evolutions,2025-01-17,Reverse Holofoil,0.19
610441,Regigigas,086/131,Uncommon,Colorless,160,Basic,4,Fx2,,SV: Prismatic Evolutions,2025-01-17,Normal,0.12
610442,Shaymin,087/131,Uncommon,Colorless,70,Basic,1,Lx2,F-30,SV: Prismatic Evolutions,2025-01-17,Reverse Holofoil,0.18
610442,Shaymin,087/131,Uncommon,Colorless,70,Basic,1,Lx2,F-30,SV: Prismatic Evolutions,2025-01-17,Normal,0.03
610443,Furfrou,088/131,Common,Colorless,100,Basic,1,Fx2,,SV: Prismatic Evolutions,2025-01-17,Reverse Holofoil,0.16
610443,Furfrou,088/131,Common,Colorless,100,Basic,1,Fx2,,SV: Prismatic Evolutions,2025-01-17,Normal,0.02
610444,Hawlucha,089/131,Uncommon,Colorless,80,Basic,1,Lx2,F-30,SV: Prismatic Evolutions,2025-01-17,Reverse Holofoil,0.21
610444,Hawlucha,089/131,Uncommon,Colorless,80,Basic,1,Lx2,F-30,SV: Prismatic Evolutions,2025-01-17,Normal,0.07
610445,Noibat,090/131,Common,Colorless,60,Basic,1,Lx2,F-30,SV: Prismatic Evolutions,2025-01-17,Normal,0.08
610445,Noibat,090/131,Common,Colorless,60,Basic,1,Lx2,F-30,SV: Prismatic Evolutions,2025-01-17,Reverse Holofoil,0.16
610446,Noivern ex,091/131,Double Rare,Colorless,270,Stage 1,1,Lx2,F-30,SV: Prismatic Evolutions,2025-01-17,Holofoil,0.73
610447,Terapagos ex - 092/131,092/131,Double Rare,Colorless,230,Basic,2,Fx2,,SV: Prismatic Evolutions,2025-01-17,Holofoil,0.83
610499,Leafeon ex - 144/131,144/131,Special Illustration Rare,Grass,270,Stage 1,2,Rx2,,SV: Prismatic Evolutions,2025-01-17,Holofoil,334.48
610500,Teal Mask Ogerpon ex - 145/131,145/131,Special Illustration Rare,Grass,210,Basic,1,Rx2,,SV: Prismatic Evolutions,2025-01-17,Holofoil,20.1
610501,Flareon ex - 146/131,146/131,Special Illustration Rare,Fire,270,Stage 1,2,Wx2,,SV: Prismatic Evolutions,2025-01-17,Holofoil,204.78
610502,Ceruledge ex,147/131,Special Illustration Rare,Fire,270,Stage 1,2,Wx2,,SV: Prismatic Evolutions,2025-01-17,Holofoil,101.62
610503,Hearthflame Mask Ogerpon ex - 148/131,148/131,Special Illustration Rare,Fire,210,Basic,1,Wx2,,SV: Prismatic Evolutions,2025-01-17,Holofoil,17.05
610504,Vaporeon ex - 149/131,149/131,Special Illustration Rare,Water,280,Stage 1,2,Lx2,,SV: Prismatic Evolutions,2025-01-17,Holofoil,292.05
610505,Glaceon ex - 150/131,150/131,Special Illustration Rare,Water,270,Stage 1,1,Mx2,,SV: Prismatic Evolutions,2025-01-17,Holofoil,289.46
610506,Palafin ex,151/131,Special Illustration Rare,Water,340,Stage 1,2,Lx2,,SV: Prismatic Evolutions,2025-01-17,Holofoil,41.41
610507,Wellspring Mask Ogerpon ex - 152/131,152/131,Special Illustration Rare,Water,210,Basic,1,Lx2,,SV: Prismatic Evolutions,2025-01-17,Holofoil,17.32
610508,Jolteon ex - 153/131,153/131,Special Illustration Rare,Lightning,260,Stage 1,0,Fx2,,SV: Prismatic Evolutions,2025-01-17,Holofoil,194.34
610509,Iron Hands ex - 154/131,154/131,Special Illustration Rare,Lightning,230,Basic,4,Fx2,,SV: Prismatic Evolutions,2025-01-17,Holofoil,29.52
610510,Espeon ex - 155/131,155/131,Special Illustration Rare,Psychic,270,Stage 1,1,Dx2,F-30,SV: Prismatic Evolutions,2025-01-17,Holofoil,316.81
610511,Sylveon ex - 156/131,156/131,Special Illustration Rare,Psychic,270,Stage 1,2,Mx2,,SV: Prismatic Evolutions,2025-01-17,Holofoil,533.45
610512,Iron Valiant ex,157/131,Special Illustration Rare,Psychic,220,Basic,2,Mx2,,SV: Prismatic Evolutions,2025-01-17,Holofoil,49.58
610513,Iron Crown ex,158/131,Special Illustration Rare,Psychic,220,Basic,2,Dx2,F-30,SV: Prismatic Evolutions,2025-01-17,Holofoil,35.13
610514,Sandy Shocks ex - 159/131,159/131,Special Illustration Rare,Fighting,220,Basic,2,Gx2,,SV: Prismatic Evolutions,2025-01-17,Holofoil,24.28
610515,Cornerstone Mask Ogerpon ex - 160/131,160/131,Special Illustration Rare,Fighting,210,Basic,1,Gx2,,SV: Prismatic Evolutions,2025-01-17,Holofoil,13.53
610516,Umbreon ex - 161/131,161/131,Special Illustration Rare,Darkness,280,Stage 1,2,Gx2,,SV: Prismatic Evolutions,2025-01-17,Holofoil,1430.09
610517,Roaring Moon ex,162/131,Special Illustration Rare,Darkness,230,Basic,2,Gx2,,SV: Prismatic Evolutions,2025-01-17,Holofoil,165.59
610518,Pecharunt ex,163/131,Special Illustration Rare,Darkness,190,Basic,1,Fx2,,SV: Prismatic Evolutions,2025-01-17,Holofoil,29.86
610519,Gholdengo ex,164/131,Special Illustration Rare,Metal,260,Stage 1,2,Rx2,G-30,SV: Prismatic Evolutions,2025-01-17,Holofoil,49.27
610520,Dragapult ex - 165/131,165/131,Special Illustration Rare,Dragon,320,Stage 2,1,,,SV: Prismatic Evolutions,2025-01-17,Holofoil,105.64
610521,Raging Bolt ex,166/131,Special Illustration Rare,Dragon,240,Basic,3,,,SV: Prismatic Evolutions,2025-01-17,Holofoil,66.55
610522,Eevee ex - 167/131,167/131,Special Illustration Rare,Colorless,200,Basic,1,Fx2,,SV: Prismatic Evolutions,2025-01-17,Holofoil,181.3
610523,Bloodmoon Ursaluna ex,168/131,Special Illustration Rare,Colorless,260,Basic,3,Fx2,,SV: Prismatic Evolutions,2025-01-17,Holofoil,61.27
610524,Terapagos ex - 169/131,169/131,Special Illustration Rare,Colorless,230,Basic,2,Fx2,,SV: Prismatic Evolutions,2025-01-17,Holofoil,32.01
610531,Iron Leaves ex,176/131,Hyper Rare,Grass,220,Basic,1,Rx2,,SV: Prismatic Evolutions,2025-01-17,Holofoil,6.39
610532,Teal Mask Ogerpon ex - 177/131,177/131,Hyper Rare,Grass,210,Basic,1,Rx2,,SV: Prismatic Evolutions,2025-01-17,Holofoil,8.09
610533,Walking Wake ex,178/131,Hyper Rare,Water,220,Basic,1,Lx2,,SV: Prismatic Evolutions,2025-01-17,Holofoil,6.42
610534,Pikachu ex - 179/131,179/131,Hyper Rare,Lightning,200,Basic,1,Fx2,,SV: Prismatic Evolutions,2025-01-17,Holofoil,61.04
610535,Terapagos ex - 180/131,180/131,Hyper Rare,Colorless,230,Basic,2,Fx2,,SV: Prismatic Evolutions,2025-01-17,Holofoil,11.95
610536,Exeggcute (Poke Ball Pattern),001/131,Common,Grass,60,Basic,1,Rx2,,SV: Prismatic Evolutions,2025-01-17,Holofoil,0.33
610537,Exeggutor (Poke Ball Pattern),002/131,Uncommon,Grass,140,Stage 1,3,Rx2,,SV: Prismatic Evolutions,2025-01-17,Holofoil,0.38
610538,Pinsir (Poke Ball Pattern),003/131,Common,Grass,120,Basic,2,Rx2,,SV: Prismatic Evolutions,2025-01-17,Holofoil,0.36
610539,Budew (Poke Ball Pattern),004/131,Common,Grass,30,Basic,,Rx2,,SV: Prismatic Evolutions,2025-01-17,Holofoil,0.72
610540,Leafeon (Poke Ball Pattern),005/131,Rare,Grass,120,Stage 1,1,Rx2,,SV: Prismatic Evolutions,2025-01-17,Holofoil,2.16
610541,Cottonee (Poke Ball Pattern),007/131,Common,Grass,60,Basic,1,Rx2,,SV: Prismatic Evolutions,2025-01-17,Holofoil,0.3
610542,Whimsicott (Poke Ball Pattern),008/131,Rare,Grass,100,Stage 1,1,Rx2,,SV: Prismatic Evolutions,2025-01-17,Holofoil,0.33
610543,Applin (Poke Ball Pattern),009/131,Common,Grass,40,Basic,1,Rx2,,SV: Prismatic Evolutions,2025-01-17,Holofoil,0.43
610544,Dipplin (Poke Ball Pattern),010/131,Uncommon,Grass,80,Stage 1,2,Rx2,,SV: Prismatic Evolutions,2025-01-17,Holofoil,0.4
610545,Flareon (Poke Ball Pattern),013/131,Rare,Fire,130,Stage 1,3,Wx2,,SV: Prismatic Evolutions,2025-01-17,Holofoil,1.55
610546,Litleo (Poke Ball Pattern),015/131,Common,Fire,70,Basic,1,Wx2,,SV: Prismatic Evolutions,2025-01-17,Holofoil,0.31
610547,Pyroar (Poke Ball Pattern),016/131,Uncommon,Fire,120,Stage 1,2,Wx2,,SV: Prismatic Evolutions,2025-01-17,Holofoil,0.33
610548,Slowpoke (Poke Ball Pattern),018/131,Common,Water,70,Basic,2,Lx2,,SV: Prismatic Evolutions,2025-01-17,Holofoil,0.56
610549,Slowking (Poke Ball Pattern),019/131,Uncommon,Water,130,Stage 1,2,Lx2,,SV: Prismatic Evolutions,2025-01-17,Holofoil,0.44
610550,Goldeen (Poke Ball Pattern),020/131,Common,Water,50,Basic,1,Lx2,,SV: Prismatic Evolutions,2025-01-17,Holofoil,0.44
610551,Seaking (Poke Ball Pattern),021/131,Uncommon,Water,110,Stage 1,1,Lx2,,SV: Prismatic Evolutions,2025-01-17,Holofoil,0.55
610552,Vaporeon (Poke Ball Pattern),022/131,Rare,Water,130,Stage 1,2,Lx2,,SV: Prismatic Evolutions,2025-01-17,Holofoil,1.4
610553,Suicune (Poke Ball Pattern),024/131,Uncommon,Water,120,Basic,1,Lx2,,SV: Prismatic Evolutions,2025-01-17,Holofoil,0.51
610554,Glaceon (Poke Ball Pattern),025/131,Rare,Water,120,Stage 1,1,Mx2,,SV: Prismatic Evolutions,2025-01-17,Holofoil,1.15
610555,Jolteon (Poke Ball Pattern),029/131,Rare,Lightning,110,Stage 1,0,Fx2,,SV: Prismatic Evolutions,2025-01-17,Holofoil,1.32
610557,Espeon (Poke Ball Pattern),033/131,Rare,Psychic,110,Stage 1,1,Dx2,F-30,SV: Prismatic Evolutions,2025-01-17,Holofoil,1.73
610558,Duskull (Poke Ball Pattern),035/131,Common,Psychic,60,Basic,1,Dx2,F-30,SV: Prismatic Evolutions,2025-01-17,Holofoil,0.76
610559,Dusclops (Poke Ball Pattern),036/131,Common,Psychic,90,Stage 1,2,Dx2,F-30,SV: Prismatic Evolutions,2025-01-17,Holofoil,0.45
610560,Dusknoir (Poke Ball Pattern),037/131,Rare,Psychic,160,Stage 2,3,Dx2,F-30,SV: Prismatic Evolutions,2025-01-17,Holofoil,0.49
610561,Spritzee (Poke Ball Pattern),038/131,Common,Psychic,60,Basic,1,Mx2,,SV: Prismatic Evolutions,2025-01-17,Holofoil,0.33
610562,Aromatisse (Poke Ball Pattern),039/131,Common,Psychic,120,Stage 1,1,Mx2,,SV: Prismatic Evolutions,2025-01-17,Holofoil,0.3
610563,Sylveon (Poke Ball Pattern),040/131,Rare,Psychic,120,Stage 1,1,Mx2,,SV: Prismatic Evolutions,2025-01-17,Holofoil,3.1
610564,Scream Tail (Poke Ball Pattern),042/131,Uncommon,Psychic,90,Basic,1,Dx2,F-30,SV: Prismatic Evolutions,2025-01-17,Holofoil,0.36
610565,Flutter Mane (Poke Ball Pattern),043/131,Rare,Psychic,90,Basic,1,Mx2,,SV: Prismatic Evolutions,2025-01-17,Holofoil,0.45
610566,Munkidori (Poke Ball Pattern),044/131,Rare,Psychic,110,Basic,1,Dx2,F-30,SV: Prismatic Evolutions,2025-01-17,Holofoil,0.67
610567,Fezandipiti (Poke Ball Pattern),045/131,Rare,Psychic,120,Basic,1,Mx2,,SV: Prismatic Evolutions,2025-01-17,Holofoil,0.45
610568,Iron Boulder (Poke Ball Pattern),046/131,Rare,Psychic,140,Basic,3,Dx2,F-30,SV: Prismatic Evolutions,2025-01-17,Holofoil,0.32
610569,Larvitar (Poke Ball Pattern),047/131,Common,Fighting,70,Basic,1,Gx2,,SV: Prismatic Evolutions,2025-01-17,Holofoil,0.35
610570,Pupitar (Poke Ball Pattern),048/131,Common,Fighting,90,Stage 1,1,Gx2,,SV: Prismatic Evolutions,2025-01-17,Holofoil,0.33
610571,Groudon (Poke Ball Pattern),049/131,Rare,Fighting,130,Basic,3,Gx2,,SV: Prismatic Evolutions,2025-01-17,Holofoil,0.37
610572,Riolu (Poke Ball Pattern),050/131,Common,Fighting,70,Basic,1,Px2,,SV: Prismatic Evolutions,2025-01-17,Holofoil,0.57
610573,Hippopotas (Poke Ball Pattern),052/131,Common,Fighting,90,Basic,3,Gx2,,SV: Prismatic Evolutions,2025-01-17,Holofoil,0.3
610574,Hippowdon (Poke Ball Pattern),053/131,Common,Fighting,150,Stage 1,3,Gx2,,SV: Prismatic Evolutions,2025-01-17,Holofoil,0.27
610575,Bloodmoon Ursaluna (Poke Ball Pattern),054/131,Rare,Fighting,150,Basic,4,Gx2,,SV: Prismatic Evolutions,2025-01-17,Holofoil,0.42
610576,Great Tusk (Poke Ball Pattern),055/131,Uncommon,Fighting,140,Basic,3,Px2,,SV: Prismatic Evolutions,2025-01-17,Holofoil,0.34
610577,Okidogi (Poke Ball Pattern),057/131,Rare,Fighting,130,Basic,2,Px2,,SV: Prismatic Evolutions,2025-01-17,Holofoil,0.3
610578,Umbreon (Poke Ball Pattern),059/131,Rare,Darkness,110,Stage 1,1,Gx2,,SV: Prismatic Evolutions,2025-01-17,Holofoil,3.9
610579,Sneasel (Poke Ball Pattern),061/131,Common,Darkness,60,Basic,0,Gx2,,SV: Prismatic Evolutions,2025-01-17,Holofoil,0.33
610580,Houndour (Poke Ball Pattern),062/131,Common,Darkness,70,Basic,1,Gx2,,SV: Prismatic Evolutions,2025-01-17,Holofoil,0.36
610581,Houndoom (Poke Ball Pattern),063/131,Common,Darkness,120,Stage 1,1,Gx2,,SV: Prismatic Evolutions,2025-01-17,Holofoil,0.38
610582,Roaring Moon (Poke Ball Pattern),065/131,Rare,Darkness,140,Basic,2,Gx2,,SV: Prismatic Evolutions,2025-01-17,Holofoil,0.36
610583,Bronzor (Poke Ball Pattern),066/131,Common,Metal,70,Basic,1,Rx2,G-30,SV: Prismatic Evolutions,2025-01-17,Holofoil,0.29
610584,Bronzong (Poke Ball Pattern),067/131,Uncommon,Metal,130,Stage 1,3,Rx2,G-30,SV: Prismatic Evolutions,2025-01-17,Holofoil,0.32
610585,Heatran (Poke Ball Pattern),068/131,Uncommon,Metal,130,Basic,3,Rx2,G-30,SV: Prismatic Evolutions,2025-01-17,Holofoil,0.31
610586,Duraludon (Poke Ball Pattern),069/131,Common,Metal,130,Basic,2,Rx2,G-30,SV: Prismatic Evolutions,2025-01-17,Holofoil,0.29
610587,Archaludon (Poke Ball Pattern),070/131,Rare,Metal,180,Stage 1,2,Rx2,G-30,SV: Prismatic Evolutions,2025-01-17,Holofoil,0.28
610588,Dreepy (Poke Ball Pattern),071/131,Common,Dragon,70,Basic,1,,,SV: Prismatic Evolutions,2025-01-17,Holofoil,0.93
610589,Drakloak (Poke Ball Pattern),072/131,Common,Dragon,90,Stage 1,1,,,SV: Prismatic Evolutions,2025-01-17,Holofoil,0.85
610590,Eevee (Poke Ball Pattern),074/131,Common,Colorless,50,Basic,1,Fx2,,SV: Prismatic Evolutions,2025-01-17,Holofoil,1.42
610591,Hoothoot (Poke Ball Pattern),077/131,Common,Colorless,80,Basic,2,Lx2,F-30,SV: Prismatic Evolutions,2025-01-17,Holofoil,0.34
610592,Noctowl (Poke Ball Pattern),078/131,Rare,Colorless,100,Stage 1,1,Lx2,F-30,SV: Prismatic Evolutions,2025-01-17,Holofoil,0.39
610593,Dunsparce (Poke Ball Pattern),079/131,Common,Colorless,60,Basic,0,Fx2,,SV: Prismatic Evolutions,2025-01-17,Holofoil,0.52
610594,Dudunsparce (Poke Ball Pattern),080/131,Rare,Colorless,140,Stage 1,3,Fx2,,SV: Prismatic Evolutions,2025-01-17,Holofoil,1.31
610595,Miltank (Poke Ball Pattern),081/131,Common,Colorless,130,Basic,2,Fx2,,SV: Prismatic Evolutions,2025-01-17,Holofoil,0.31
610596,Buneary (Poke Ball Pattern),083/131,Common,Colorless,60,Basic,1,Fx2,,SV: Prismatic Evolutions,2025-01-17,Holofoil,0.36
610597,Lopunny (Poke Ball Pattern),084/131,Common,Colorless,90,Stage 1,1,Fx2,,SV: Prismatic Evolutions,2025-01-17,Holofoil,0.35
610598,Fan Rotom (Poke Ball Pattern),085/131,Common,Colorless,70,Basic,1,Lx2,F-30,SV: Prismatic Evolutions,2025-01-17,Holofoil,0.36
610599,Regigigas (Poke Ball Pattern),086/131,Uncommon,Colorless,160,Basic,4,Fx2,,SV: Prismatic Evolutions,2025-01-17,Holofoil,0.37
610600,Shaymin (Poke Ball Pattern),087/131,Uncommon,Colorless,70,Basic,1,Lx2,F-30,SV: Prismatic Evolutions,2025-01-17,Holofoil,0.32
610601,Furfrou (Poke Ball Pattern),088/131,Common,Colorless,100,Basic,1,Fx2,,SV: Prismatic Evolutions,2025-01-17,Holofoil,0.37
610602,Hawlucha (Poke Ball Pattern),089/131,Uncommon,Colorless,80,Basic,1,Lx2,F-30,SV: Prismatic Evolutions,2025-01-17,Holofoil,0.3
610603,Noibat (Poke Ball Pattern),090/131,Common,Colorless,60,Basic,1,Lx2,F-30,SV: Prismatic Evolutions,2025-01-17,Holofoil,0.38
610637,Exeggcute (Master Ball Pattern),001/131,Common,Grass,60,Basic,1,Rx2,,SV: Prismatic Evolutions,2025-01-17,Holofoil,1.12
610638,Exeggutor (Master Ball Pattern),002/131,Uncommon,Grass,140,Stage 1,3,Rx2,,SV: Prismatic Evolutions,2025-01-17,Holofoil,10.59
610639,Pinsir (Master Ball Pattern),003/131,Common,Grass,120,Basic,2,Rx2,,SV: Prismatic Evolutions,2025-01-17,Holofoil,1.31
610640,Budew (Master Ball Pattern),004/131,Common,Grass,30,Basic,,Rx2,,SV: Prismatic Evolutions,2025-01-17,Holofoil,3.22
610641,Leafeon (Master Ball Pattern),005/131,Rare,Grass,120,Stage 1,1,Rx2,,SV: Prismatic Evolutions,2025-01-17,Holofoil,31.17
610642,Cottonee (Master Ball Pattern),007/131,Common,Grass,60,Basic,1,Rx2,,SV: Prismatic Evolutions,2025-01-17,Holofoil,1.11
610643,Whimsicott (Master Ball Pattern),008/131,Rare,Grass,100,Stage 1,1,Rx2,,SV: Prismatic Evolutions,2025-01-17,Holofoil,11.32
610644,Applin (Master Ball Pattern),009/131,Common,Grass,40,Basic,1,Rx2,,SV: Prismatic Evolutions,2025-01-17,Holofoil,2.37
610645,Dipplin (Master Ball Pattern),010/131,Uncommon,Grass,80,Stage 1,2,Rx2,,SV: Prismatic Evolutions,2025-01-17,Holofoil,2.77
610646,Flareon (Master Ball Pattern),013/131,Rare,Fire,130,Stage 1,4,Wx2,,SV: Prismatic Evolutions,2025-01-17,Holofoil,29.5
610647,Litleo (Master Ball Pattern),015/131,Common,Fire,70,Basic,1,Wx2,,SV: Prismatic Evolutions,2025-01-17,Holofoil,1.33
610648,Pyroar (Master Ball Pattern),016/131,Uncommon,Fire,120,Stage 1,2,Wx2,,SV: Prismatic Evolutions,2025-01-17,Holofoil,1.18
610649,Slowpoke (Master Ball Pattern),018/131,Common,Water,70,Basic,2,Lx2,,SV: Prismatic Evolutions,2025-01-17,Holofoil,7.33
610650,Slowking (Master Ball Pattern),019/131,Uncommon,Water,130,Stage 1,2,Lx2,,SV: Prismatic Evolutions,2025-01-17,Holofoil,2.06
610651,Goldeen (Master Ball Pattern),020/131,Common,Water,50,Basic,1,Lx2,,SV: Prismatic Evolutions,2025-01-17,Holofoil,3.24
610652,Seaking (Master Ball Pattern),021/131,Uncommon,Water,110,Stage 1,1,Lx2,,SV: Prismatic Evolutions,2025-01-17,Holofoil,4.75
610653,Vaporeon (Master Ball Pattern),022/131,Rare,Water,130,Stage 1,2,Lx2,,SV: Prismatic Evolutions,2025-01-17,Holofoil,38.8
610654,Suicune (Master Ball Pattern),024/131,Uncommon,Water,120,Basic,1,Lx2,,SV: Prismatic Evolutions,2025-01-17,Holofoil,12.93
610655,Glaceon (Master Ball Pattern),025/131,Rare,Water,120,Stage 1,1,Mx2,,SV: Prismatic Evolutions,2025-01-17,Holofoil,27.77
610656,Jolteon (Master Ball Pattern),029/131,Rare,Lightning,110,Stage 1,0,Fx2,,SV: Prismatic Evolutions,2025-01-17,Holofoil,31.15
610658,Espeon (Master Ball Pattern),033/131,Rare,Psychic,110,Stage 1,1,Dx2,F-30,SV: Prismatic Evolutions,2025-01-17,Holofoil,29.45
610659,Duskull (Master Ball Pattern),035/131,Common,Psychic,60,Basic,1,Dx2,F-30,SV: Prismatic Evolutions,2025-01-17,Holofoil,2.47
610660,Dusclops (Master Ball Pattern),036/131,Common,Psychic,90,Stage 1,2,Dx2,F-30,SV: Prismatic Evolutions,2025-01-17,Holofoil,2.26
610661,Dusknoir (Master Ball Pattern),037/131,Rare,Psychic,160,Stage 2,3,Dx2,F-30,SV: Prismatic Evolutions,2025-01-17,Holofoil,9.72
610662,Spritzee (Master Ball Pattern),038/131,Common,Psychic,60,Basic,1,Mx2,,SV: Prismatic Evolutions,2025-01-17,Holofoil,1.23
610663,Aromatisse (Master Ball Pattern),039/131,Common,Psychic,120,Stage 1,1,Mx2,,SV: Prismatic Evolutions,2025-01-17,Holofoil,7.03
610664,Sylveon (Master Ball Pattern),040/131,Rare,Psychic,120,Stage 1,1,Mx2,,SV: Prismatic Evolutions,2025-01-17,Holofoil,33.6
610665,Scream Tail (Master Ball Pattern),042/131,Uncommon,Psychic,90,Basic,1,Dx2,F-30,SV: Prismatic Evolutions,2025-01-17,Holofoil,9.26
610666,Flutter Mane (Master Ball Pattern),043/131,Rare,Psychic,90,Basic,1,Mx2,,SV: Prismatic Evolutions,2025-01-17,Holofoil,12.36
610667,Munkidori (Master Ball Pattern),044/131,Rare,Psychic,110,Basic,1,Dx2,F-30,SV: Prismatic Evolutions,2025-01-17,Holofoil,11.94
610668,Fezandipiti (Master Ball Pattern),045/131,Rare,Psychic,120,Basic,1,Mx2,,SV: Prismatic Evolutions,2025-01-17,Holofoil,5.92
610669,Iron Boulder (Master Ball Pattern),046/131,Rare,Psychic,140,Basic,3,Dx2,F-30,SV: Prismatic Evolutions,2025-01-17,Holofoil,7.92
610670,Larvitar (Master Ball Pattern),047/131,Common,Fighting,70,Basic,1,Gx2,,SV: Prismatic Evolutions,2025-01-17,Holofoil,2.37
610671,Pupitar (Master Ball Pattern),048/131,Common,Fighting,90,Stage 1,1,Gx2,,SV: Prismatic Evolutions,2025-01-17,Holofoil,9.17
610672,Groudon (Master Ball Pattern),049/131,Rare,Fighting,130,Basic,3,Gx2,,SV: Prismatic Evolutions,2025-01-17,Holofoil,10.38
610673,Riolu (Master Ball Pattern),050/131,Common,Fighting,70,Basic,1,Px2,,SV: Prismatic Evolutions,2025-01-17,Holofoil,16.5
610674,Hippopotas (Master Ball Pattern),052/131,Common,Fighting,90,Basic,3,Gx2,,SV: Prismatic Evolutions,2025-01-17,Holofoil,1.15
610675,Hippowdon (Master Ball Pattern),053/131,Common,Fighting,150,Stage 1,3,Gx2,,SV: Prismatic Evolutions,2025-01-17,Holofoil,5.96
610676,Bloodmoon Ursaluna (Master Ball Pattern),054/131,Rare,Fighting,150,Basic,4,Gx2,,SV: Prismatic Evolutions,2025-01-17,Holofoil,8.37
610677,Great Tusk (Master Ball Pattern),055/131,Uncommon,Fighting,140,Basic,3,Px2,,SV: Prismatic Evolutions,2025-01-17,Holofoil,6.26
610678,Okidogi (Master Ball Pattern),057/131,Rare,Fighting,130,Basic,2,Px2,,SV: Prismatic Evolutions,2025-01-17,Holofoil,6.48
610679,Umbreon (Master Ball Pattern),059/131,Rare,Darkness,110,Stage 1,1,Gx2,,SV: Prismatic Evolutions,2025-01-17,Holofoil,78.32
610680,Sneasel (Master Ball Pattern),061/131,Common,Darkness,60,Basic,0,Gx2,,SV: Prismatic Evolutions,2025-01-17,Holofoil,1.3
610681,Houndour (Master Ball Pattern),062/131,Common,Darkness,70,Basic,1,Gx2,,SV: Prismatic Evolutions,2025-01-17,Holofoil,1.41
610682,Houndoom (Master Ball Pattern),063/131,Common,Darkness,120,Stage 1,1,Gx2,,SV: Prismatic Evolutions,2025-01-17,Holofoil,11.17
610683,Roaring Moon (Master Ball Pattern),065/131,Rare,Darkness,140,Basic,2,Gx2,,SV: Prismatic Evolutions,2025-01-17,Holofoil,7.44
610684,Bronzor (Master Ball Pattern),066/131,Common,Metal,70,Basic,1,Rx2,G-30,SV: Prismatic Evolutions,2025-01-17,Holofoil,1.22
610685,Bronzong (Master Ball Pattern),067/131,Uncommon,Metal,130,Stage 1,3,Rx2,G-30,SV: Prismatic Evolutions,2025-01-17,Holofoil,5.25
610686,Heatran (Master Ball Pattern),068/131,Uncommon,Metal,130,Basic,3,Rx2,G-30,SV: Prismatic Evolutions,2025-01-17,Holofoil,1.25
610687,Duraludon (Master Ball Pattern),069/131,Common,Metal,130,Basic,2,Rx2,G-30,SV: Prismatic Evolutions,2025-01-17,Holofoil,2.11
610688,Archaludon (Master Ball Pattern),070/131,Rare,Metal,180,Stage 1,2,Rx2,G-30,SV: Prismatic Evolutions,2025-01-17,Holofoil,5.56
610689,Dreepy (Master Ball Pattern),071/131,Common,Dragon,70,Basic,1,,,SV: Prismatic Evolutions,2025-01-17,Holofoil,2.58
610690,Drakloak (Master Ball Pattern),072/131,Common,Dragon,90,Stage 1,1,,,SV: Prismatic Evolutions,2025-01-17,Holofoil,2.92
610691,Eevee (Master Ball Pattern),074/131,Common,Colorless,50,Basic,1,Fx2,,SV: Prismatic Evolutions,2025-01-17,Holofoil,19.27
610692,Hoothoot (Master Ball Pattern),077/131,Common,Colorless,80,Basic,2,Lx2,F-30,SV: Prismatic Evolutions,2025-01-17,Holofoil,1.53
610693,Noctowl (Master Ball Pattern),078/131,Rare,Colorless,100,Stage 1,1,Lx2,F-30,SV: Prismatic Evolutions,2025-01-17,Holofoil,8.16
610694,Dunsparce (Master Ball Pattern),079/131,Common,Colorless,60,Basic,0,Fx2,,SV: Prismatic Evolutions,2025-01-17,Holofoil,2.0
610695,Dudunsparce (Master Ball Pattern),080/131,Rare,Colorless,140,Stage 1,3,Fx2,,SV: Prismatic Evolutions,2025-01-17,Holofoil,19.67
610696,Miltank (Master Ball Pattern),081/131,Common,Colorless,130,Basic,2,Fx2,,SV: Prismatic Evolutions,2025-01-17,Holofoil,1.62
610697,Buneary (Master Ball Pattern),083/131,Common,Colorless,60,Basic,1,Fx2,,SV: Prismatic Evolutions,2025-01-17,Holofoil,1.47
610698,Lopunny (Master Ball Pattern),084/131,Common,Colorless,90,Stage 1,1,Fx2,,SV: Prismatic Evolutions,2025-01-17,Holofoil,8.88
610699,Fan Rotom (Master Ball Pattern),085/131,Common,Colorless,70,Basic,1,Lx2,F-30,SV: Prismatic Evolutions,2025-01-17,Holofoil,3.05
610700,Regigigas (Master Ball Pattern),086/131,Uncommon,Colorless,160,Basic,4,Fx2,,SV: Prismatic Evolutions,2025-01-17,Holofoil,1.64
610701,Shaymin (Master Ball Pattern),087/131,Uncommon,Colorless,70,Basic,1,Lx2,F-30,SV: Prismatic Evolutions,2025-01-17,Holofoil,6.62
610702,Furfrou (Master Ball Pattern),088/131,Common,Colorless,100,Basic,1,Fx2,,SV: Prismatic Evolutions,2025-01-17,Holofoil,9.68
610703,Hawlucha (Master Ball Pattern),089/131,Uncommon,Colorless,80,Basic,1,Lx2,F-30,SV: Prismatic Evolutions,2025-01-17,Holofoil,1.57
610704,Noibat (Master Ball Pattern),090/131,Common,Colorless,60,Basic,1,Lx2,F-30,SV: Prismatic Evolutions,2025-01-17,Holofoil,1.33
